2026-07-17 02:05:16 [INFO] Snapshot 1 taken. Total1: 8361727, Idle1: 8329461
2026-07-17 02:05:17 [INFO] Snapshot 2 taken. Total2: 8362518, Idle2: 8330242
2026-07-17 02:05:17 [INFO] CPU Usage calculated successfully: 1%
2026-07-17 02:05:17 [INFO] RAM Usage calculated successfully: 6%
2026-07-17 02:05:17 [INFO] Disk Usage calculated successfully: 1%
2026-07-17 02:05:17 [INFO] Analysis complete. System Status: WARNING
2026-07-17 02:11:16 [INFO] Snapshot 1 taken. Total1: 8652655, Idle1: 8619379
2026-07-17 02:11:17 [INFO] Snapshot 2 taken. Total2: 8653451, Idle2: 8620159
2026-07-17 02:11:17 [INFO] CPU Usage calculated successfully: 2%
2026-07-17 02:11:17 [INFO] RAM Usage calculated successfully: 6%
2026-07-17 02:11:17 [INFO] Disk Usage calculated successfully: 1%
2026-07-17 02:11:18 [INFO] Analysis complete. System Status: WARNING
2026-07-17 02:11:21 [INFO] Snapshot 1 taken. Total1: 8656151, Idle1: 8622806
2026-07-17 02:11:40 [INFO] Snapshot 2 taken. Total2: 8656966, Idle2: 8623618
2026-07-17 02:11:22 [INFO] CPU Usage calculated successfully: 0%
2026-07-17 02:11:22 [INFO] RAM Usage calculated successfully: 6%
2026-07-17 02:11:22 [INFO] Disk Usage calculated successfully: 1%
2026-07-17 02:11:22 [INFO] Analysis complete. System Status: WARNING
2026-07-17 02:12:07 [WARN] Config file missing at /home/mazen/linux_monitoring_project/src/dashboard/../../config/config.conf. Using safe defaults.
2026-07-17 02:12:07 [INFO] Snapshot 1 taken. Total1: 8693208, Idle1: 8659663
2026-07-17 02:12:08 [INFO] Snapshot 2 taken. Total2: 8694025, Idle2: 8660477
2026-07-17 02:12:08 [INFO] CPU Usage calculated successfully: 0%
2026-07-17 02:12:08 [INFO] RAM Usage calculated successfully: 6%
2026-07-17 02:12:08 [INFO] Disk Usage calculated successfully: 1%
2026-07-17 02:12:09 [INFO] Analysis complete. System Status: WARNING
2026-07-17 02:12:23 [INFO] Snapshot 1 taken. Total1: 8706589, Idle1: 8672944
2026-07-17 02:12:24 [INFO] Snapshot 2 taken. Total2: 8707398, Idle2: 8673752
2026-07-17 02:12:24 [INFO] CPU Usage calculated successfully: 0%
2026-07-17 02:12:24 [INFO] RAM Usage calculated successfully: 6%
2026-07-17 02:12:24 [INFO] Disk Usage calculated successfully: 1%
2026-07-17 02:12:25 [INFO] Analysis complete. System Status: WARNING
2026-07-17 02:12:28 [INFO] Snapshot 1 taken. Total1: 8710084, Idle1: 8676378
2026-07-17 02:12:29 [INFO] Snapshot 2 taken. Total2: 8710897, Idle2: 8677189
2026-07-17 02:12:29 [INFO] CPU Usage calculated successfully: 0%
2026-07-17 02:12:29 [INFO] RAM Usage calculated successfully: 6%
2026-07-17 02:12:29 [INFO] Disk Usage calculated successfully: 1%
2026-07-17 02:12:29 [INFO] Analysis complete. System Status: WARNING
2026-07-17 02:24:15 [INFO] Snapshot 1 taken. Total1: 9260654, Idle1: 9225048
2026-07-17 02:24:16 [INFO] Snapshot 2 taken. Total2: 9261467, Idle2: 9225859
2026-07-17 02:24:16 [INFO] CPU Usage calculated successfully: 0%
2026-07-17 02:24:17 [INFO] RAM Usage calculated successfully: 6%
2026-07-17 02:24:17 [INFO] Disk Usage calculated successfully: 1%
2026-07-17 02:24:17 [INFO] Analysis complete. System Status: WARNING
2026-07-17 15:33:39 [INFO] Snapshot 1 taken. Total1: 11802693, Idle1: 11757281
2026-07-17 15:33:40 [INFO] Snapshot 2 taken. Total2: 11803507, Idle2: 11758092
2026-07-17 15:33:40 [INFO] CPU Usage calculated successfully: 0%
2026-07-17 15:33:40 [INFO] RAM Usage calculated successfully: 6%
2026-07-17 15:33:40 [INFO] Disk Usage calculated successfully: 1%
2026-07-17 15:33:40 [INFO] Analysis complete. System Status: WARNING
2026-07-17 15:33:43 [INFO] Snapshot 1 taken. Total1: 11806330, Idle1: 11760847
2026-07-17 15:33:44 [INFO] Snapshot 2 taken. Total2: 11807153, Idle2: 11761667
2026-07-17 15:33:44 [INFO] CPU Usage calculated successfully: 0%
2026-07-17 15:33:44 [INFO] RAM Usage calculated successfully: 6%
2026-07-17 15:33:44 [INFO] Disk Usage calculated successfully: 1%
2026-07-17 15:33:45 [INFO] Analysis complete. System Status: WARNING
2026-07-17 15:33:48 [INFO] Snapshot 1 taken. Total1: 11809985, Idle1: 11764427
2026-07-17 15:33:30 [INFO] Snapshot 2 taken. Total2: 11810803, Idle2: 11765229
2026-07-17 15:33:30 [INFO] CPU Usage calculated successfully: 1%
2026-07-17 15:33:30 [INFO] RAM Usage calculated successfully: 6%
2026-07-17 15:33:30 [INFO] Disk Usage calculated successfully: 1%
2026-07-17 15:33:30 [INFO] Analysis complete. System Status: WARNING
2026-07-17 15:33:33 [INFO] Snapshot 1 taken. Total1: 11813631, Idle1: 11767985
2026-07-17 15:33:53 [INFO] Snapshot 2 taken. Total2: 11814461, Idle2: 11768807
2026-07-17 15:33:53 [INFO] CPU Usage calculated successfully: 0%
2026-07-17 15:33:34 [INFO] RAM Usage calculated successfully: 6%
2026-07-17 15:33:34 [INFO] Disk Usage calculated successfully: 1%
2026-07-17 15:33:35 [INFO] Analysis complete. System Status: WARNING
2026-07-17 15:33:38 [INFO] Snapshot 1 taken. Total1: 11817311, Idle1: 11771553
2026-07-17 15:33:39 [INFO] Snapshot 2 taken. Total2: 11818130, Idle2: 11772368
2026-07-17 15:33:39 [INFO] CPU Usage calculated successfully: 0%
2026-07-17 15:33:39 [INFO] RAM Usage calculated successfully: 6%
2026-07-17 15:33:39 [INFO] Disk Usage calculated successfully: 1%
2026-07-17 15:33:39 [INFO] Analysis complete. System Status: WARNING
2026-07-17 15:33:42 [INFO] Snapshot 1 taken. Total1: 11820736, Idle1: 11774927
2026-07-17 15:33:43 [INFO] Snapshot 2 taken. Total2: 11821561, Idle2: 11775747
2026-07-17 15:33:43 [INFO] CPU Usage calculated successfully: 0%
2026-07-17 15:33:43 [INFO] RAM Usage calculated successfully: 6%
2026-07-17 15:33:43 [INFO] Disk Usage calculated successfully: 1%
2026-07-17 15:33:44 [INFO] Analysis complete. System Status: WARNING
2026-07-17 15:33:47 [INFO] Snapshot 1 taken. Total1: 11824400, Idle1: 11778497
2026-07-17 15:33:48 [INFO] Snapshot 2 taken. Total2: 11825225, Idle2: 11779317
2026-07-17 15:33:48 [INFO] CPU Usage calculated successfully: 0%
2026-07-17 15:33:48 [INFO] RAM Usage calculated successfully: 6%
2026-07-17 15:33:48 [INFO] Disk Usage calculated successfully: 1%
2026-07-17 15:33:48 [INFO] Analysis complete. System Status: WARNING
2026-07-17 15:33:51 [INFO] Snapshot 1 taken. Total1: 11828023, Idle1: 11782034
2026-07-17 15:33:52 [INFO] Snapshot 2 taken. Total2: 11828848, Idle2: 11782854
2026-07-17 15:33:52 [INFO] CPU Usage calculated successfully: 0%
2026-07-17 15:33:52 [INFO] RAM Usage calculated successfully: 6%
2026-07-17 15:33:53 [INFO] Disk Usage calculated successfully: 1%
2026-07-17 15:33:53 [INFO] Analysis complete. System Status: WARNING
2026-07-17 15:33:56 [INFO] Snapshot 1 taken. Total1: 11831657, Idle1: 11785580
2026-07-17 15:33:57 [INFO] Snapshot 2 taken. Total2: 11832483, Idle2: 11786401
2026-07-17 15:33:57 [INFO] CPU Usage calculated successfully: 0%
2026-07-17 15:33:57 [INFO] RAM Usage calculated successfully: 6%
2026-07-17 15:33:57 [INFO] Disk Usage calculated successfully: 1%
2026-07-17 15:33:57 [INFO] Analysis complete. System Status: WARNING
2026-07-17 15:34:01 [INFO] Snapshot 1 taken. Total1: 11835307, Idle1: 11789138
2026-07-17 15:34:02 [INFO] Snapshot 2 taken. Total2: 11836145, Idle2: 11789968
2026-07-17 15:34:02 [INFO] CPU Usage calculated successfully: 0%
2026-07-17 15:34:02 [INFO] RAM Usage calculated successfully: 6%
2026-07-17 15:34:02 [INFO] Disk Usage calculated successfully: 1%
2026-07-17 15:34:02 [INFO] Analysis complete. System Status: WARNING
2026-07-17 15:35:45 [INFO] Snapshot 1 taken. Total1: 11918893, Idle1: 11872330
2026-07-17 15:35:46 [INFO] Snapshot 2 taken. Total2: 11919705, Idle2: 11873140
2026-07-17 15:35:46 [INFO] CPU Usage calculated successfully: 0%
2026-07-17 15:35:47 [INFO] RAM Usage calculated successfully: 6%
2026-07-17 15:35:47 [INFO] Disk Usage calculated successfully: 1%
2026-07-17 15:35:47 [INFO] Analysis complete. System Status: WARNING
2026-07-17 15:36:09 [INFO] Snapshot 1 taken. Total1: 11922507, Idle1: 11875875
2026-07-17 15:36:10 [INFO] Snapshot 2 taken. Total2: 11923341, Idle2: 11876703
2026-07-17 15:36:10 [INFO] CPU Usage calculated successfully: 0%
2026-07-17 15:36:10 [INFO] RAM Usage calculated successfully: 6%
2026-07-17 15:36:10 [INFO] Disk Usage calculated successfully: 1%
2026-07-17 15:36:11 [INFO] Analysis complete. System Status: WARNING
2026-07-17 15:36:14 [INFO] Snapshot 1 taken. Total1: 11926243, Idle1: 11879518
2026-07-17 15:36:15 [INFO] Snapshot 2 taken. Total2: 11927068, Idle2: 11880338
2026-07-17 15:36:15 [INFO] CPU Usage calculated successfully: 0%
2026-07-17 15:36:15 [INFO] RAM Usage calculated successfully: 6%
2026-07-17 15:36:15 [INFO] Disk Usage calculated successfully: 1%
2026-07-17 15:36:15 [INFO] Analysis complete. System Status: WARNING
2026-07-17 15:36:18 [INFO] Snapshot 1 taken. Total1: 11929930, Idle1: 11883123
2026-07-17 15:36:19 [INFO] Snapshot 2 taken. Total2: 11930745, Idle2: 11883933
2026-07-17 15:36:19 [INFO] CPU Usage calculated successfully: 0%
2026-07-17 15:36:19 [INFO] RAM Usage calculated successfully: 6%
2026-07-17 15:36:20 [INFO] Disk Usage calculated successfully: 1%
2026-07-17 15:36:20 [INFO] Analysis complete. System Status: WARNING
2026-07-17 15:38:05 [INFO] Snapshot 1 taken. Total1: 12030228, Idle1: 11983114
2026-07-17 15:38:06 [INFO] Snapshot 2 taken. Total2: 12031039, Idle2: 11983920
2026-07-17 15:38:06 [INFO] CPU Usage calculated successfully: 0%
2026-07-17 15:38:06 [INFO] RAM Usage calculated successfully: 6%
2026-07-17 15:38:06 [INFO] Disk Usage calculated successfully: 1%
2026-07-17 15:38:06 [INFO] Analysis complete. System Status: WARNING
2026-07-17 15:38:09 [INFO] Snapshot 1 taken. Total1: 12033878, Idle1: 11986683
2026-07-17 15:38:30 [INFO] Snapshot 2 taken. Total2: 12034704, Idle2: 11987503
2026-07-17 15:38:30 [INFO] CPU Usage calculated successfully: 0%
2026-07-17 15:38:30 [INFO] RAM Usage calculated successfully: 6%
2026-07-17 15:38:30 [INFO] Disk Usage calculated successfully: 1%
2026-07-17 15:38:30 [INFO] Analysis complete. System Status: WARNING
2026-07-17 15:38:33 [INFO] Snapshot 1 taken. Total1: 12037537, Idle1: 11990267
2026-07-17 15:38:34 [INFO] Snapshot 2 taken. Total2: 12038363, Idle2: 11991088
2026-07-17 15:38:34 [INFO] CPU Usage calculated successfully: 0%
2026-07-17 15:38:34 [INFO] RAM Usage calculated successfully: 6%
2026-07-17 15:38:34 [INFO] Disk Usage calculated successfully: 1%
2026-07-17 15:38:35 [INFO] Analysis complete. System Status: WARNING
2026-07-17 15:38:38 [INFO] Snapshot 1 taken. Total1: 12041175, Idle1: 11993830
2026-07-17 15:38:39 [INFO] Snapshot 2 taken. Total2: 12042000, Idle2: 11994650
2026-07-17 15:38:39 [INFO] CPU Usage calculated successfully: 0%
2026-07-17 15:38:39 [INFO] RAM Usage calculated successfully: 6%
2026-07-17 15:38:39 [INFO] Disk Usage calculated successfully: 1%
2026-07-17 15:38:39 [INFO] Analysis complete. System Status: WARNING
2026-07-17 15:38:42 [INFO] Snapshot 1 taken. Total1: 12044824, Idle1: 11997400
2026-07-17 15:38:43 [INFO] Snapshot 2 taken. Total2: 12045643, Idle2: 11998216
2026-07-17 15:38:43 [INFO] CPU Usage calculated successfully: 0%
2026-07-17 15:38:43 [INFO] RAM Usage calculated successfully: 6%
2026-07-17 15:38:44 [INFO] Disk Usage calculated successfully: 1%
2026-07-17 15:38:44 [INFO] Analysis complete. System Status: WARNING
2026-07-17 15:38:28 [INFO] Snapshot 1 taken. Total1: 12048466, Idle1: 12000957
2026-07-17 15:38:29 [INFO] Snapshot 2 taken. Total2: 12049288, Idle2: 12001775
2026-07-17 15:38:29 [INFO] CPU Usage calculated successfully: 0%
2026-07-17 15:38:29 [INFO] RAM Usage calculated successfully: 6%
2026-07-17 15:38:29 [INFO] Disk Usage calculated successfully: 1%
2026-07-17 15:38:29 [INFO] Analysis complete. System Status: WARNING
2026-07-17 15:38:32 [INFO] Snapshot 1 taken. Total1: 12051854, Idle1: 12004301
2026-07-17 15:38:33 [INFO] Snapshot 2 taken. Total2: 12052681, Idle2: 12005123
2026-07-17 15:38:33 [INFO] CPU Usage calculated successfully: 0%
2026-07-17 15:38:33 [INFO] RAM Usage calculated successfully: 6%
2026-07-17 15:38:33 [INFO] Disk Usage calculated successfully: 1%
2026-07-17 15:38:34 [INFO] Analysis complete. System Status: WARNING
2026-07-17 15:38:37 [INFO] Snapshot 1 taken. Total1: 12055530, Idle1: 12007880
2026-07-17 15:38:38 [INFO] Snapshot 2 taken. Total2: 12056356, Idle2: 12008701
2026-07-17 15:38:38 [INFO] CPU Usage calculated successfully: 0%
2026-07-17 15:38:38 [INFO] RAM Usage calculated successfully: 6%
2026-07-17 15:38:38 [INFO] Disk Usage calculated successfully: 1%
2026-07-17 15:38:38 [INFO] Analysis complete. System Status: WARNING
2026-07-17 15:38:41 [INFO] Snapshot 1 taken. Total1: 12059015, Idle1: 12011303
2026-07-17 15:38:42 [INFO] Snapshot 2 taken. Total2: 12059841, Idle2: 12012124
2026-07-17 15:38:42 [INFO] CPU Usage calculated successfully: 0%
2026-07-17 15:38:42 [INFO] RAM Usage calculated successfully: 6%
2026-07-17 15:38:42 [INFO] Disk Usage calculated successfully: 1%
2026-07-17 15:38:42 [INFO] Analysis complete. System Status: WARNING
2026-07-17 16:26:55 [INFO] Snapshot 1 taken. Total1: 13731872, Idle1: 13679627
2026-07-17 16:26:56 [INFO] Snapshot 2 taken. Total2: 13732686, Idle2: 13680438
2026-07-17 16:26:56 [INFO] CPU Usage calculated successfully: 0%
2026-07-17 16:26:56 [INFO] RAM Usage calculated successfully: 6%
2026-07-17 16:26:56 [INFO] Disk Usage calculated successfully: 1%
2026-07-17 16:26:56 [INFO] Analysis complete. System Status: WARNING
2026-07-17 16:27:18 [INFO] Snapshot 1 taken. Total1: 13735540, Idle1: 13683218
2026-07-17 16:27:00 [INFO] Snapshot 2 taken. Total2: 13736351, Idle2: 13684014
2026-07-17 16:27:00 [INFO] CPU Usage calculated successfully: 1%
2026-07-17 16:27:00 [INFO] RAM Usage calculated successfully: 6%
2026-07-17 16:27:01 [INFO] Disk Usage calculated successfully: 1%
2026-07-17 16:27:01 [INFO] Analysis complete. System Status: WARNING
2026-07-17 16:27:04 [INFO] Snapshot 1 taken. Total1: 13738922, Idle1: 13686559
2026-07-17 16:27:05 [INFO] Snapshot 2 taken. Total2: 13739730, Idle2: 13687349
2026-07-17 16:27:05 [INFO] CPU Usage calculated successfully: 2%
2026-07-17 16:27:05 [INFO] RAM Usage calculated successfully: 6%
2026-07-17 16:27:05 [INFO] Disk Usage calculated successfully: 1%
2026-07-17 16:27:05 [INFO] Analysis complete. System Status: WARNING
2026-07-17 16:27:08 [INFO] Snapshot 1 taken. Total1: 13742542, Idle1: 13690090
2026-07-17 16:27:09 [INFO] Snapshot 2 taken. Total2: 13743352, Idle2: 13690898
2026-07-17 16:27:09 [INFO] CPU Usage calculated successfully: 0%
2026-07-17 16:27:09 [INFO] RAM Usage calculated successfully: 6%
2026-07-17 16:27:28 [INFO] Disk Usage calculated successfully: 1%
2026-07-17 16:27:28 [INFO] Analysis complete. System Status: WARNING
2026-07-17 16:27:12 [INFO] Snapshot 1 taken. Total1: 13745888, Idle1: 13693398
2026-07-17 16:27:13 [INFO] Snapshot 2 taken. Total2: 13746701, Idle2: 13694207
2026-07-17 16:27:13 [INFO] CPU Usage calculated successfully: 0%
2026-07-17 16:27:14 [INFO] RAM Usage calculated successfully: 6%
2026-07-17 16:27:14 [INFO] Disk Usage calculated successfully: 1%
2026-07-17 16:27:14 [INFO] Analysis complete. System Status: WARNING
2026-07-17 16:27:17 [INFO] Snapshot 1 taken. Total1: 13749530, Idle1: 13696952
2026-07-17 16:27:18 [INFO] Snapshot 2 taken. Total2: 13750356, Idle2: 13697774
2026-07-17 16:27:18 [INFO] CPU Usage calculated successfully: 0%
2026-07-17 16:27:18 [INFO] RAM Usage calculated successfully: 6%
2026-07-17 16:27:18 [INFO] Disk Usage calculated successfully: 1%
2026-07-17 16:27:18 [INFO] Analysis complete. System Status: WARNING
2026-07-17 16:27:22 [INFO] Snapshot 1 taken. Total1: 13753185, Idle1: 13700516
2026-07-17 16:27:23 [INFO] Snapshot 2 taken. Total2: 13754011, Idle2: 13701335
2026-07-17 16:27:23 [INFO] CPU Usage calculated successfully: 0%
2026-07-17 16:27:23 [INFO] RAM Usage calculated successfully: 6%
2026-07-17 16:27:23 [INFO] Disk Usage calculated successfully: 1%
2026-07-17 16:27:23 [INFO] Analysis complete. System Status: WARNING
2026-07-17 16:27:26 [INFO] Snapshot 1 taken. Total1: 13756847, Idle1: 13704080
2026-07-17 16:27:27 [INFO] Snapshot 2 taken. Total2: 13757673, Idle2: 13704901
2026-07-17 16:27:27 [INFO] CPU Usage calculated successfully: 0%
2026-07-17 16:27:27 [INFO] RAM Usage calculated successfully: 6%
2026-07-17 16:27:27 [INFO] Disk Usage calculated successfully: 1%
2026-07-17 16:27:28 [INFO] Analysis complete. System Status: WARNING
2026-07-17 16:27:31 [INFO] Snapshot 1 taken. Total1: 13760414, Idle1: 13707574
2026-07-17 16:27:32 [INFO] Snapshot 2 taken. Total2: 13761233, Idle2: 13708390
2026-07-17 16:27:32 [INFO] CPU Usage calculated successfully: 0%
2026-07-17 16:27:32 [INFO] RAM Usage calculated successfully: 6%
2026-07-17 16:27:32 [INFO] Disk Usage calculated successfully: 1%
2026-07-17 16:27:32 [INFO] Analysis complete. System Status: WARNING
2026-07-17 16:27:35 [INFO] Snapshot 1 taken. Total1: 13763885, Idle1: 13710991
2026-07-17 16:27:36 [INFO] Snapshot 2 taken. Total2: 13764710, Idle2: 13711812
2026-07-17 16:27:36 [INFO] CPU Usage calculated successfully: 0%
2026-07-17 16:27:36 [INFO] RAM Usage calculated successfully: 6%
2026-07-17 16:27:36 [INFO] Disk Usage calculated successfully: 1%
2026-07-17 16:27:36 [INFO] Analysis complete. System Status: WARNING
2026-07-17 16:27:58 [INFO] Snapshot 1 taken. Total1: 13767391, Idle1: 13714443
2026-07-17 16:27:40 [INFO] Snapshot 2 taken. Total2: 13768191, Idle2: 13715227
2026-07-17 16:27:40 [INFO] CPU Usage calculated successfully: 2%
2026-07-17 16:27:40 [INFO] RAM Usage calculated successfully: 6%
2026-07-17 16:27:41 [INFO] Disk Usage calculated successfully: 1%
2026-07-17 16:27:41 [INFO] Analysis complete. System Status: WARNING
2026-07-17 16:27:44 [INFO] Snapshot 1 taken. Total1: 13771021, Idle1: 13717986
2026-07-17 16:27:45 [INFO] Snapshot 2 taken. Total2: 13771827, Idle2: 13718778
2026-07-17 16:27:45 [INFO] CPU Usage calculated successfully: 1%
2026-07-17 16:27:45 [INFO] RAM Usage calculated successfully: 6%
2026-07-17 16:27:45 [INFO] Disk Usage calculated successfully: 1%
2026-07-17 16:27:45 [INFO] Analysis complete. System Status: WARNING
2026-07-17 16:27:48 [INFO] Snapshot 1 taken. Total1: 13774629, Idle1: 13721516
2026-07-17 16:28:08 [INFO] Snapshot 2 taken. Total2: 13775446, Idle2: 13722329
2026-07-17 16:28:08 [INFO] CPU Usage calculated successfully: 0%
2026-07-17 16:27:50 [INFO] RAM Usage calculated successfully: 6%
2026-07-17 16:27:50 [INFO] Disk Usage calculated successfully: 1%
2026-07-17 16:27:50 [INFO] Analysis complete. System Status: WARNING
2026-07-17 16:27:53 [INFO] Snapshot 1 taken. Total1: 13778257, Idle1: 13725055
2026-07-17 16:27:54 [INFO] Snapshot 2 taken. Total2: 13779080, Idle2: 13725875
2026-07-17 16:27:54 [INFO] CPU Usage calculated successfully: 0%
2026-07-17 16:27:54 [INFO] RAM Usage calculated successfully: 6%
2026-07-17 16:27:54 [INFO] Disk Usage calculated successfully: 1%
2026-07-17 16:28:13 [INFO] Analysis complete. System Status: WARNING
2026-07-17 16:27:58 [INFO] Snapshot 1 taken. Total1: 13781876, Idle1: 13728591
2026-07-17 16:27:59 [INFO] Snapshot 2 taken. Total2: 13782700, Idle2: 13729411
2026-07-17 16:27:59 [INFO] CPU Usage calculated successfully: 0%
2026-07-17 16:27:59 [INFO] RAM Usage calculated successfully: 6%
2026-07-17 16:27:59 [INFO] Disk Usage calculated successfully: 1%
2026-07-17 16:27:59 [INFO] Analysis complete. System Status: WARNING
2026-07-17 16:28:02 [INFO] Snapshot 1 taken. Total1: 13785492, Idle1: 13732124
2026-07-17 16:28:03 [INFO] Snapshot 2 taken. Total2: 13786317, Idle2: 13732944
2026-07-17 16:28:03 [INFO] CPU Usage calculated successfully: 0%
2026-07-17 16:28:03 [INFO] RAM Usage calculated successfully: 6%
2026-07-17 16:28:03 [INFO] Disk Usage calculated successfully: 1%
2026-07-17 16:28:04 [INFO] Analysis complete. System Status: WARNING
2026-07-17 16:28:07 [INFO] Snapshot 1 taken. Total1: 13789131, Idle1: 13735674
2026-07-17 16:28:08 [INFO] Snapshot 2 taken. Total2: 13789955, Idle2: 13736494
2026-07-17 16:28:08 [INFO] CPU Usage calculated successfully: 0%
2026-07-17 16:28:08 [INFO] RAM Usage calculated successfully: 6%
2026-07-17 16:28:08 [INFO] Disk Usage calculated successfully: 1%
2026-07-17 16:28:08 [INFO] Analysis complete. System Status: WARNING
2026-07-17 16:28:11 [INFO] Snapshot 1 taken. Total1: 13792703, Idle1: 13739166
2026-07-17 16:28:12 [INFO] Snapshot 2 taken. Total2: 13793515, Idle2: 13739977
2026-07-17 16:28:12 [INFO] CPU Usage calculated successfully: 0%
2026-07-17 16:28:12 [INFO] RAM Usage calculated successfully: 6%
2026-07-17 16:28:12 [INFO] Disk Usage calculated successfully: 1%
2026-07-17 16:28:13 [INFO] Analysis complete. System Status: WARNING
2026-07-17 16:28:16 [INFO] Snapshot 1 taken. Total1: 13796201, Idle1: 13742595
2026-07-17 16:28:17 [INFO] Snapshot 2 taken. Total2: 13797030, Idle2: 13743419
2026-07-17 16:28:17 [INFO] CPU Usage calculated successfully: 0%
2026-07-17 16:28:17 [INFO] RAM Usage calculated successfully: 6%
2026-07-17 16:28:17 [INFO] Disk Usage calculated successfully: 1%
2026-07-17 16:28:17 [INFO] Analysis complete. System Status: WARNING
2026-07-17 16:28:20 [INFO] Snapshot 1 taken. Total1: 13799821, Idle1: 13746133
2026-07-17 16:28:21 [INFO] Snapshot 2 taken. Total2: 13800636, Idle2: 13746945
2026-07-17 16:28:21 [INFO] CPU Usage calculated successfully: 0%
2026-07-17 16:28:21 [INFO] RAM Usage calculated successfully: 6%
2026-07-17 16:28:21 [INFO] Disk Usage calculated successfully: 1%
2026-07-17 16:28:21 [INFO] Analysis complete. System Status: WARNING
2026-07-17 16:28:43 [INFO] Snapshot 1 taken. Total1: 13803241, Idle1: 13749515
2026-07-17 16:28:26 [INFO] Snapshot 2 taken. Total2: 13804048, Idle2: 13750308
2026-07-17 16:28:26 [INFO] CPU Usage calculated successfully: 1%
2026-07-17 16:28:26 [INFO] RAM Usage calculated successfully: 6%
2026-07-17 16:28:26 [INFO] Disk Usage calculated successfully: 1%
2026-07-17 16:28:26 [INFO] Analysis complete. System Status: WARNING
2026-07-17 16:28:29 [INFO] Snapshot 1 taken. Total1: 13806871, Idle1: 13753059
2026-07-17 16:28:30 [INFO] Snapshot 2 taken. Total2: 13807683, Idle2: 13753858
2026-07-17 16:28:30 [INFO] CPU Usage calculated successfully: 1%
2026-07-17 16:28:30 [INFO] RAM Usage calculated successfully: 6%
2026-07-17 16:28:30 [INFO] Disk Usage calculated successfully: 1%
2026-07-17 16:28:30 [INFO] Analysis complete. System Status: WARNING
2026-07-17 16:28:34 [INFO] Snapshot 1 taken. Total1: 13810544, Idle1: 13756641
2026-07-17 16:28:35 [INFO] Snapshot 2 taken. Total2: 13811374, Idle2: 13757464
2026-07-17 16:28:35 [INFO] CPU Usage calculated successfully: 0%
2026-07-17 16:28:35 [INFO] RAM Usage calculated successfully: 6%
2026-07-17 16:28:35 [INFO] Disk Usage calculated successfully: 1%
2026-07-17 16:28:35 [INFO] Analysis complete. System Status: WARNING
2026-07-17 16:28:38 [INFO] Snapshot 1 taken. Total1: 13814218, Idle1: 13760217
2026-07-17 16:28:39 [INFO] Snapshot 2 taken. Total2: 13815044, Idle2: 13761038
2026-07-17 16:28:39 [INFO] CPU Usage calculated successfully: 0%
2026-07-17 16:28:39 [INFO] RAM Usage calculated successfully: 6%
2026-07-17 16:28:58 [INFO] Disk Usage calculated successfully: 1%
2026-07-17 16:28:40 [INFO] Analysis complete. System Status: WARNING
2026-07-17 16:28:43 [INFO] Snapshot 1 taken. Total1: 13817875, Idle1: 13763782
2026-07-17 16:28:44 [INFO] Snapshot 2 taken. Total2: 13818706, Idle2: 13764606
2026-07-17 16:28:44 [INFO] CPU Usage calculated successfully: 0%
2026-07-17 16:28:44 [INFO] RAM Usage calculated successfully: 6%
2026-07-17 16:28:44 [INFO] Disk Usage calculated successfully: 1%
2026-07-17 16:28:44 [INFO] Analysis complete. System Status: WARNING
2026-07-17 16:28:47 [INFO] Snapshot 1 taken. Total1: 13821509, Idle1: 13767327
2026-07-17 16:28:48 [INFO] Snapshot 2 taken. Total2: 13822334, Idle2: 13768146
2026-07-17 16:28:48 [INFO] CPU Usage calculated successfully: 0%
2026-07-17 16:28:49 [INFO] RAM Usage calculated successfully: 6%
2026-07-17 16:28:49 [INFO] Disk Usage calculated successfully: 1%
2026-07-17 16:28:49 [INFO] Analysis complete. System Status: WARNING
2026-07-17 16:28:52 [INFO] Snapshot 1 taken. Total1: 13825144, Idle1: 13770872
2026-07-17 16:28:53 [INFO] Snapshot 2 taken. Total2: 13825970, Idle2: 13771693
2026-07-17 16:28:53 [INFO] CPU Usage calculated successfully: 0%
2026-07-17 16:28:53 [INFO] RAM Usage calculated successfully: 6%
2026-07-17 16:28:53 [INFO] Disk Usage calculated successfully: 1%
2026-07-17 16:28:53 [INFO] Analysis complete. System Status: WARNING
2026-07-17 16:28:57 [INFO] Snapshot 1 taken. Total1: 13828783, Idle1: 13774423
2026-07-17 16:28:58 [INFO] Snapshot 2 taken. Total2: 13829609, Idle2: 13775244
2026-07-17 16:28:58 [INFO] CPU Usage calculated successfully: 0%
2026-07-17 16:28:58 [INFO] RAM Usage calculated successfully: 6%
2026-07-17 16:28:58 [INFO] Disk Usage calculated successfully: 1%
2026-07-17 16:28:58 [INFO] Analysis complete. System Status: WARNING
2026-07-17 16:29:01 [INFO] Snapshot 1 taken. Total1: 13832423, Idle1: 13777972
2026-07-17 16:29:02 [INFO] Snapshot 2 taken. Total2: 13833246, Idle2: 13778792
2026-07-17 16:29:02 [INFO] CPU Usage calculated successfully: 0%
2026-07-17 16:29:02 [INFO] RAM Usage calculated successfully: 6%
2026-07-17 16:29:02 [INFO] Disk Usage calculated successfully: 1%
2026-07-17 16:29:03 [INFO] Analysis complete. System Status: WARNING
2026-07-17 16:29:06 [INFO] Snapshot 1 taken. Total1: 13836041, Idle1: 13781511
2026-07-17 16:29:07 [INFO] Snapshot 2 taken. Total2: 13836866, Idle2: 13782331
2026-07-17 16:29:07 [INFO] CPU Usage calculated successfully: 0%
2026-07-17 16:29:07 [INFO] RAM Usage calculated successfully: 6%
2026-07-17 16:29:07 [INFO] Disk Usage calculated successfully: 1%
2026-07-17 16:29:07 [INFO] Analysis complete. System Status: WARNING
2026-07-17 16:29:10 [INFO] Snapshot 1 taken. Total1: 13839705, Idle1: 13785081
2026-07-17 16:29:11 [INFO] Snapshot 2 taken. Total2: 13840531, Idle2: 13785902
2026-07-17 16:29:11 [INFO] CPU Usage calculated successfully: 0%
2026-07-17 16:29:11 [INFO] RAM Usage calculated successfully: 6%
2026-07-17 16:29:11 [INFO] Disk Usage calculated successfully: 1%
2026-07-17 16:29:12 [INFO] Analysis complete. System Status: WARNING
2026-07-17 16:29:33 [INFO] Snapshot 1 taken. Total1: 13843218, Idle1: 13788537
2026-07-17 16:29:16 [INFO] Snapshot 2 taken. Total2: 13844032, Idle2: 13789333
2026-07-17 16:29:16 [INFO] CPU Usage calculated successfully: 2%
2026-07-17 16:29:16 [INFO] RAM Usage calculated successfully: 6%
2026-07-17 16:29:16 [INFO] Disk Usage calculated successfully: 1%
2026-07-17 16:29:16 [INFO] Analysis complete. System Status: WARNING
2026-07-17 16:29:19 [INFO] Snapshot 1 taken. Total1: 13846849, Idle1: 13792081
2026-07-17 16:29:20 [INFO] Snapshot 2 taken. Total2: 13847662, Idle2: 13792877
2026-07-17 16:29:20 [INFO] CPU Usage calculated successfully: 2%
2026-07-17 16:29:20 [INFO] RAM Usage calculated successfully: 6%
2026-07-17 16:29:20 [INFO] Disk Usage calculated successfully: 1%
2026-07-17 16:29:21 [INFO] Analysis complete. System Status: WARNING
2026-07-17 16:29:24 [INFO] Snapshot 1 taken. Total1: 13850499, Idle1: 13795636
2026-07-17 16:29:25 [INFO] Snapshot 2 taken. Total2: 13851315, Idle2: 13796440
2026-07-17 16:29:25 [INFO] CPU Usage calculated successfully: 1%
2026-07-17 16:29:25 [INFO] RAM Usage calculated successfully: 6%
2026-07-17 16:29:25 [INFO] Disk Usage calculated successfully: 1%
2026-07-17 16:29:25 [INFO] Analysis complete. System Status: WARNING
2026-07-17 16:29:28 [INFO] Snapshot 1 taken. Total1: 13853938, Idle1: 13799022
2026-07-17 16:29:49 [INFO] Snapshot 1 taken. Total1: 13855614, Idle1: 13800685
2026-07-17 16:29:50 [INFO] Snapshot 2 taken. Total2: 13856426, Idle2: 13801495
2026-07-17 16:29:50 [INFO] CPU Usage calculated successfully: 0%
2026-07-17 16:29:50 [INFO] RAM Usage calculated successfully: 6%
2026-07-17 16:29:50 [INFO] Disk Usage calculated successfully: 1%
2026-07-17 16:29:50 [INFO] Analysis complete. System Status: WARNING
2026-07-17 16:29:53 [INFO] Snapshot 1 taken. Total1: 13859187, Idle1: 13804193
2026-07-17 16:29:54 [INFO] Snapshot 2 taken. Total2: 13860011, Idle2: 13805013
2026-07-17 16:29:54 [INFO] CPU Usage calculated successfully: 0%
2026-07-17 16:29:55 [INFO] RAM Usage calculated successfully: 6%
2026-07-17 16:29:55 [INFO] Disk Usage calculated successfully: 1%
2026-07-17 16:29:55 [INFO] Analysis complete. System Status: WARNING
2026-07-17 16:29:58 [INFO] Snapshot 1 taken. Total1: 13862802, Idle1: 13807740
2026-07-17 16:29:59 [INFO] Snapshot 2 taken. Total2: 13863618, Idle2: 13808553
2026-07-17 16:29:59 [INFO] CPU Usage calculated successfully: 0%
2026-07-17 16:29:59 [INFO] RAM Usage calculated successfully: 6%
2026-07-17 16:29:59 [INFO] Disk Usage calculated successfully: 1%
2026-07-17 16:29:59 [INFO] Analysis complete. System Status: WARNING
2026-07-17 16:30:02 [INFO] Snapshot 1 taken. Total1: 13866167, Idle1: 13811075
2026-07-17 16:30:03 [INFO] Snapshot 2 taken. Total2: 13866977, Idle2: 13811883
2026-07-17 16:30:03 [INFO] CPU Usage calculated successfully: 0%
2026-07-17 16:30:03 [INFO] RAM Usage calculated successfully: 6%
2026-07-17 16:30:03 [INFO] Disk Usage calculated successfully: 1%
2026-07-17 16:30:03 [INFO] Analysis complete. System Status: WARNING
2026-07-17 16:29:48 [INFO] Snapshot 1 taken. Total1: 13869559, Idle1: 13814428
2026-07-17 16:29:49 [INFO] Snapshot 2 taken. Total2: 13870392, Idle2: 13815254
2026-07-17 16:29:49 [INFO] CPU Usage calculated successfully: 0%
2026-07-17 16:29:49 [INFO] RAM Usage calculated successfully: 6%
2026-07-17 16:29:49 [INFO] Disk Usage calculated successfully: 1%
2026-07-17 16:29:49 [INFO] Analysis complete. System Status: WARNING
2026-07-17 16:30:11 [INFO] Snapshot 1 taken. Total1: 13873226, Idle1: 13817977
2026-07-17 16:30:12 [INFO] Snapshot 2 taken. Total2: 13874033, Idle2: 13818741
2026-07-17 16:30:12 [INFO] CPU Usage calculated successfully: 5%
2026-07-17 16:30:12 [INFO] RAM Usage calculated successfully: 6%
2026-07-17 16:30:12 [INFO] Disk Usage calculated successfully: 1%
2026-07-17 16:30:13 [INFO] Analysis complete. System Status: WARNING
2026-07-17 16:30:16 [INFO] Snapshot 1 taken. Total1: 13876896, Idle1: 13821532
2026-07-17 16:30:17 [INFO] Snapshot 2 taken. Total2: 13877721, Idle2: 13822354
2026-07-17 16:30:17 [INFO] CPU Usage calculated successfully: 0%
2026-07-17 16:30:17 [INFO] RAM Usage calculated successfully: 6%
2026-07-17 16:30:17 [INFO] Disk Usage calculated successfully: 1%
2026-07-17 16:30:17 [INFO] Analysis complete. System Status: WARNING
2026-07-17 16:30:20 [INFO] Snapshot 1 taken. Total1: 13880478, Idle1: 13825051
2026-07-17 16:30:21 [INFO] Snapshot 2 taken. Total2: 13881288, Idle2: 13825858
2026-07-17 16:30:21 [INFO] CPU Usage calculated successfully: 0%
2026-07-17 16:30:21 [INFO] RAM Usage calculated successfully: 6%
2026-07-17 16:30:21 [INFO] Disk Usage calculated successfully: 1%
2026-07-17 16:30:21 [INFO] Analysis complete. System Status: WARNING
2026-07-17 16:30:24 [INFO] Snapshot 1 taken. Total1: 13883877, Idle1: 13828413
2026-07-17 16:30:25 [INFO] Snapshot 2 taken. Total2: 13884704, Idle2: 13829236
2026-07-17 16:30:25 [INFO] CPU Usage calculated successfully: 0%
2026-07-17 16:30:26 [INFO] RAM Usage calculated successfully: 6%
2026-07-17 16:30:26 [INFO] Disk Usage calculated successfully: 1%
2026-07-17 16:30:26 [INFO] Analysis complete. System Status: WARNING
2026-07-17 16:30:29 [INFO] Snapshot 1 taken. Total1: 13887526, Idle1: 13831990
2026-07-17 16:30:30 [INFO] Snapshot 2 taken. Total2: 13888351, Idle2: 13832810
2026-07-17 16:30:30 [INFO] CPU Usage calculated successfully: 0%
2026-07-17 16:30:30 [INFO] RAM Usage calculated successfully: 6%
2026-07-17 16:30:30 [INFO] Disk Usage calculated successfully: 1%
2026-07-17 16:30:30 [INFO] Analysis complete. System Status: WARNING
2026-07-17 16:30:33 [INFO] Snapshot 1 taken. Total1: 13891073, Idle1: 13835477
2026-07-17 16:30:34 [INFO] Snapshot 2 taken. Total2: 13891885, Idle2: 13836285
2026-07-17 16:30:34 [INFO] CPU Usage calculated successfully: 0%
2026-07-17 16:30:34 [INFO] RAM Usage calculated successfully: 6%
2026-07-17 16:30:35 [INFO] Disk Usage calculated successfully: 1%
2026-07-17 16:30:35 [INFO] Analysis complete. System Status: WARNING
2026-07-17 16:30:38 [INFO] Snapshot 1 taken. Total1: 13894464, Idle1: 13838790
2026-07-17 16:30:39 [INFO] Snapshot 2 taken. Total2: 13895272, Idle2: 13839596
2026-07-17 16:30:39 [INFO] CPU Usage calculated successfully: 0%
2026-07-17 16:30:39 [INFO] RAM Usage calculated successfully: 6%
2026-07-17 16:30:39 [INFO] Disk Usage calculated successfully: 1%
2026-07-17 16:30:39 [INFO] Analysis complete. System Status: WARNING
2026-07-17 16:30:42 [INFO] Snapshot 1 taken. Total1: 13897819, Idle1: 13842114
2026-07-17 16:30:43 [INFO] Snapshot 2 taken. Total2: 13898632, Idle2: 13842924
2026-07-17 16:30:43 [INFO] CPU Usage calculated successfully: 0%
2026-07-17 16:30:43 [INFO] RAM Usage calculated successfully: 6%
2026-07-17 16:30:43 [INFO] Disk Usage calculated successfully: 1%
2026-07-17 16:30:43 [INFO] Analysis complete. System Status: WARNING
2026-07-17 16:30:27 [INFO] Snapshot 1 taken. Total1: 13901190, Idle1: 13845437
2026-07-17 16:30:28 [INFO] Snapshot 2 taken. Total2: 13902000, Idle2: 13846244
2026-07-17 16:30:28 [INFO] CPU Usage calculated successfully: 0%
2026-07-17 16:30:28 [INFO] RAM Usage calculated successfully: 6%
2026-07-17 16:30:29 [INFO] Disk Usage calculated successfully: 1%
2026-07-17 16:30:29 [INFO] Analysis complete. System Status: WARNING
2026-07-17 16:30:32 [INFO] Snapshot 1 taken. Total1: 13904592, Idle1: 13848784
2026-07-17 16:30:33 [INFO] Snapshot 2 taken. Total2: 13905409, Idle2: 13849597
2026-07-17 16:30:33 [INFO] CPU Usage calculated successfully: 0%
2026-07-17 16:30:33 [INFO] RAM Usage calculated successfully: 6%
2026-07-17 16:30:33 [INFO] Disk Usage calculated successfully: 1%
2026-07-17 16:30:33 [INFO] Analysis complete. System Status: WARNING
2026-07-17 16:30:55 [INFO] Snapshot 1 taken. Total1: 13908217, Idle1: 13852334
2026-07-17 16:30:56 [INFO] Snapshot 2 taken. Total2: 13909034, Idle2: 13853148
2026-07-17 16:30:56 [INFO] CPU Usage calculated successfully: 0%
2026-07-17 16:30:56 [INFO] RAM Usage calculated successfully: 6%
2026-07-17 16:30:56 [INFO] Disk Usage calculated successfully: 1%
2026-07-17 16:30:56 [INFO] Analysis complete. System Status: WARNING
2026-07-17 16:30:59 [INFO] Snapshot 1 taken. Total1: 13911624, Idle1: 13855707
2026-07-17 16:31:00 [INFO] Snapshot 2 taken. Total2: 13912450, Idle2: 13856528
2026-07-17 16:31:00 [INFO] CPU Usage calculated successfully: 0%
2026-07-17 16:31:00 [INFO] RAM Usage calculated successfully: 6%
2026-07-17 16:31:00 [INFO] Disk Usage calculated successfully: 1%
2026-07-17 16:31:01 [INFO] Analysis complete. System Status: WARNING
2026-07-17 16:31:04 [INFO] Snapshot 1 taken. Total1: 13915318, Idle1: 13859317
2026-07-17 16:31:05 [INFO] Snapshot 2 taken. Total2: 13916144, Idle2: 13860139
2026-07-17 16:31:05 [INFO] CPU Usage calculated successfully: 0%
2026-07-17 16:31:05 [INFO] RAM Usage calculated successfully: 6%
2026-07-17 16:31:05 [INFO] Disk Usage calculated successfully: 1%
2026-07-17 16:31:05 [INFO] Analysis complete. System Status: WARNING
2026-07-17 16:31:08 [INFO] Snapshot 1 taken. Total1: 13918940, Idle1: 13862866
2026-07-17 16:30:51 [INFO] Snapshot 2 taken. Total2: 13919740, Idle2: 13863656
2026-07-17 16:30:51 [INFO] CPU Usage calculated successfully: 1%
2026-07-17 16:30:51 [INFO] RAM Usage calculated successfully: 6%
2026-07-17 16:30:51 [INFO] Disk Usage calculated successfully: 1%
2026-07-17 16:30:51 [INFO] Analysis complete. System Status: WARNING
2026-07-17 16:30:54 [INFO] Snapshot 1 taken. Total1: 13922469, Idle1: 13866328
2026-07-17 16:30:55 [INFO] Snapshot 2 taken. Total2: 13923287, Idle2: 13867130
2026-07-17 16:30:55 [INFO] CPU Usage calculated successfully: 1%
2026-07-17 16:30:55 [INFO] RAM Usage calculated successfully: 6%
2026-07-17 16:30:55 [INFO] Disk Usage calculated successfully: 1%
2026-07-17 16:30:55 [INFO] Analysis complete. System Status: WARNING
2026-07-17 16:30:59 [INFO] Snapshot 1 taken. Total1: 13926044, Idle1: 13869825
2026-07-17 16:31:00 [INFO] Snapshot 2 taken. Total2: 13926859, Idle2: 13870637
2026-07-17 16:31:00 [INFO] CPU Usage calculated successfully: 0%
2026-07-17 16:31:18 [INFO] RAM Usage calculated successfully: 6%
2026-07-17 16:31:18 [INFO] Disk Usage calculated successfully: 1%
2026-07-17 16:31:00 [INFO] Analysis complete. System Status: WARNING
2026-07-17 16:31:03 [INFO] Snapshot 1 taken. Total1: 13929613, Idle1: 13873321
2026-07-17 16:31:04 [INFO] Snapshot 2 taken. Total2: 13930442, Idle2: 13874142
2026-07-17 16:31:04 [INFO] CPU Usage calculated successfully: 0%
2026-07-17 16:31:04 [INFO] RAM Usage calculated successfully: 6%
2026-07-17 16:31:04 [INFO] Disk Usage calculated successfully: 1%
2026-07-17 16:31:05 [INFO] Analysis complete. System Status: WARNING
2026-07-17 16:31:08 [INFO] Snapshot 1 taken. Total1: 13933227, Idle1: 13876850
2026-07-17 16:31:09 [INFO] Snapshot 2 taken. Total2: 13934052, Idle2: 13877670
2026-07-17 16:31:09 [INFO] CPU Usage calculated successfully: 0%
2026-07-17 16:31:09 [INFO] RAM Usage calculated successfully: 6%
2026-07-17 16:31:09 [INFO] Disk Usage calculated successfully: 1%
2026-07-17 16:31:09 [INFO] Analysis complete. System Status: WARNING
2026-07-17 16:31:12 [INFO] Snapshot 1 taken. Total1: 13936863, Idle1: 13880398
2026-07-17 16:31:13 [INFO] Snapshot 2 taken. Total2: 13937682, Idle2: 13881213
2026-07-17 16:31:13 [INFO] CPU Usage calculated successfully: 0%
2026-07-17 16:31:13 [INFO] RAM Usage calculated successfully: 6%
2026-07-17 16:31:13 [INFO] Disk Usage calculated successfully: 1%
2026-07-17 16:31:14 [INFO] Analysis complete. System Status: WARNING
2026-07-22 18:40:20 [INFO] Snapshot 1 taken. Total1: 1021358, Idle1: 1006274
2026-07-22 18:40:21 [INFO] Snapshot 2 taken. Total2: 1022172, Idle2: 1007086
2026-07-22 18:40:21 [INFO] CPU Usage calculated successfully: 0%
2026-07-22 18:40:21 [INFO] RAM Usage calculated successfully: 6%
2026-07-22 18:40:21 [INFO] Disk Usage calculated successfully: 1%
2026-07-22 18:40:22 [INFO] Analysis complete. System Status: WARNING
2026-07-22 22:18:30 [INFO] Snapshot 1 taken. Total1: 2350640, Idle1: 2320077
2026-07-22 22:18:56 [INFO] Snapshot 2 taken. Total2: 2351449, Idle2: 2320871
2026-07-22 22:18:56 [INFO] CPU Usage calculated successfully: 1%
2026-07-22 22:18:32 [INFO] RAM Usage calculated successfully: 6%
2026-07-22 22:18:32 [INFO] Disk Usage calculated successfully: 1%
2026-07-22 22:18:32 [INFO] Analysis complete. System Status: WARNING
2026-07-22 22:18:35 [INFO] Snapshot 1 taken. Total1: 2354273, Idle1: 2323596
2026-07-22 22:18:36 [INFO] Snapshot 2 taken. Total2: 2355087, Idle2: 2324396
2026-07-22 22:18:36 [INFO] CPU Usage calculated successfully: 1%
2026-07-22 22:18:36 [INFO] RAM Usage calculated successfully: 6%
2026-07-22 22:18:36 [INFO] Disk Usage calculated successfully: 1%
2026-07-22 22:19:01 [INFO] Analysis complete. System Status: WARNING
2026-07-22 22:18:40 [INFO] Snapshot 1 taken. Total1: 2357967, Idle1: 2327170
2026-07-22 22:18:41 [INFO] Snapshot 2 taken. Total2: 2358810, Idle2: 2327993
2026-07-22 22:18:41 [INFO] CPU Usage calculated successfully: 2%
2026-07-22 22:18:41 [INFO] RAM Usage calculated successfully: 6%
2026-07-22 22:18:41 [INFO] Disk Usage calculated successfully: 1%
2026-07-22 22:18:41 [INFO] Analysis complete. System Status: WARNING
2026-07-22 22:28:42 [INFO] Snapshot 1 taken. Total1: 2838813, Idle1: 2631268
2026-07-22 22:28:43 [INFO] Snapshot 2 taken. Total2: 2839619, Idle2: 2632065
2026-07-22 22:28:43 [INFO] CPU Usage calculated successfully: 1%
2026-07-22 22:28:43 [INFO] RAM Usage calculated successfully: 6%
2026-07-22 22:28:43 [INFO] Disk Usage calculated successfully: 1%
2026-07-22 22:28:43 [INFO] Analysis complete. System Status: WARNING
2026-07-22 22:28:46 [INFO] Snapshot 1 taken. Total1: 2842455, Idle1: 2634772
2026-07-22 22:28:47 [INFO] Snapshot 2 taken. Total2: 2843274, Idle2: 2635587
2026-07-22 22:28:48 [INFO] CPU Usage calculated successfully: 0%
2026-07-22 22:28:48 [INFO] RAM Usage calculated successfully: 6%
2026-07-22 22:29:12 [INFO] Disk Usage calculated successfully: 1%
2026-07-22 22:28:48 [INFO] Analysis complete. System Status: WARNING
2026-07-22 22:28:51 [INFO] Snapshot 1 taken. Total1: 2846128, Idle1: 2638302
2026-07-22 22:28:52 [INFO] Snapshot 2 taken. Total2: 2846946, Idle2: 2639117
2026-07-22 22:28:52 [INFO] CPU Usage calculated successfully: 0%
2026-07-22 22:28:52 [INFO] RAM Usage calculated successfully: 6%
2026-07-22 22:28:52 [INFO] Disk Usage calculated successfully: 1%
2026-07-22 22:28:53 [INFO] Analysis complete. System Status: WARNING
2026-07-22 22:28:56 [INFO] Snapshot 1 taken. Total1: 2849710, Idle1: 2641770
2026-07-22 22:28:57 [INFO] Snapshot 2 taken. Total2: 2850538, Idle2: 2642592
2026-07-22 22:28:57 [INFO] CPU Usage calculated successfully: 0%
2026-07-22 22:28:57 [INFO] RAM Usage calculated successfully: 6%
2026-07-22 22:28:57 [INFO] Disk Usage calculated successfully: 1%
2026-07-22 22:28:57 [INFO] Analysis complete. System Status: WARNING
2026-07-22 22:29:00 [INFO] Snapshot 1 taken. Total1: 2853238, Idle1: 2645202
2026-07-22 22:29:01 [INFO] Snapshot 2 taken. Total2: 2854054, Idle2: 2646015
2026-07-22 22:29:01 [INFO] CPU Usage calculated successfully: 0%
2026-07-22 22:29:01 [INFO] RAM Usage calculated successfully: 6%
2026-07-22 22:29:01 [INFO] Disk Usage calculated successfully: 1%
2026-07-22 22:29:01 [INFO] Analysis complete. System Status: WARNING
2026-07-22 22:53:19 [INFO] Snapshot 1 taken. Total1: 4020428, Idle1: 3798659
2026-07-22 22:53:20 [INFO] Snapshot 2 taken. Total2: 4021248, Idle2: 3799466
2026-07-22 22:53:20 [INFO] CPU Usage calculated successfully: 1%
2026-07-22 22:55:50 [INFO] Snapshot 1 taken. Total1: 4142343, Idle1: 3907529
2026-07-22 22:55:51 [INFO] Snapshot 2 taken. Total2: 4143153, Idle2: 3907925
2026-07-22 22:55:51 [INFO] CPU Usage calculated successfully: 51%
2026-07-22 23:44:40 [INFO] Snapshot 1 taken. Total1: 6101476, Idle1: 5831041
2026-07-22 23:44:41 [INFO] Snapshot 2 taken. Total2: 6102286, Idle2: 5831840
2026-07-22 23:44:41 [INFO] CPU Usage calculated successfully: 1%
2026-07-22 23:44:41 [INFO] RAM Usage calculated successfully: 6%
2026-07-22 23:44:41 [INFO] Disk Usage calculated successfully: 1%
2026-07-22 23:44:41 [INFO] Analysis complete. System Status: WARNING
2026-07-22 23:46:48 [INFO] Snapshot 1 taken. Total1: 6184692, Idle1: 5902897
2026-07-22 23:46:49 [INFO] Snapshot 2 taken. Total2: 6185501, Idle2: 5903300
2026-07-22 23:46:49 [INFO] CPU Usage calculated successfully: 50%
2026-07-22 23:46:49 [INFO] RAM Usage calculated successfully: 6%
2026-07-22 23:46:49 [INFO] Disk Usage calculated successfully: 1%
2026-07-22 23:46:49 [INFO] Analysis complete. System Status: WARNING
2026-07-22 23:46:28 [INFO] Snapshot 1 taken. Total1: 6188025, Idle1: 5904500
2026-07-22 23:46:29 [INFO] Snapshot 2 taken. Total2: 6188833, Idle2: 5904903
2026-07-22 23:46:29 [INFO] CPU Usage calculated successfully: 50%
2026-07-22 23:46:29 [INFO] RAM Usage calculated successfully: 6%
2026-07-22 23:46:29 [INFO] Disk Usage calculated successfully: 1%
2026-07-22 23:46:29 [INFO] Analysis complete. System Status: WARNING
2026-07-22 23:53:37 [INFO] Analysis complete. System Status: WARNING
2026-07-22 23:55:00 [INFO] Snapshot 1 taken. Total1: 6595058, Idle1: 6272005
2026-07-22 23:55:01 [INFO] Snapshot 2 taken. Total2: 6595864, Idle2: 6272798
2026-07-22 23:55:01 [INFO] CPU Usage calculated successfully: 1%
2026-07-22 23:55:01 [INFO] RAM Usage calculated successfully: 6%
2026-07-22 23:55:01 [INFO] Disk Usage calculated successfully: 1%
2026-07-22 23:55:01 [INFO] Analysis complete. System Status: OK
2026-07-23 00:08:14 [INFO] Snapshot 1 taken. Total1: 7227517, Idle1: 6897540
2026-07-23 00:08:15 [INFO] Snapshot 2 taken. Total2: 7228317, Idle2: 6898320
2026-07-23 00:08:15 [INFO] CPU Usage calculated successfully: 2%
2026-07-23 00:08:15 [INFO] RAM Usage calculated successfully: 6%
2026-07-23 00:08:15 [INFO] Disk Usage calculated successfully: 1%
2026-07-23 00:08:15 [INFO] Analysis complete. System Status: OK
2026-07-23 00:08:18 [INFO] Snapshot 1 taken. Total1: 7230969, Idle1: 6900900
2026-07-23 00:08:19 [INFO] Snapshot 2 taken. Total2: 7231789, Idle2: 6901716
2026-07-23 00:08:19 [INFO] CPU Usage calculated successfully: 0%
2026-07-23 00:08:43 [INFO] RAM Usage calculated successfully: 6%
2026-07-23 00:08:43 [INFO] Disk Usage calculated successfully: 1%
2026-07-23 00:08:19 [INFO] Analysis complete. System Status: OK
2026-07-23 00:08:57 [INFO] Snapshot 1 taken. Total1: 7262298, Idle1: 6928185
2026-07-23 00:08:58 [INFO] Snapshot 2 taken. Total2: 7263104, Idle2: 6928578
2026-07-23 00:08:58 [INFO] CPU Usage calculated successfully: 51%
2026-07-23 00:08:58 [INFO] RAM Usage calculated successfully: 6%
2026-07-23 00:08:58 [INFO] Disk Usage calculated successfully: 1%
2026-07-23 00:08:58 [INFO] Analysis complete. System Status: OK
2026-07-23 00:09:01 [INFO] Snapshot 1 taken. Total1: 7265636, Idle1: 6929801
2026-07-23 00:09:02 [INFO] Snapshot 2 taken. Total2: 7266444, Idle2: 6930195
2026-07-23 00:09:02 [INFO] CPU Usage calculated successfully: 51%
2026-07-23 00:09:02 [INFO] RAM Usage calculated successfully: 6%
2026-07-23 00:09:02 [INFO] Disk Usage calculated successfully: 1%
2026-07-23 00:09:03 [INFO] Analysis complete. System Status: OK
2026-07-23 00:09:06 [INFO] Snapshot 1 taken. Total1: 7268977, Idle1: 6931417
2026-07-23 00:09:07 [INFO] Snapshot 2 taken. Total2: 7269786, Idle2: 6931812
2026-07-23 00:09:07 [INFO] CPU Usage calculated successfully: 51%
2026-07-23 00:09:07 [INFO] RAM Usage calculated successfully: 6%
2026-07-23 00:09:07 [INFO] Disk Usage calculated successfully: 1%
2026-07-23 00:09:07 [INFO] Analysis complete. System Status: OK
2026-07-23 00:09:10 [INFO] Snapshot 1 taken. Total1: 7272320, Idle1: 6933036
2026-07-23 00:09:11 [INFO] Snapshot 2 taken. Total2: 7273128, Idle2: 6933438
2026-07-23 00:09:11 [INFO] CPU Usage calculated successfully: 50%
2026-07-23 00:09:11 [INFO] RAM Usage calculated successfully: 6%
2026-07-23 00:09:11 [INFO] Disk Usage calculated successfully: 1%
2026-07-23 00:09:11 [INFO] Analysis complete. System Status: OK
2026-07-23 00:09:14 [INFO] Snapshot 1 taken. Total1: 7275668, Idle1: 6934667
2026-07-23 00:09:15 [INFO] Snapshot 2 taken. Total2: 7276469, Idle2: 6935056
2026-07-23 00:09:15 [INFO] CPU Usage calculated successfully: 51%
2026-07-23 00:09:15 [INFO] RAM Usage calculated successfully: 6%
2026-07-23 00:09:15 [INFO] Disk Usage calculated successfully: 1%
2026-07-23 00:09:15 [INFO] Analysis complete. System Status: OK
2026-07-23 00:09:18 [INFO] Snapshot 1 taken. Total1: 7279021, Idle1: 6936287
2026-07-23 00:09:43 [INFO] Snapshot 2 taken. Total2: 7279829, Idle2: 6936689
2026-07-23 00:09:43 [INFO] CPU Usage calculated successfully: 50%
2026-07-23 00:09:43 [INFO] RAM Usage calculated successfully: 6%
2026-07-23 00:09:43 [INFO] Disk Usage calculated successfully: 1%
2026-07-23 00:09:43 [INFO] Analysis complete. System Status: OK
2026-07-23 00:09:22 [INFO] Snapshot 1 taken. Total1: 7282363, Idle1: 6937904
2026-07-23 00:09:23 [INFO] Snapshot 2 taken. Total2: 7283174, Idle2: 6938307
2026-07-23 00:09:23 [INFO] CPU Usage calculated successfully: 50%
2026-07-23 00:09:23 [INFO] RAM Usage calculated successfully: 6%
2026-07-23 00:09:23 [INFO] Disk Usage calculated successfully: 1%
2026-07-23 00:09:24 [INFO] Analysis complete. System Status: OK
2026-07-23 00:09:27 [INFO] Snapshot 1 taken. Total1: 7285716, Idle1: 6939525
2026-07-23 00:09:28 [INFO] Snapshot 2 taken. Total2: 7286522, Idle2: 6939927
2026-07-23 00:09:28 [INFO] CPU Usage calculated successfully: 50%
2026-07-23 00:09:28 [INFO] RAM Usage calculated successfully: 6%
2026-07-23 00:09:28 [INFO] Disk Usage calculated successfully: 1%
2026-07-23 00:09:28 [INFO] Analysis complete. System Status: OK
2026-07-23 00:09:31 [INFO] Snapshot 1 taken. Total1: 7289055, Idle1: 6941147
2026-07-23 00:09:32 [INFO] Snapshot 2 taken. Total2: 7289866, Idle2: 6941542
2026-07-23 00:09:32 [INFO] CPU Usage calculated successfully: 51%
2026-07-23 00:09:32 [INFO] RAM Usage calculated successfully: 6%
2026-07-23 00:09:32 [INFO] Disk Usage calculated successfully: 1%
2026-07-23 00:09:32 [INFO] Analysis complete. System Status: OK
2026-07-23 00:09:35 [INFO] Snapshot 1 taken. Total1: 7292397, Idle1: 6942765
2026-07-23 00:09:36 [INFO] Snapshot 2 taken. Total2: 7293205, Idle2: 6943159
2026-07-23 00:09:36 [INFO] CPU Usage calculated successfully: 51%
2026-07-23 00:09:36 [INFO] RAM Usage calculated successfully: 6%
2026-07-23 00:09:36 [INFO] Disk Usage calculated successfully: 1%
2026-07-23 00:09:36 [INFO] Analysis complete. System Status: OK
2026-07-23 00:09:39 [INFO] Snapshot 1 taken. Total1: 7295745, Idle1: 6944397
2026-07-23 00:09:40 [INFO] Snapshot 2 taken. Total2: 7296543, Idle2: 6944776
2026-07-23 00:09:40 [INFO] CPU Usage calculated successfully: 52%
2026-07-23 00:09:40 [INFO] RAM Usage calculated successfully: 6%
2026-07-23 00:09:40 [INFO] Disk Usage calculated successfully: 1%
2026-07-23 00:09:40 [INFO] Analysis complete. System Status: OK
2026-07-23 00:09:43 [INFO] Snapshot 1 taken. Total1: 7299085, Idle1: 6946015
2026-07-23 00:09:44 [INFO] Snapshot 2 taken. Total2: 7299895, Idle2: 6946411
2026-07-23 00:09:44 [INFO] CPU Usage calculated successfully: 51%
2026-07-23 00:09:44 [INFO] RAM Usage calculated successfully: 6%
2026-07-23 00:09:45 [INFO] Disk Usage calculated successfully: 1%
2026-07-23 00:09:45 [INFO] Analysis complete. System Status: OK
2026-07-23 00:09:48 [INFO] Snapshot 1 taken. Total1: 7302517, Idle1: 6947643
2026-07-23 00:09:49 [INFO] Snapshot 2 taken. Total2: 7303330, Idle2: 6948047
2026-07-23 00:09:49 [INFO] CPU Usage calculated successfully: 50%
2026-07-23 00:09:49 [INFO] RAM Usage calculated successfully: 6%
2026-07-23 00:09:49 [INFO] Disk Usage calculated successfully: 1%
2026-07-23 00:09:49 [INFO] Analysis complete. System Status: OK
2026-07-23 00:09:52 [INFO] Snapshot 1 taken. Total1: 7305862, Idle1: 6949259
2026-07-23 00:09:53 [INFO] Snapshot 2 taken. Total2: 7306672, Idle2: 6949662
2026-07-23 00:09:53 [INFO] CPU Usage calculated successfully: 50%
2026-07-23 00:09:53 [INFO] RAM Usage calculated successfully: 6%
2026-07-23 00:09:53 [INFO] Disk Usage calculated successfully: 1%
2026-07-23 00:09:53 [INFO] Analysis complete. System Status: OK
2026-07-23 00:09:56 [INFO] Snapshot 1 taken. Total1: 7309220, Idle1: 6950874
2026-07-23 00:09:57 [INFO] Snapshot 2 taken. Total2: 7310030, Idle2: 6951277
2026-07-23 00:09:57 [INFO] CPU Usage calculated successfully: 50%
2026-07-23 00:09:57 [INFO] RAM Usage calculated successfully: 6%
2026-07-23 00:09:57 [INFO] Disk Usage calculated successfully: 1%
2026-07-23 00:09:57 [INFO] Analysis complete. System Status: OK
2026-07-23 00:10:00 [INFO] Snapshot 1 taken. Total1: 7312571, Idle1: 6952493
2026-07-23 00:10:01 [INFO] Snapshot 2 taken. Total2: 7313383, Idle2: 6952892
2026-07-23 00:10:01 [INFO] CPU Usage calculated successfully: 50%
2026-07-23 00:10:01 [INFO] RAM Usage calculated successfully: 7%
2026-07-23 00:10:01 [INFO] Disk Usage calculated successfully: 1%
2026-07-23 00:10:01 [INFO] Analysis complete. System Status: OK
2026-07-23 00:10:05 [INFO] Snapshot 1 taken. Total1: 7315917, Idle1: 6954113
2026-07-23 00:10:06 [INFO] Snapshot 2 taken. Total2: 7316723, Idle2: 6954507
2026-07-23 00:10:06 [INFO] CPU Usage calculated successfully: 51%
2026-07-23 00:10:06 [INFO] RAM Usage calculated successfully: 7%
2026-07-23 00:10:06 [INFO] Disk Usage calculated successfully: 1%
2026-07-23 00:10:06 [INFO] Analysis complete. System Status: OK
2026-07-23 00:10:09 [INFO] Snapshot 1 taken. Total1: 7319269, Idle1: 6955745
2026-07-23 00:10:10 [INFO] Snapshot 2 taken. Total2: 7320066, Idle2: 6956124
2026-07-23 00:10:10 [INFO] CPU Usage calculated successfully: 52%
2026-07-23 00:10:10 [INFO] RAM Usage calculated successfully: 7%
2026-07-23 00:10:10 [INFO] Disk Usage calculated successfully: 1%
2026-07-23 00:10:10 [INFO] Analysis complete. System Status: OK
2026-07-23 00:10:13 [INFO] Snapshot 1 taken. Total1: 7322616, Idle1: 6957364
2026-07-23 00:10:14 [INFO] Snapshot 2 taken. Total2: 7323424, Idle2: 6957757
2026-07-23 00:10:14 [INFO] CPU Usage calculated successfully: 51%
2026-07-23 00:10:14 [INFO] RAM Usage calculated successfully: 6%
2026-07-23 00:10:14 [INFO] Disk Usage calculated successfully: 1%
2026-07-23 00:10:14 [INFO] Analysis complete. System Status: OK
2026-07-23 00:10:17 [INFO] Snapshot 1 taken. Total1: 7325965, Idle1: 6958983
2026-07-23 00:10:18 [INFO] Snapshot 2 taken. Total2: 7326777, Idle2: 6959387
2026-07-23 00:10:18 [INFO] CPU Usage calculated successfully: 50%
2026-07-23 00:10:18 [INFO] RAM Usage calculated successfully: 6%
2026-07-23 00:10:18 [INFO] Disk Usage calculated successfully: 1%
2026-07-23 00:10:18 [INFO] Analysis complete. System Status: OK
2026-07-23 00:10:21 [INFO] Snapshot 1 taken. Total1: 7329326, Idle1: 6960604
2026-07-23 00:10:22 [INFO] Snapshot 2 taken. Total2: 7330134, Idle2: 6961006
2026-07-23 00:10:22 [INFO] CPU Usage calculated successfully: 50%
2026-07-23 00:10:22 [INFO] RAM Usage calculated successfully: 6%
2026-07-23 00:10:22 [INFO] Disk Usage calculated successfully: 1%
2026-07-23 00:10:23 [INFO] Analysis complete. System Status: OK
2026-07-23 00:10:26 [INFO] Snapshot 1 taken. Total1: 7332700, Idle1: 6962231
2026-07-23 00:10:27 [INFO] Snapshot 2 taken. Total2: 7333512, Idle2: 6962633
2026-07-23 00:10:27 [INFO] CPU Usage calculated successfully: 50%
2026-07-23 00:10:27 [INFO] RAM Usage calculated successfully: 6%
2026-07-23 00:10:27 [INFO] Disk Usage calculated successfully: 1%
2026-07-23 00:10:27 [INFO] Analysis complete. System Status: OK
2026-07-23 00:10:54 [INFO] Snapshot 1 taken. Total1: 7336063, Idle1: 6963864
2026-07-23 00:10:55 [INFO] Snapshot 2 taken. Total2: 7336877, Idle2: 6964266
2026-07-23 00:10:55 [INFO] CPU Usage calculated successfully: 50%
2026-07-23 00:10:55 [INFO] RAM Usage calculated successfully: 6%
2026-07-23 00:10:55 [INFO] Disk Usage calculated successfully: 1%
2026-07-23 00:10:55 [INFO] Analysis complete. System Status: OK
2026-07-23 00:10:51 [INFO] Snapshot 1 taken. Total1: 7352952, Idle1: 6974358
2026-07-23 00:10:52 [INFO] Snapshot 2 taken. Total2: 7353767, Idle2: 6975170
2026-07-23 00:10:52 [INFO] CPU Usage calculated successfully: 0%
2026-07-23 00:10:52 [INFO] RAM Usage calculated successfully: 6%
2026-07-23 00:10:52 [INFO] Disk Usage calculated successfully: 1%
2026-07-23 00:10:52 [INFO] Analysis complete. System Status: OK
2026-07-23 00:10:55 [INFO] Snapshot 1 taken. Total1: 7356399, Idle1: 6977705
2026-07-23 00:10:56 [INFO] Snapshot 2 taken. Total2: 7357222, Idle2: 6978521
2026-07-23 00:10:56 [INFO] CPU Usage calculated successfully: 0%
2026-07-23 00:10:56 [INFO] RAM Usage calculated successfully: 6%
2026-07-23 00:10:57 [INFO] Disk Usage calculated successfully: 1%
2026-07-23 00:10:57 [INFO] Analysis complete. System Status: OK
2026-07-23 00:11:00 [INFO] Snapshot 1 taken. Total1: 7359984, Idle1: 6981165
2026-07-23 00:11:01 [INFO] Snapshot 2 taken. Total2: 7360809, Idle2: 6981986
2026-07-23 00:11:01 [INFO] CPU Usage calculated successfully: 0%
2026-07-23 00:11:01 [INFO] RAM Usage calculated successfully: 6%
2026-07-23 00:11:01 [INFO] Disk Usage calculated successfully: 1%
2026-07-23 00:11:01 [INFO] Analysis complete. System Status: OK
2026-07-23 00:11:28 [INFO] Snapshot 1 taken. Total1: 7363621, Idle1: 6984677
2026-07-23 00:11:05 [INFO] Snapshot 2 taken. Total2: 7364431, Idle2: 6985468
2026-07-23 00:11:05 [INFO] CPU Usage calculated successfully: 2%
2026-07-23 00:11:06 [INFO] RAM Usage calculated successfully: 6%
2026-07-23 00:11:06 [INFO] Disk Usage calculated successfully: 1%
2026-07-23 00:11:06 [INFO] Analysis complete. System Status: OK
2026-07-23 00:11:09 [INFO] Snapshot 1 taken. Total1: 7367234, Idle1: 6988154
2026-07-23 00:11:10 [INFO] Snapshot 2 taken. Total2: 7368053, Idle2: 6988949
2026-07-23 00:11:10 [INFO] CPU Usage calculated successfully: 2%
2026-07-23 00:11:10 [INFO] RAM Usage calculated successfully: 6%
2026-07-23 00:11:10 [INFO] Disk Usage calculated successfully: 1%
2026-07-23 00:11:10 [INFO] Analysis complete. System Status: OK
2026-07-23 00:11:13 [INFO] Snapshot 1 taken. Total1: 7370751, Idle1: 6991554
2026-07-23 00:11:38 [INFO] Snapshot 2 taken. Total2: 7371572, Idle2: 6992371
2026-07-23 00:11:38 [INFO] CPU Usage calculated successfully: 0%
2026-07-23 00:11:38 [INFO] RAM Usage calculated successfully: 6%
2026-07-23 00:11:15 [INFO] Disk Usage calculated successfully: 1%
2026-07-23 00:11:15 [INFO] Analysis complete. System Status: OK
2026-07-23 00:12:40 [INFO] Snapshot 1 taken. Total1: 7439445, Idle1: 7057835
2026-07-23 00:12:41 [INFO] Snapshot 2 taken. Total2: 7440244, Idle2: 7058213
2026-07-23 00:12:41 [INFO] CPU Usage calculated successfully: 52%
2026-07-23 00:12:41 [INFO] RAM Usage calculated successfully: 6%
2026-07-23 00:12:41 [INFO] Disk Usage calculated successfully: 1%
2026-07-23 00:12:41 [INFO] Analysis complete. System Status: OK
2026-07-23 00:12:44 [INFO] Snapshot 1 taken. Total1: 7442792, Idle1: 7059449
2026-07-23 00:12:45 [INFO] Snapshot 2 taken. Total2: 7443589, Idle2: 7059827
2026-07-23 00:12:45 [INFO] CPU Usage calculated successfully: 52%
2026-07-23 00:12:45 [INFO] RAM Usage calculated successfully: 6%
2026-07-23 00:12:45 [INFO] Disk Usage calculated successfully: 1%
2026-07-23 00:12:45 [INFO] Analysis complete. System Status: OK
2026-07-23 00:12:48 [INFO] Snapshot 1 taken. Total1: 7446159, Idle1: 7061070
2026-07-23 00:12:49 [INFO] Snapshot 2 taken. Total2: 7446966, Idle2: 7061463
2026-07-23 00:12:49 [INFO] CPU Usage calculated successfully: 51%
2026-07-23 00:12:49 [INFO] RAM Usage calculated successfully: 6%
2026-07-23 00:12:49 [INFO] Disk Usage calculated successfully: 1%
2026-07-23 00:12:49 [INFO] Analysis complete. System Status: OK
2026-07-23 00:17:17 [INFO] Snapshot 1 taken. Total1: 7659925, Idle1: 7253033
2026-07-23 00:17:18 [INFO] Snapshot 2 taken. Total2: 7660737, Idle2: 7253841
2026-07-23 00:17:18 [INFO] CPU Usage calculated successfully: 0%
2026-07-23 00:17:18 [INFO] RAM Usage calculated successfully: 6%
2026-07-23 00:17:18 [INFO] Disk Usage calculated successfully: 1%
2026-07-23 00:17:18 [INFO] Analysis complete. System Status: OK
2026-07-23 00:17:21 [INFO] Snapshot 1 taken. Total1: 7663443, Idle1: 7256450
2026-07-23 00:17:22 [INFO] Snapshot 2 taken. Total2: 7664259, Idle2: 7257257
2026-07-23 00:17:22 [INFO] CPU Usage calculated successfully: 1%
2026-07-23 00:17:22 [INFO] RAM Usage calculated successfully: 6%
2026-07-23 00:17:22 [INFO] Disk Usage calculated successfully: 1%
2026-07-23 00:17:23 [INFO] Analysis complete. System Status: OK
2026-07-23 00:17:26 [INFO] Snapshot 1 taken. Total1: 7667055, Idle1: 7259931
2026-07-23 00:17:27 [INFO] Snapshot 2 taken. Total2: 7667874, Idle2: 7260746
2026-07-23 00:17:27 [INFO] CPU Usage calculated successfully: 0%
2026-07-23 00:17:27 [INFO] RAM Usage calculated successfully: 6%
2026-07-23 00:17:27 [INFO] Disk Usage calculated successfully: 1%
2026-07-23 00:17:27 [INFO] Analysis complete. System Status: OK
2026-07-23 00:17:54 [INFO] Snapshot 1 taken. Total1: 7670606, Idle1: 7263389
2026-07-23 00:17:31 [INFO] Snapshot 2 taken. Total2: 7671409, Idle2: 7264177
2026-07-23 00:17:31 [INFO] CPU Usage calculated successfully: 1%
2026-07-23 00:17:31 [INFO] RAM Usage calculated successfully: 6%
2026-07-23 00:17:31 [INFO] Disk Usage calculated successfully: 1%
2026-07-23 00:17:32 [INFO] Analysis complete. System Status: OK
2026-07-23 00:35:57 [INFO] Snapshot 1 taken. Total1: 8552265, Idle1: 8134379
2026-07-23 00:35:58 [INFO] Snapshot 2 taken. Total2: 8553068, Idle2: 8135153
2026-07-23 00:35:58 [INFO] CPU Usage calculated successfully: 3%
2026-07-23 00:35:58 [INFO] RAM Usage calculated successfully: 6%
2026-07-23 00:35:58 [INFO] Disk Usage calculated successfully: 1%
2026-07-23 00:35:58 [INFO] Analysis complete. System Status: OK
2026-07-23 00:36:01 [INFO] Snapshot 1 taken. Total1: 8555660, Idle1: 8137690
2026-07-23 00:36:26 [INFO] Snapshot 2 taken. Total2: 8556477, Idle2: 8138485
2026-07-23 00:36:02 [INFO] CPU Usage calculated successfully: 2%
2026-07-23 00:36:02 [INFO] RAM Usage calculated successfully: 6%
2026-07-23 00:36:02 [INFO] Disk Usage calculated successfully: 1%
2026-07-23 00:36:02 [INFO] Analysis complete. System Status: OK
2026-07-23 00:36:05 [INFO] Snapshot 1 taken. Total1: 8559292, Idle1: 8141192
2026-07-23 00:36:07 [INFO] Snapshot 2 taken. Total2: 8560118, Idle2: 8141994
2026-07-23 00:36:07 [INFO] CPU Usage calculated successfully: 2%
2026-07-23 00:36:07 [INFO] RAM Usage calculated successfully: 6%
2026-07-23 00:36:07 [INFO] Disk Usage calculated successfully: 1%
2026-07-23 00:36:31 [INFO] Analysis complete. System Status: OK
2026-07-23 00:36:10 [INFO] Snapshot 1 taken. Total1: 8562928, Idle1: 8144700
2026-07-23 00:36:11 [INFO] Snapshot 2 taken. Total2: 8563744, Idle2: 8145502
2026-07-23 00:36:11 [INFO] CPU Usage calculated successfully: 1%
2026-07-23 00:36:11 [INFO] RAM Usage calculated successfully: 6%
2026-07-23 00:36:11 [INFO] Disk Usage calculated successfully: 1%
2026-07-23 00:36:11 [INFO] Analysis complete. System Status: OK
2026-07-23 00:36:15 [INFO] Snapshot 1 taken. Total1: 8566583, Idle1: 8148227
2026-07-23 00:36:16 [INFO] Snapshot 2 taken. Total2: 8567411, Idle2: 8149031
2026-07-23 00:36:16 [INFO] CPU Usage calculated successfully: 2%
2026-07-23 00:36:16 [INFO] RAM Usage calculated successfully: 6%
2026-07-23 00:36:16 [INFO] Disk Usage calculated successfully: 1%
2026-07-23 00:36:16 [INFO] Analysis complete. System Status: OK
2026-07-23 00:36:19 [INFO] Snapshot 1 taken. Total1: 8570257, Idle1: 8151762
2026-07-23 00:38:46 [INFO] Snapshot 1 taken. Total1: 8687330, Idle1: 8267386
2026-07-23 00:39:11 [INFO] Snapshot 2 taken. Total2: 8688146, Idle2: 8268198
2026-07-23 00:39:11 [INFO] CPU Usage calculated successfully: 0%
2026-07-23 00:38:47 [INFO] RAM Usage calculated successfully: 6%
2026-07-23 00:38:47 [INFO] Disk Usage calculated successfully: 1%
2026-07-23 00:38:48 [INFO] Analysis complete. System Status: OK
2026-07-23 00:38:51 [INFO] Snapshot 1 taken. Total1: 8690984, Idle1: 8270909
2026-07-23 00:38:52 [INFO] Snapshot 2 taken. Total2: 8691799, Idle2: 8271721
2026-07-23 00:38:52 [INFO] CPU Usage calculated successfully: 0%
2026-07-23 00:38:52 [INFO] RAM Usage calculated successfully: 6%
2026-07-23 00:38:52 [INFO] Disk Usage calculated successfully: 1%
2026-07-23 00:38:52 [INFO] Analysis complete. System Status: OK
2026-07-23 00:38:55 [INFO] Snapshot 1 taken. Total1: 8694626, Idle1: 8274420
2026-07-23 00:38:56 [INFO] Snapshot 2 taken. Total2: 8695446, Idle2: 8275234
2026-07-23 00:38:56 [INFO] CPU Usage calculated successfully: 0%
2026-07-23 00:38:57 [INFO] RAM Usage calculated successfully: 6%
2026-07-23 00:38:57 [INFO] Disk Usage calculated successfully: 1%
2026-07-23 00:38:57 [INFO] Analysis complete. System Status: OK
2026-07-23 00:39:00 [INFO] Snapshot 1 taken. Total1: 8698250, Idle1: 8277913
2026-07-23 00:39:01 [INFO] Snapshot 2 taken. Total2: 8699069, Idle2: 8278727
2026-07-23 00:39:01 [INFO] CPU Usage calculated successfully: 0%
2026-07-23 00:39:01 [INFO] RAM Usage calculated successfully: 6%
2026-07-23 00:39:01 [INFO] Disk Usage calculated successfully: 1%
2026-07-23 00:39:09 [INFO] Snapshot 1 taken. Total1: 8705159, Idle1: 8283463
2026-07-23 00:39:10 [INFO] Snapshot 2 taken. Total2: 8705971, Idle2: 8283866
2026-07-23 00:39:10 [INFO] CPU Usage calculated successfully: 50%
2026-07-23 00:39:10 [INFO] RAM Usage calculated successfully: 6%
2026-07-23 00:39:10 [INFO] Disk Usage calculated successfully: 1%
2026-07-23 00:39:10 [INFO] Analysis complete. System Status: OK
2026-07-23 00:39:13 [INFO] Snapshot 1 taken. Total1: 8708516, Idle1: 8285091
2026-07-23 00:39:14 [INFO] Snapshot 2 taken. Total2: 8709325, Idle2: 8285484
2026-07-23 00:39:14 [INFO] CPU Usage calculated successfully: 51%
2026-07-23 00:39:14 [INFO] RAM Usage calculated successfully: 6%
2026-07-23 00:39:14 [INFO] Disk Usage calculated successfully: 1%
2026-07-23 00:39:14 [INFO] Analysis complete. System Status: OK
2026-07-23 00:39:17 [INFO] Snapshot 1 taken. Total1: 8711881, Idle1: 8286725
2026-07-23 00:39:18 [INFO] Snapshot 2 taken. Total2: 8712681, Idle2: 8287103
2026-07-23 00:39:18 [INFO] CPU Usage calculated successfully: 52%
2026-07-23 00:39:18 [INFO] RAM Usage calculated successfully: 6%
2026-07-23 00:39:18 [INFO] Disk Usage calculated successfully: 1%
2026-07-23 00:39:18 [INFO] Analysis complete. System Status: OK
2026-07-23 00:39:21 [INFO] Snapshot 1 taken. Total1: 8715237, Idle1: 8288344
2026-07-23 00:39:46 [INFO] Snapshot 2 taken. Total2: 8716045, Idle2: 8288738
2026-07-23 00:39:46 [INFO] CPU Usage calculated successfully: 51%
2026-07-23 00:39:22 [INFO] RAM Usage calculated successfully: 6%
2026-07-23 00:39:22 [INFO] Disk Usage calculated successfully: 1%
2026-07-23 00:39:22 [INFO] Analysis complete. System Status: OK
2026-07-23 00:39:26 [INFO] Snapshot 1 taken. Total1: 8718601, Idle1: 8289971
2026-07-23 00:39:27 [INFO] Snapshot 2 taken. Total2: 8719409, Idle2: 8290364
2026-07-23 00:39:27 [INFO] CPU Usage calculated successfully: 51%
2026-07-23 00:39:27 [INFO] RAM Usage calculated successfully: 6%
2026-07-23 00:39:27 [INFO] Disk Usage calculated successfully: 1%
2026-07-23 00:39:27 [INFO] Analysis complete. System Status: OK
2026-07-23 00:39:30 [INFO] Snapshot 1 taken. Total1: 8721970, Idle1: 8291592
2026-07-23 00:39:31 [INFO] Snapshot 2 taken. Total2: 8722782, Idle2: 8291995
2026-07-23 00:39:31 [INFO] CPU Usage calculated successfully: 50%
2026-07-23 00:39:31 [INFO] RAM Usage calculated successfully: 6%
2026-07-23 00:39:31 [INFO] Disk Usage calculated successfully: 1%
2026-07-23 00:39:31 [INFO] Analysis complete. System Status: OK
2026-07-23 00:39:58 [INFO] Snapshot 1 taken. Total1: 8725341, Idle1: 8293224
2026-07-23 00:39:59 [INFO] Snapshot 2 taken. Total2: 8726152, Idle2: 8293627
2026-07-23 00:39:59 [INFO] CPU Usage calculated successfully: 50%
2026-07-23 00:39:59 [INFO] RAM Usage calculated successfully: 6%
2026-07-23 00:39:59 [INFO] Disk Usage calculated successfully: 1%
2026-07-23 00:39:59 [INFO] Analysis complete. System Status: OK
2026-07-23 00:40:02 [INFO] Snapshot 1 taken. Total1: 8728717, Idle1: 8294859
2026-07-23 00:40:03 [INFO] Snapshot 2 taken. Total2: 8729528, Idle2: 8295262
2026-07-23 00:40:03 [INFO] CPU Usage calculated successfully: 50%
2026-07-23 00:40:03 [INFO] RAM Usage calculated successfully: 6%
2026-07-23 00:40:03 [INFO] Disk Usage calculated successfully: 1%
2026-07-23 00:40:03 [INFO] Analysis complete. System Status: OK
2026-07-23 00:40:06 [INFO] Snapshot 1 taken. Total1: 8732095, Idle1: 8296494
2026-07-23 00:40:07 [INFO] Snapshot 2 taken. Total2: 8732908, Idle2: 8296897
2026-07-23 00:40:07 [INFO] CPU Usage calculated successfully: 50%
2026-07-23 00:40:07 [INFO] RAM Usage calculated successfully: 6%
2026-07-23 00:40:07 [INFO] Disk Usage calculated successfully: 1%
2026-07-23 00:40:07 [INFO] Analysis complete. System Status: OK
2026-07-23 00:40:11 [INFO] Snapshot 1 taken. Total1: 8735476, Idle1: 8298137
2026-07-23 00:39:48 [INFO] Snapshot 2 taken. Total2: 8736278, Idle2: 8298515
2026-07-23 00:39:48 [INFO] CPU Usage calculated successfully: 52%
2026-07-23 00:39:48 [INFO] RAM Usage calculated successfully: 7%
2026-07-23 00:39:48 [INFO] Disk Usage calculated successfully: 1%
2026-07-23 00:39:48 [INFO] Analysis complete. System Status: OK
2026-07-23 00:39:51 [INFO] Snapshot 1 taken. Total1: 8738843, Idle1: 8299757
2026-07-23 00:39:52 [INFO] Snapshot 2 taken. Total2: 8739650, Idle2: 8300148
2026-07-23 00:39:52 [INFO] CPU Usage calculated successfully: 51%
2026-07-23 00:39:52 [INFO] RAM Usage calculated successfully: 6%
2026-07-23 00:39:52 [INFO] Disk Usage calculated successfully: 1%
2026-07-23 00:39:52 [INFO] Analysis complete. System Status: OK
2026-07-23 00:40:28 [INFO] Snapshot 1 taken. Total1: 8749082, Idle1: 8305638
2026-07-23 00:40:29 [INFO] Snapshot 2 taken. Total2: 8749894, Idle2: 8306441
2026-07-23 00:40:29 [INFO] CPU Usage calculated successfully: 1%
2026-07-23 00:40:29 [INFO] RAM Usage calculated successfully: 6%
2026-07-23 00:40:29 [INFO] Disk Usage calculated successfully: 1%
2026-07-23 00:40:29 [INFO] Analysis complete. System Status: OK
2026-07-23 00:40:32 [INFO] Snapshot 1 taken. Total1: 8752653, Idle1: 8309101
2026-07-23 00:40:33 [INFO] Snapshot 2 taken. Total2: 8753473, Idle2: 8309909
2026-07-23 00:40:33 [INFO] CPU Usage calculated successfully: 1%
2026-07-23 00:40:33 [INFO] RAM Usage calculated successfully: 6%
2026-07-23 00:40:33 [INFO] Disk Usage calculated successfully: 1%
2026-07-23 00:40:33 [INFO] Analysis complete. System Status: OK
2026-07-23 00:40:13 [INFO] Snapshot 1 taken. Total1: 8756221, Idle1: 8312551
2026-07-23 00:40:14 [INFO] Snapshot 2 taken. Total2: 8757054, Idle2: 8313360
2026-07-23 00:40:14 [INFO] CPU Usage calculated successfully: 2%
2026-07-23 00:40:14 [INFO] RAM Usage calculated successfully: 6%
2026-07-23 00:40:14 [INFO] Disk Usage calculated successfully: 1%
2026-07-23 00:40:14 [INFO] Analysis complete. System Status: OK
2026-07-23 00:40:17 [INFO] Snapshot 1 taken. Total1: 8759770, Idle1: 8315980
2026-07-23 00:40:18 [INFO] Snapshot 2 taken. Total2: 8760588, Idle2: 8316775
2026-07-23 00:40:18 [INFO] CPU Usage calculated successfully: 2%
2026-07-23 00:40:18 [INFO] RAM Usage calculated successfully: 6%
2026-07-23 00:40:18 [INFO] Disk Usage calculated successfully: 1%
2026-07-23 00:40:18 [INFO] Analysis complete. System Status: OK
2026-07-23 02:20:52 [INFO] Snapshot 1 taken. Total1: 9345767, Idle1: 8895257
2026-07-23 02:20:53 [INFO] Snapshot 2 taken. Total2: 9346570, Idle2: 8896044
2026-07-23 02:20:53 [INFO] CPU Usage calculated successfully: 1%
2026-07-23 02:20:53 [INFO] RAM Usage calculated successfully: 6%
2026-07-23 02:20:53 [INFO] Disk Usage calculated successfully: 1%
2026-07-23 02:20:53 [INFO] Analysis complete. System Status: OK
2026-07-23 02:20:56 [INFO] Snapshot 1 taken. Total1: 9349398, Idle1: 8898758
2026-07-23 02:21:22 [INFO] Snapshot 2 taken. Total2: 9350217, Idle2: 8899572
2026-07-23 02:21:22 [INFO] CPU Usage calculated successfully: 0%
2026-07-23 02:20:57 [INFO] RAM Usage calculated successfully: 6%
2026-07-23 02:20:57 [INFO] Disk Usage calculated successfully: 1%
2026-07-23 02:20:58 [INFO] Analysis complete. System Status: OK
2026-07-23 02:21:01 [INFO] Snapshot 1 taken. Total1: 9353001, Idle1: 8902240
2026-07-23 02:21:02 [INFO] Snapshot 2 taken. Total2: 9353820, Idle2: 8903055
2026-07-23 02:21:02 [INFO] CPU Usage calculated successfully: 0%
2026-07-23 02:21:02 [INFO] RAM Usage calculated successfully: 6%
2026-07-23 02:21:02 [INFO] Disk Usage calculated successfully: 1%
2026-07-23 02:21:26 [INFO] Analysis complete. System Status: OK
2026-07-23 02:21:30 [INFO] Snapshot 1 taken. Total1: 9356610, Idle1: 8905743
2026-07-23 02:21:31 [INFO] Snapshot 2 taken. Total2: 9357427, Idle2: 8906555
2026-07-23 02:21:31 [INFO] CPU Usage calculated successfully: 0%
2026-07-23 02:21:31 [INFO] RAM Usage calculated successfully: 6%
2026-07-23 02:21:31 [INFO] Disk Usage calculated successfully: 1%
2026-07-23 02:21:31 [INFO] Analysis complete. System Status: OK
2026-07-23 02:21:34 [INFO] Snapshot 1 taken. Total1: 9360236, Idle1: 8909263
2026-07-23 02:21:35 [INFO] Snapshot 2 taken. Total2: 9361070, Idle2: 8910091
2026-07-23 02:21:35 [INFO] CPU Usage calculated successfully: 0%
2026-07-23 02:21:35 [INFO] RAM Usage calculated successfully: 6%
2026-07-23 02:21:35 [INFO] Disk Usage calculated successfully: 1%
2026-07-23 02:21:36 [INFO] Analysis complete. System Status: OK
2026-07-23 02:21:43 [INFO] Snapshot 1 taken. Total1: 9386254, Idle1: 8934880
2026-07-23 02:21:44 [INFO] Snapshot 2 taken. Total2: 9387061, Idle2: 8935675
2026-07-23 02:21:44 [INFO] CPU Usage calculated successfully: 1%
2026-07-23 02:21:44 [INFO] RAM Usage calculated successfully: 6%
2026-07-23 02:21:44 [INFO] Disk Usage calculated successfully: 1%
2026-07-23 02:21:44 [INFO] Analysis complete. System Status: OK
2026-07-23 02:21:47 [INFO] Snapshot 1 taken. Total1: 9389873, Idle1: 8938400
2026-07-23 02:21:48 [INFO] Snapshot 2 taken. Total2: 9390690, Idle2: 8939189
2026-07-23 02:21:48 [INFO] CPU Usage calculated successfully: 3%
2026-07-23 02:21:48 [INFO] RAM Usage calculated successfully: 6%
2026-07-23 02:21:48 [INFO] Disk Usage calculated successfully: 1%
2026-07-23 02:21:49 [INFO] Analysis complete. System Status: OK
2026-07-23 02:21:52 [INFO] Snapshot 1 taken. Total1: 9393509, Idle1: 8941914
2026-07-23 02:21:53 [INFO] Snapshot 2 taken. Total2: 9394312, Idle2: 8942699
2026-07-23 02:21:53 [INFO] CPU Usage calculated successfully: 2%
2026-07-23 02:21:53 [INFO] RAM Usage calculated successfully: 6%
2026-07-23 02:21:53 [INFO] Disk Usage calculated successfully: 1%
2026-07-23 02:21:53 [INFO] Analysis complete. System Status: OK
2026-07-23 02:21:56 [INFO] Snapshot 1 taken. Total1: 9397060, Idle1: 8945368
2026-07-23 02:21:57 [INFO] Snapshot 2 taken. Total2: 9397880, Idle2: 8946175
2026-07-23 02:21:57 [INFO] CPU Usage calculated successfully: 1%
2026-07-23 02:21:57 [INFO] RAM Usage calculated successfully: 6%
2026-07-23 02:22:22 [INFO] Disk Usage calculated successfully: 1%
2026-07-23 02:21:58 [INFO] Analysis complete. System Status: OK
2026-07-23 02:23:22 [INFO] Snapshot 1 taken. Total1: 9465323, Idle1: 9011243
2026-07-23 02:23:23 [INFO] Snapshot 2 taken. Total2: 9466130, Idle2: 9011634
2026-07-23 02:23:23 [INFO] CPU Usage calculated successfully: 51%
2026-07-23 02:23:23 [INFO] RAM Usage calculated successfully: 6%
2026-07-23 02:23:23 [INFO] Disk Usage calculated successfully: 1%
2026-07-23 02:23:23 [INFO] Analysis complete. System Status: OK
2026-07-23 02:23:26 [INFO] Snapshot 1 taken. Total1: 9468667, Idle1: 9012870
2026-07-23 02:23:27 [INFO] Snapshot 2 taken. Total2: 9469474, Idle2: 9013263
2026-07-23 02:23:27 [INFO] CPU Usage calculated successfully: 51%
2026-07-23 02:23:27 [INFO] RAM Usage calculated successfully: 6%
2026-07-23 02:23:27 [INFO] Disk Usage calculated successfully: 1%
2026-07-23 02:23:27 [INFO] Analysis complete. System Status: OK
2026-07-23 02:25:20 [INFO] Snapshot 1 taken. Total1: 9540514, Idle1: 9066827
2026-07-23 02:25:22 [INFO] Snapshot 2 taken. Total2: 9541325, Idle2: 9067635
2026-07-23 02:25:22 [INFO] CPU Usage calculated successfully: 0%
2026-07-23 02:25:22 [INFO] RAM Usage calculated successfully: 6%
2026-07-23 02:25:22 [INFO] Disk Usage calculated successfully: 1%
2026-07-23 02:25:22 [INFO] Analysis complete. System Status: OK
2026-07-23 02:25:01 [INFO] Snapshot 1 taken. Total1: 9544146, Idle1: 9070327
2026-07-23 02:25:02 [INFO] Snapshot 2 taken. Total2: 9544965, Idle2: 9071140
2026-07-23 02:25:02 [INFO] CPU Usage calculated successfully: 0%
2026-07-23 02:25:02 [INFO] RAM Usage calculated successfully: 6%
2026-07-23 02:25:02 [INFO] Disk Usage calculated successfully: 1%
2026-07-23 02:25:02 [INFO] Analysis complete. System Status: OK
2026-07-23 02:25:05 [INFO] Snapshot 1 taken. Total1: 9547720, Idle1: 9073782
2026-07-23 02:25:06 [INFO] Snapshot 2 taken. Total2: 9548539, Idle2: 9074594
2026-07-23 02:25:06 [INFO] CPU Usage calculated successfully: 0%
2026-07-23 02:25:06 [INFO] RAM Usage calculated successfully: 6%
2026-07-23 02:25:07 [INFO] Disk Usage calculated successfully: 1%
2026-07-23 02:25:07 [INFO] Analysis complete. System Status: OK
2026-07-23 02:25:15 [INFO] Snapshot 1 taken. Total1: 9555614, Idle1: 9080155
2026-07-23 02:25:16 [INFO] Snapshot 2 taken. Total2: 9556422, Idle2: 9080558
2026-07-23 02:25:16 [INFO] CPU Usage calculated successfully: 50%
2026-07-23 02:25:16 [INFO] RAM Usage calculated successfully: 6%
2026-07-23 02:25:16 [INFO] Disk Usage calculated successfully: 1%
2026-07-23 02:25:16 [INFO] Analysis complete. System Status: OK
2026-07-23 02:25:19 [INFO] Snapshot 1 taken. Total1: 9558971, Idle1: 9081774
2026-07-23 02:25:20 [INFO] Snapshot 2 taken. Total2: 9559784, Idle2: 9082177
2026-07-23 02:25:20 [INFO] CPU Usage calculated successfully: 50%
2026-07-23 02:25:20 [INFO] RAM Usage calculated successfully: 6%
2026-07-23 02:25:20 [INFO] Disk Usage calculated successfully: 1%
2026-07-23 02:25:21 [INFO] Analysis complete. System Status: OK
2026-07-23 02:25:24 [INFO] Snapshot 1 taken. Total1: 9562330, Idle1: 9083394
2026-07-23 02:25:25 [INFO] Snapshot 2 taken. Total2: 9563142, Idle2: 9083797
2026-07-23 02:25:25 [INFO] CPU Usage calculated successfully: 50%
2026-07-23 02:25:25 [INFO] RAM Usage calculated successfully: 7%
2026-07-23 02:25:25 [INFO] Disk Usage calculated successfully: 1%
2026-07-23 02:25:25 [INFO] Analysis complete. System Status: OK
2026-07-23 02:25:52 [INFO] Snapshot 1 taken. Total1: 9565694, Idle1: 9085027
2026-07-23 02:25:29 [INFO] Snapshot 2 taken. Total2: 9566497, Idle2: 9085417
2026-07-23 02:25:29 [INFO] CPU Usage calculated successfully: 51%
2026-07-23 02:25:29 [INFO] RAM Usage calculated successfully: 6%
2026-07-23 02:25:29 [INFO] Disk Usage calculated successfully: 1%
2026-07-23 02:25:29 [INFO] Analysis complete. System Status: OK
2026-07-23 02:25:32 [INFO] Snapshot 1 taken. Total1: 9569047, Idle1: 9086647
2026-07-23 02:25:33 [INFO] Snapshot 2 taken. Total2: 9569851, Idle2: 9087040
2026-07-23 02:25:33 [INFO] CPU Usage calculated successfully: 51%
2026-07-23 02:25:33 [INFO] RAM Usage calculated successfully: 6%
2026-07-23 02:25:33 [INFO] Disk Usage calculated successfully: 1%
2026-07-23 02:25:33 [INFO] Analysis complete. System Status: OK
2026-07-23 02:25:36 [INFO] Snapshot 1 taken. Total1: 9572409, Idle1: 9088279
2026-07-23 02:25:37 [INFO] Snapshot 2 taken. Total2: 9573219, Idle2: 9088672
2026-07-23 02:25:37 [INFO] CPU Usage calculated successfully: 51%
2026-07-23 02:25:37 [INFO] RAM Usage calculated successfully: 6%
2026-07-23 02:25:37 [INFO] Disk Usage calculated successfully: 1%
2026-07-23 02:25:37 [INFO] Analysis complete. System Status: OK
2026-07-23 02:34:24 [INFO] Snapshot 1 taken. Total1: 9992204, Idle1: 9498507
2026-07-23 02:34:25 [INFO] Snapshot 2 taken. Total2: 9993002, Idle2: 9499296
2026-07-23 02:34:25 [INFO] CPU Usage calculated successfully: 1%
2026-07-23 02:34:25 [INFO] RAM Usage calculated successfully: 6%
2026-07-23 02:34:25 [INFO] Disk Usage calculated successfully: 1%
2026-07-23 02:34:25 [INFO] Analysis complete. System Status: OK
2026-07-23 02:34:28 [INFO] Snapshot 1 taken. Total1: 9995816, Idle1: 9502011
2026-07-23 02:34:29 [INFO] Snapshot 2 taken. Total2: 9996636, Idle2: 9502815
2026-07-23 02:34:29 [INFO] CPU Usage calculated successfully: 1%
2026-07-23 02:34:29 [INFO] RAM Usage calculated successfully: 6%
2026-07-23 02:34:29 [INFO] Disk Usage calculated successfully: 1%
2026-07-23 02:34:30 [INFO] Analysis complete. System Status: OK
2026-07-23 02:34:33 [INFO] Snapshot 1 taken. Total1: 9999444, Idle1: 9505515
2026-07-23 02:34:34 [INFO] Snapshot 2 taken. Total2: 10000262, Idle2: 9506328
2026-07-23 02:34:34 [INFO] CPU Usage calculated successfully: 0%
2026-07-23 02:34:34 [INFO] RAM Usage calculated successfully: 6%
2026-07-23 02:34:58 [INFO] Disk Usage calculated successfully: 1%
2026-07-23 02:34:34 [INFO] Analysis complete. System Status: OK
2026-07-23 02:34:37 [INFO] Snapshot 1 taken. Total1: 10003033, Idle1: 9509000
2026-07-23 02:34:38 [INFO] Snapshot 2 taken. Total2: 10003851, Idle2: 9509815
2026-07-23 02:34:38 [INFO] CPU Usage calculated successfully: 0%
2026-07-23 02:34:38 [INFO] RAM Usage calculated successfully: 6%
2026-07-23 02:34:38 [INFO] Disk Usage calculated successfully: 1%
2026-07-23 02:34:39 [INFO] Analysis complete. System Status: OK
2026-07-23 02:35:02 [INFO] Snapshot 1 taken. Total1: 10022568, Idle1: 9528206
2026-07-23 02:35:03 [INFO] Snapshot 2 taken. Total2: 10023381, Idle2: 9529017
2026-07-23 02:35:03 [INFO] CPU Usage calculated successfully: 0%
2026-07-23 02:35:03 [INFO] RAM Usage calculated successfully: 6%
2026-07-23 02:35:03 [INFO] Disk Usage calculated successfully: 1%
2026-07-23 02:35:03 [INFO] Analysis complete. System Status: OK
2026-07-23 02:35:06 [INFO] Snapshot 1 taken. Total1: 10026163, Idle1: 9531689
2026-07-23 02:35:07 [INFO] Snapshot 2 taken. Total2: 10026982, Idle2: 9532504
2026-07-23 02:35:07 [INFO] CPU Usage calculated successfully: 0%
2026-07-23 02:35:07 [INFO] RAM Usage calculated successfully: 6%
2026-07-23 02:35:07 [INFO] Disk Usage calculated successfully: 1%
2026-07-23 02:35:08 [INFO] Analysis complete. System Status: OK
2026-07-23 02:35:11 [INFO] Snapshot 1 taken. Total1: 10029781, Idle1: 9535191
2026-07-23 02:35:12 [INFO] Snapshot 2 taken. Total2: 10030605, Idle2: 9536007
2026-07-23 02:35:12 [INFO] CPU Usage calculated successfully: 0%
2026-07-23 02:35:12 [INFO] RAM Usage calculated successfully: 6%
2026-07-23 02:35:12 [INFO] Disk Usage calculated successfully: 1%
2026-07-23 02:35:12 [INFO] Analysis complete. System Status: OK
2026-07-23 02:35:25 [INFO] Snapshot 1 taken. Total1: 10040848, Idle1: 9546024
2026-07-23 02:35:26 [INFO] Snapshot 2 taken. Total2: 10041660, Idle2: 9546835
2026-07-23 02:35:26 [INFO] CPU Usage calculated successfully: 0%
2026-07-23 02:35:26 [INFO] RAM Usage calculated successfully: 6%
2026-07-23 02:35:26 [INFO] Disk Usage calculated successfully: 1%
2026-07-23 02:35:26 [INFO] Analysis complete. System Status: OK
2026-07-23 02:35:29 [INFO] Snapshot 1 taken. Total1: 10044461, Idle1: 9549515
2026-07-23 02:35:30 [INFO] Snapshot 2 taken. Total2: 10045267, Idle2: 9550317
2026-07-23 02:35:30 [INFO] CPU Usage calculated successfully: 0%
2026-07-23 02:35:30 [INFO] RAM Usage calculated successfully: 6%
2026-07-23 02:35:30 [INFO] Disk Usage calculated successfully: 1%
2026-07-23 02:35:31 [INFO] Analysis complete. System Status: OK
2026-07-23 02:35:34 [INFO] Snapshot 1 taken. Total1: 10047934, Idle1: 9552907
2026-07-23 02:35:35 [INFO] Snapshot 2 taken. Total2: 10048733, Idle2: 9553692
2026-07-23 02:35:35 [INFO] CPU Usage calculated successfully: 1%
2026-07-23 02:35:35 [INFO] RAM Usage calculated successfully: 7%
2026-07-23 02:35:35 [INFO] Disk Usage calculated successfully: 1%
2026-07-23 02:35:35 [INFO] Analysis complete. System Status: OK
2026-07-23 02:35:38 [INFO] Snapshot 1 taken. Total1: 10051513, Idle1: 9556362
2026-07-23 02:36:03 [INFO] Snapshot 2 taken. Total2: 10052336, Idle2: 9557179
2026-07-23 02:36:03 [INFO] CPU Usage calculated successfully: 0%
2026-07-23 02:36:04 [INFO] RAM Usage calculated successfully: 6%
2026-07-23 02:36:04 [INFO] Disk Usage calculated successfully: 1%
2026-07-23 02:36:04 [INFO] Analysis complete. System Status: OK
2026-07-23 02:41:55 [INFO] Snapshot 1 taken. Total1: 10351551, Idle1: 9852793
2026-07-23 02:41:56 [INFO] Snapshot 2 taken. Total2: 10352364, Idle2: 9853589
2026-07-23 02:41:56 [INFO] CPU Usage calculated successfully: 2%
2026-07-23 02:41:56 [INFO] RAM Usage calculated successfully: 6%
2026-07-23 02:41:56 [INFO] Disk Usage calculated successfully: 1%
2026-07-23 02:41:56 [INFO] Analysis complete. System Status: OK
2026-07-23 02:42:00 [INFO] Snapshot 1 taken. Total1: 10355127, Idle1: 9856278
2026-07-23 02:42:01 [INFO] Snapshot 2 taken. Total2: 10355929, Idle2: 9857056
2026-07-23 02:42:01 [INFO] CPU Usage calculated successfully: 2%
2026-07-23 02:42:01 [INFO] RAM Usage calculated successfully: 6%
2026-07-23 02:42:01 [INFO] Disk Usage calculated successfully: 1%
2026-07-23 02:42:01 [INFO] Analysis complete. System Status: OK
2026-07-23 02:42:04 [INFO] Snapshot 1 taken. Total1: 10358683, Idle1: 9859733
2026-07-23 02:42:05 [INFO] Snapshot 2 taken. Total2: 10359496, Idle2: 9860527
2026-07-23 02:42:05 [INFO] CPU Usage calculated successfully: 2%
2026-07-23 02:42:05 [INFO] RAM Usage calculated successfully: 6%
2026-07-23 02:42:05 [INFO] Disk Usage calculated successfully: 1%
2026-07-23 02:42:05 [INFO] Analysis complete. System Status: OK
2026-07-23 02:42:09 [INFO] Snapshot 1 taken. Total1: 10362302, Idle1: 9863231
2026-07-23 02:42:10 [INFO] Snapshot 2 taken. Total2: 10363118, Idle2: 9864032
2026-07-23 02:42:10 [INFO] CPU Usage calculated successfully: 1%
2026-07-23 02:42:10 [INFO] RAM Usage calculated successfully: 6%
2026-07-23 02:42:10 [INFO] Disk Usage calculated successfully: 1%
2026-07-23 02:42:34 [INFO] Analysis complete. System Status: OK
2026-07-23 02:44:52 [INFO] Snapshot 1 taken. Total1: 10492642, Idle1: 9991892
2026-07-23 02:44:53 [INFO] Snapshot 2 taken. Total2: 10493454, Idle2: 9992687
2026-07-23 02:44:53 [INFO] CPU Usage calculated successfully: 2%
2026-07-23 02:44:53 [INFO] RAM Usage calculated successfully: 6%
2026-07-23 02:44:53 [INFO] Disk Usage calculated successfully: 1%
2026-07-23 02:44:54 [INFO] Analysis complete. System Status: OK
2026-07-23 02:44:57 [INFO] Snapshot 1 taken. Total1: 10496181, Idle1: 9995326
2026-07-23 02:44:58 [INFO] Snapshot 2 taken. Total2: 10496996, Idle2: 9996126
2026-07-23 02:44:58 [INFO] CPU Usage calculated successfully: 1%
2026-07-23 02:44:58 [INFO] RAM Usage calculated successfully: 6%
2026-07-23 02:44:58 [INFO] Disk Usage calculated successfully: 1%
2026-07-23 02:44:58 [INFO] Analysis complete. System Status: OK
2026-07-23 02:45:39 [INFO] Snapshot 1 taken. Total1: 10529938, Idle1: 10028589
2026-07-23 02:46:05 [INFO] Snapshot 2 taken. Total2: 10530750, Idle2: 10029398
2026-07-23 02:46:05 [INFO] CPU Usage calculated successfully: 0%
2026-07-23 02:46:05 [INFO] RAM Usage calculated successfully: 6%
2026-07-23 02:45:40 [INFO] Disk Usage calculated successfully: 1%
2026-07-23 02:45:40 [INFO] Analysis complete. System Status: OK
2026-07-23 02:45:44 [INFO] Snapshot 1 taken. Total1: 10533386, Idle1: 10031955
2026-07-23 02:45:45 [INFO] Snapshot 2 taken. Total2: 10534206, Idle2: 10032770
2026-07-23 02:45:45 [INFO] CPU Usage calculated successfully: 0%
2026-07-23 02:45:45 [INFO] RAM Usage calculated successfully: 6%
2026-07-23 02:45:45 [INFO] Disk Usage calculated successfully: 1%
2026-07-23 02:45:45 [INFO] Analysis complete. System Status: OK
2026-07-23 02:46:14 [INFO] Snapshot 1 taken. Total1: 10557358, Idle1: 10055563
2026-07-23 02:46:15 [INFO] Snapshot 2 taken. Total2: 10558167, Idle2: 10056354
2026-07-23 02:46:15 [INFO] CPU Usage calculated successfully: 2%
2026-07-23 02:46:15 [INFO] RAM Usage calculated successfully: 6%
2026-07-23 02:46:15 [INFO] Disk Usage calculated successfully: 1%
2026-07-23 02:46:15 [INFO] Analysis complete. System Status: OK
2026-07-23 02:46:18 [INFO] Snapshot 1 taken. Total1: 10560964, Idle1: 10059051
2026-07-23 02:46:19 [INFO] Snapshot 2 taken. Total2: 10561781, Idle2: 10059846
2026-07-23 02:46:19 [INFO] CPU Usage calculated successfully: 2%
2026-07-23 02:46:19 [INFO] RAM Usage calculated successfully: 6%
2026-07-23 02:46:19 [INFO] Disk Usage calculated successfully: 1%
2026-07-23 02:46:20 [INFO] Analysis complete. System Status: OK
2026-07-23 02:46:23 [INFO] Snapshot 1 taken. Total1: 10564571, Idle1: 10062538
2026-07-23 02:46:24 [INFO] Snapshot 2 taken. Total2: 10565383, Idle2: 10063335
2026-07-23 02:46:24 [INFO] CPU Usage calculated successfully: 1%
2026-07-23 02:46:24 [INFO] RAM Usage calculated successfully: 6%
2026-07-23 02:46:24 [INFO] Disk Usage calculated successfully: 1%
2026-07-23 02:46:24 [INFO] Analysis complete. System Status: OK
2026-07-23 02:46:27 [INFO] Snapshot 1 taken. Total1: 10567930, Idle1: 10065826
2026-07-23 02:46:28 [INFO] Snapshot 2 taken. Total2: 10568745, Idle2: 10066625
2026-07-23 02:46:28 [INFO] CPU Usage calculated successfully: 1%
2026-07-23 02:46:28 [INFO] RAM Usage calculated successfully: 6%
2026-07-23 02:46:28 [INFO] Disk Usage calculated successfully: 1%
2026-07-23 02:46:28 [INFO] Analysis complete. System Status: OK
2026-07-23 02:46:32 [INFO] Snapshot 1 taken. Total1: 10571558, Idle1: 10069331
2026-07-23 02:46:33 [INFO] Snapshot 2 taken. Total2: 10572373, Idle2: 10070137
2026-07-23 02:46:33 [INFO] CPU Usage calculated successfully: 1%
2026-07-23 02:46:33 [INFO] RAM Usage calculated successfully: 6%
2026-07-23 02:46:33 [INFO] Disk Usage calculated successfully: 1%
2026-07-23 02:46:33 [INFO] Analysis complete. System Status: OK
2026-07-23 02:46:53 [INFO] Snapshot 1 taken. Total1: 10588245, Idle1: 10085763
2026-07-23 02:46:54 [INFO] Snapshot 2 taken. Total2: 10589057, Idle2: 10086573
2026-07-23 02:46:54 [INFO] CPU Usage calculated successfully: 0%
2026-07-23 02:46:54 [INFO] RAM Usage calculated successfully: 6%
2026-07-23 02:46:54 [INFO] Disk Usage calculated successfully: 1%
2026-07-23 02:46:54 [INFO] Analysis complete. System Status: OK
2026-07-23 02:46:57 [INFO] Snapshot 1 taken. Total1: 10591865, Idle1: 10089268
2026-07-23 02:46:58 [INFO] Snapshot 2 taken. Total2: 10592696, Idle2: 10090093
2026-07-23 02:46:58 [INFO] CPU Usage calculated successfully: 0%
2026-07-23 02:46:58 [INFO] RAM Usage calculated successfully: 6%
2026-07-23 02:46:58 [INFO] Disk Usage calculated successfully: 1%
2026-07-23 02:46:58 [INFO] Analysis complete. System Status: OK
2026-07-23 02:47:25 [INFO] Snapshot 1 taken. Total1: 10613654, Idle1: 10110751
2026-07-23 02:47:50 [INFO] Snapshot 2 taken. Total2: 10614465, Idle2: 10111560
2026-07-23 02:47:50 [INFO] CPU Usage calculated successfully: 0%
2026-07-23 02:47:26 [INFO] RAM Usage calculated successfully: 6%
2026-07-23 02:47:26 [INFO] Disk Usage calculated successfully: 1%
2026-07-23 02:47:26 [INFO] Analysis complete. System Status: OK
2026-07-23 02:47:29 [INFO] Snapshot 1 taken. Total1: 10617295, Idle1: 10114264
2026-07-23 02:47:30 [INFO] Snapshot 2 taken. Total2: 10618120, Idle2: 10115085
2026-07-23 02:47:30 [INFO] CPU Usage calculated successfully: 0%
2026-07-23 02:47:30 [INFO] RAM Usage calculated successfully: 6%
2026-07-23 02:47:30 [INFO] Disk Usage calculated successfully: 1%
2026-07-23 02:47:55 [INFO] Analysis complete. System Status: OK
2026-07-23 02:47:55 [INFO] Snapshot 1 taken. Total1: 10638149, Idle1: 10134787
2026-07-23 02:47:56 [INFO] Snapshot 2 taken. Total2: 10638949, Idle2: 10135563
2026-07-23 02:47:56 [INFO] CPU Usage calculated successfully: 3%
2026-07-23 02:47:56 [INFO] RAM Usage calculated successfully: 6%
2026-07-23 02:47:57 [INFO] Disk Usage calculated successfully: 1%
2026-07-23 02:47:57 [INFO] Analysis complete. System Status: OK
2026-07-23 02:48:00 [INFO] Snapshot 1 taken. Total1: 10641694, Idle1: 10138236
2026-07-23 02:48:01 [INFO] Snapshot 2 taken. Total2: 10642505, Idle2: 10139028
2026-07-23 02:48:01 [INFO] CPU Usage calculated successfully: 2%
2026-07-23 02:48:01 [INFO] RAM Usage calculated successfully: 6%
2026-07-23 02:48:01 [INFO] Disk Usage calculated successfully: 1%
2026-07-23 02:48:01 [INFO] Analysis complete. System Status: OK
2026-07-23 02:48:04 [INFO] Snapshot 1 taken. Total1: 10645185, Idle1: 10141638
2026-07-23 02:48:05 [INFO] Snapshot 2 taken. Total2: 10646005, Idle2: 10142440
2026-07-23 02:48:05 [INFO] CPU Usage calculated successfully: 2%
2026-07-23 02:48:05 [INFO] RAM Usage calculated successfully: 6%
2026-07-23 02:48:05 [INFO] Disk Usage calculated successfully: 1%
2026-07-23 02:48:06 [INFO] Analysis complete. System Status: OK
2026-07-23 02:48:18 [INFO] Snapshot 1 taken. Total1: 10656399, Idle1: 10152618
2026-07-23 02:48:19 [INFO] Snapshot 2 taken. Total2: 10657211, Idle2: 10153428
2026-07-23 02:48:19 [INFO] CPU Usage calculated successfully: 0%
2026-07-23 02:48:19 [INFO] RAM Usage calculated successfully: 6%
2026-07-23 02:48:20 [INFO] Disk Usage calculated successfully: 1%
2026-07-23 02:48:20 [INFO] Analysis complete. System Status: OK
2026-07-23 02:48:23 [INFO] Snapshot 1 taken. Total1: 10659955, Idle1: 10156068
2026-07-23 02:48:24 [INFO] Snapshot 2 taken. Total2: 10660773, Idle2: 10156883
2026-07-23 02:48:24 [INFO] CPU Usage calculated successfully: 0%
2026-07-23 02:48:24 [INFO] RAM Usage calculated successfully: 6%
2026-07-23 02:48:24 [INFO] Disk Usage calculated successfully: 1%
2026-07-23 02:48:24 [INFO] Analysis complete. System Status: OK
2026-07-23 02:48:37 [INFO] Snapshot 1 taken. Total1: 10670845, Idle1: 10166773
2026-07-23 02:48:38 [INFO] Snapshot 2 taken. Total2: 10671658, Idle2: 10167583
2026-07-23 02:48:38 [INFO] CPU Usage calculated successfully: 0%
2026-07-23 02:48:38 [INFO] RAM Usage calculated successfully: 6%
2026-07-23 02:48:38 [INFO] Disk Usage calculated successfully: 1%
2026-07-23 02:48:38 [INFO] Analysis complete. System Status: OK
2026-07-23 02:48:41 [INFO] Snapshot 1 taken. Total1: 10674374, Idle1: 10170200
2026-07-23 02:48:42 [INFO] Snapshot 2 taken. Total2: 10675202, Idle2: 10171020
2026-07-23 02:48:42 [INFO] CPU Usage calculated successfully: 0%
2026-07-23 02:48:42 [INFO] RAM Usage calculated successfully: 6%
2026-07-23 02:48:42 [INFO] Disk Usage calculated successfully: 1%
2026-07-23 02:48:42 [INFO] Analysis complete. System Status: OK
2026-07-23 02:48:45 [INFO] Snapshot 1 taken. Total1: 10677829, Idle1: 10173581
2026-07-23 02:49:11 [INFO] Snapshot 2 taken. Total2: 10678647, Idle2: 10174395
2026-07-23 02:49:11 [INFO] CPU Usage calculated successfully: 0%
2026-07-23 02:49:11 [INFO] RAM Usage calculated successfully: 6%
2026-07-23 02:49:11 [INFO] Disk Usage calculated successfully: 1%
2026-07-23 02:49:11 [INFO] Analysis complete. System Status: OK
2026-07-23 02:49:25 [INFO] Snapshot 1 taken. Total1: 10690232, Idle1: 10185776
2026-07-23 02:49:02 [INFO] Snapshot 2 taken. Total2: 10691028, Idle2: 10186558
2026-07-23 02:49:02 [INFO] CPU Usage calculated successfully: 1%
2026-07-23 02:49:02 [INFO] RAM Usage calculated successfully: 6%
2026-07-23 02:49:02 [INFO] Disk Usage calculated successfully: 1%
2026-07-23 02:49:02 [INFO] Analysis complete. System Status: OK
2026-07-23 02:49:05 [INFO] Snapshot 1 taken. Total1: 10693746, Idle1: 10189188
2026-07-23 02:49:06 [INFO] Snapshot 2 taken. Total2: 10694544, Idle2: 10189970
2026-07-23 02:49:06 [INFO] CPU Usage calculated successfully: 2%
2026-07-23 02:49:06 [INFO] RAM Usage calculated successfully: 6%
2026-07-23 02:49:06 [INFO] Disk Usage calculated successfully: 1%
2026-07-23 02:49:07 [INFO] Analysis complete. System Status: OK
2026-07-23 02:49:10 [INFO] Snapshot 1 taken. Total1: 10697322, Idle1: 10192658
2026-07-23 02:49:11 [INFO] Snapshot 2 taken. Total2: 10698135, Idle2: 10193466
2026-07-23 02:49:11 [INFO] CPU Usage calculated successfully: 0%
2026-07-23 02:49:11 [INFO] RAM Usage calculated successfully: 6%
2026-07-23 02:49:11 [INFO] Disk Usage calculated successfully: 1%
2026-07-23 02:49:11 [INFO] Analysis complete. System Status: OK
2026-07-23 02:49:14 [INFO] Snapshot 1 taken. Total1: 10700919, Idle1: 10196139
2026-07-23 02:49:15 [INFO] Snapshot 2 taken. Total2: 10701723, Idle2: 10196937
2026-07-23 02:49:15 [INFO] CPU Usage calculated successfully: 0%
2026-07-23 02:49:15 [INFO] RAM Usage calculated successfully: 6%
2026-07-23 02:49:16 [INFO] Disk Usage calculated successfully: 1%
2026-07-23 02:49:40 [INFO] Analysis complete. System Status: OK
2026-07-23 02:49:19 [INFO] Snapshot 1 taken. Total1: 10704489, Idle1: 10199596
2026-07-23 02:49:20 [INFO] Snapshot 2 taken. Total2: 10705301, Idle2: 10200406
2026-07-23 02:49:20 [INFO] CPU Usage calculated successfully: 0%
2026-07-23 02:49:20 [INFO] RAM Usage calculated successfully: 6%
2026-07-23 02:49:20 [INFO] Disk Usage calculated successfully: 1%
2026-07-23 02:49:20 [INFO] Analysis complete. System Status: OK
2026-07-23 02:49:23 [INFO] Snapshot 1 taken. Total1: 10708118, Idle1: 10203110
2026-07-23 02:49:24 [INFO] Snapshot 2 taken. Total2: 10708940, Idle2: 10203928
2026-07-23 02:49:24 [INFO] CPU Usage calculated successfully: 0%
2026-07-23 02:49:24 [INFO] RAM Usage calculated successfully: 6%
2026-07-23 02:49:25 [INFO] Disk Usage calculated successfully: 1%
2026-07-23 02:49:25 [INFO] Analysis complete. System Status: OK
2026-07-23 02:49:28 [INFO] Snapshot 1 taken. Total1: 10711729, Idle1: 10206614
2026-07-23 02:49:29 [INFO] Snapshot 2 taken. Total2: 10712550, Idle2: 10207431
2026-07-23 02:49:29 [INFO] CPU Usage calculated successfully: 0%
2026-07-23 02:49:29 [INFO] RAM Usage calculated successfully: 6%
2026-07-23 02:49:29 [INFO] Disk Usage calculated successfully: 1%
2026-07-23 02:49:29 [INFO] Analysis complete. System Status: OK
2026-07-23 02:50:00 [INFO] Snapshot 1 taken. Total1: 10717966, Idle1: 10211579
2026-07-23 02:49:37 [INFO] Snapshot 2 taken. Total2: 10718767, Idle2: 10211959
2026-07-23 02:49:37 [INFO] CPU Usage calculated successfully: 52%
2026-07-23 02:49:37 [INFO] RAM Usage calculated successfully: 6%
2026-07-23 02:49:37 [INFO] Disk Usage calculated successfully: 1%
2026-07-23 02:49:37 [INFO] Analysis complete. System Status: OK
2026-07-23 02:49:40 [INFO] Snapshot 1 taken. Total1: 10721303, Idle1: 10213193
2026-07-23 02:49:41 [INFO] Snapshot 2 taken. Total2: 10722104, Idle2: 10213585
2026-07-23 02:49:41 [INFO] CPU Usage calculated successfully: 51%
2026-07-23 02:49:41 [INFO] RAM Usage calculated successfully: 6%
2026-07-23 02:49:41 [INFO] Disk Usage calculated successfully: 1%
2026-07-23 02:49:41 [INFO] Analysis complete. System Status: OK
2026-07-23 02:49:44 [INFO] Snapshot 1 taken. Total1: 10724669, Idle1: 10214816
2026-07-23 02:49:45 [INFO] Snapshot 2 taken. Total2: 10725479, Idle2: 10215219
2026-07-23 02:49:45 [INFO] CPU Usage calculated successfully: 50%
2026-07-23 02:49:45 [INFO] RAM Usage calculated successfully: 6%
2026-07-23 02:49:45 [INFO] Disk Usage calculated successfully: 1%
2026-07-23 02:49:45 [INFO] Analysis complete. System Status: OK
2026-07-23 02:49:48 [INFO] Snapshot 1 taken. Total1: 10728015, Idle1: 10216433
2026-07-23 02:49:49 [INFO] Snapshot 2 taken. Total2: 10728825, Idle2: 10216835
2026-07-23 02:49:49 [INFO] CPU Usage calculated successfully: 50%
2026-07-23 02:49:49 [INFO] RAM Usage calculated successfully: 6%
2026-07-23 02:49:49 [INFO] Disk Usage calculated successfully: 1%
2026-07-23 02:49:50 [INFO] Analysis complete. System Status: OK
2026-07-23 02:49:53 [INFO] Snapshot 1 taken. Total1: 10731361, Idle1: 10218050
2026-07-23 02:49:54 [INFO] Snapshot 2 taken. Total2: 10732170, Idle2: 10218453
2026-07-23 02:49:54 [INFO] CPU Usage calculated successfully: 50%
2026-07-23 02:49:54 [INFO] RAM Usage calculated successfully: 6%
2026-07-23 02:49:54 [INFO] Disk Usage calculated successfully: 1%
2026-07-23 02:49:54 [INFO] Analysis complete. System Status: OK
2026-07-23 02:50:21 [INFO] Snapshot 1 taken. Total1: 10734712, Idle1: 10219687
2026-07-23 02:50:22 [INFO] Snapshot 2 taken. Total2: 10735518, Idle2: 10220081
2026-07-23 02:50:22 [INFO] CPU Usage calculated successfully: 51%
2026-07-23 02:50:22 [INFO] RAM Usage calculated successfully: 6%
2026-07-23 02:50:22 [INFO] Disk Usage calculated successfully: 1%
2026-07-23 02:50:22 [INFO] Analysis complete. System Status: OK
2026-07-23 02:51:16 [INFO] Snapshot 1 taken. Total1: 10798015, Idle1: 10280371
2026-07-23 02:51:17 [INFO] Snapshot 2 taken. Total2: 10798832, Idle2: 10281179
2026-07-23 02:51:17 [INFO] CPU Usage calculated successfully: 1%
2026-07-23 02:51:17 [INFO] RAM Usage calculated successfully: 7%
2026-07-23 02:51:17 [INFO] Disk Usage calculated successfully: 1%
2026-07-23 02:51:18 [INFO] Analysis complete. System Status: OK
2026-07-23 02:51:21 [INFO] Snapshot 1 taken. Total1: 10801628, Idle1: 10283858
2026-07-23 02:51:22 [INFO] Snapshot 2 taken. Total2: 10802436, Idle2: 10284644
2026-07-23 02:51:22 [INFO] CPU Usage calculated successfully: 2%
2026-07-23 02:51:22 [INFO] RAM Usage calculated successfully: 6%
2026-07-23 02:51:22 [INFO] Disk Usage calculated successfully: 1%
2026-07-23 02:51:22 [INFO] Analysis complete. System Status: OK
2026-07-23 02:51:25 [INFO] Snapshot 1 taken. Total1: 10805325, Idle1: 10287396
2026-07-23 02:51:51 [INFO] Snapshot 2 taken. Total2: 10806149, Idle2: 10288214
2026-07-23 02:51:51 [INFO] CPU Usage calculated successfully: 0%
2026-07-23 02:51:51 [INFO] RAM Usage calculated successfully: 6%
2026-07-23 02:51:51 [INFO] Disk Usage calculated successfully: 1%
2026-07-23 02:51:51 [INFO] Analysis complete. System Status: OK
2026-07-23 02:51:54 [INFO] Snapshot 1 taken. Total1: 10809030, Idle1: 10290960
2026-07-23 02:51:55 [INFO] Snapshot 2 taken. Total2: 10809854, Idle2: 10291779
2026-07-23 02:51:55 [INFO] CPU Usage calculated successfully: 0%
2026-07-23 02:51:55 [INFO] RAM Usage calculated successfully: 6%
2026-07-23 02:51:56 [INFO] Disk Usage calculated successfully: 1%
2026-07-23 02:51:56 [INFO] Analysis complete. System Status: OK
2026-07-23 02:52:01 [INFO] Snapshot 1 taken. Total1: 10814767, Idle1: 10295604
2026-07-23 02:52:02 [INFO] Snapshot 2 taken. Total2: 10815574, Idle2: 10295998
2026-07-23 02:52:02 [INFO] CPU Usage calculated successfully: 51%
2026-07-23 02:52:03 [INFO] RAM Usage calculated successfully: 6%
2026-07-23 02:52:03 [INFO] Disk Usage calculated successfully: 1%
2026-07-23 02:52:03 [INFO] Analysis complete. System Status: OK
2026-07-23 02:52:06 [INFO] Snapshot 1 taken. Total1: 10818121, Idle1: 10297236
2026-07-23 02:51:43 [INFO] Snapshot 2 taken. Total2: 10818922, Idle2: 10297624
2026-07-23 02:51:43 [INFO] CPU Usage calculated successfully: 51%
2026-07-23 02:51:43 [INFO] RAM Usage calculated successfully: 6%
2026-07-23 02:51:43 [INFO] Disk Usage calculated successfully: 1%
2026-07-23 02:51:43 [INFO] Analysis complete. System Status: OK
2026-07-23 02:51:46 [INFO] Snapshot 1 taken. Total1: 10821471, Idle1: 10298855
2026-07-23 02:51:47 [INFO] Snapshot 2 taken. Total2: 10822273, Idle2: 10299244
2026-07-23 02:51:47 [INFO] CPU Usage calculated successfully: 51%
2026-07-23 02:51:47 [INFO] RAM Usage calculated successfully: 6%
2026-07-23 02:51:47 [INFO] Disk Usage calculated successfully: 1%
2026-07-23 02:51:47 [INFO] Analysis complete. System Status: OK
2026-07-23 02:51:50 [INFO] Snapshot 1 taken. Total1: 10824837, Idle1: 10300477
2026-07-23 02:51:51 [INFO] Snapshot 2 taken. Total2: 10825649, Idle2: 10300880
2026-07-23 02:51:51 [INFO] CPU Usage calculated successfully: 50%
2026-07-23 02:52:15 [INFO] RAM Usage calculated successfully: 6%
2026-07-23 02:52:15 [INFO] Disk Usage calculated successfully: 1%
2026-07-23 02:52:15 [INFO] Analysis complete. System Status: OK
2026-07-23 02:51:54 [INFO] Snapshot 1 taken. Total1: 10828185, Idle1: 10302095
2026-07-23 02:51:55 [INFO] Snapshot 2 taken. Total2: 10828997, Idle2: 10302498
2026-07-23 02:51:55 [INFO] CPU Usage calculated successfully: 50%
2026-07-23 02:51:55 [INFO] RAM Usage calculated successfully: 6%
2026-07-23 02:51:55 [INFO] Disk Usage calculated successfully: 1%
2026-07-23 02:51:55 [INFO] Analysis complete. System Status: OK
2026-07-23 02:51:58 [INFO] Snapshot 1 taken. Total1: 10831545, Idle1: 10303726
2026-07-23 02:51:59 [INFO] Snapshot 2 taken. Total2: 10832354, Idle2: 10304119
2026-07-23 02:51:59 [INFO] CPU Usage calculated successfully: 51%
2026-07-23 02:51:59 [INFO] RAM Usage calculated successfully: 6%
2026-07-23 02:51:59 [INFO] Disk Usage calculated successfully: 1%
2026-07-23 02:51:59 [INFO] Analysis complete. System Status: OK
2026-07-23 02:52:15 [INFO] Snapshot 1 taken. Total1: 10844567, Idle1: 10314817
2026-07-23 02:52:16 [INFO] Snapshot 2 taken. Total2: 10845380, Idle2: 10315628
2026-07-23 02:52:16 [INFO] CPU Usage calculated successfully: 0%
2026-07-23 02:52:16 [INFO] RAM Usage calculated successfully: 6%
2026-07-23 02:52:16 [INFO] Disk Usage calculated successfully: 1%
2026-07-23 02:52:40 [INFO] Analysis complete. System Status: OK
2026-07-23 02:53:52 [INFO] Snapshot 1 taken. Total1: 10902483, Idle1: 10371002
2026-07-23 02:53:53 [INFO] Snapshot 2 taken. Total2: 10903291, Idle2: 10371404
2026-07-23 02:53:53 [INFO] CPU Usage calculated successfully: 50%
2026-07-23 02:53:53 [INFO] RAM Usage calculated successfully: 6%
2026-07-23 02:53:53 [INFO] Disk Usage calculated successfully: 1%
2026-07-23 02:53:53 [INFO] Analysis complete. System Status: OK
2026-09-03 12:39:03 [INFO] Snapshot 1 taken. Total1: 189264, Idle1: 188299
2026-09-03 12:39:04 [INFO] Snapshot 2 taken. Total2: 190086, Idle2: 189120
2026-09-03 12:39:04 [INFO] CPU Usage calculated successfully: 0%
2026-09-03 12:39:04 [INFO] RAM Usage calculated successfully: 6%
2026-09-03 12:39:04 [INFO] Disk Usage calculated successfully: 1%
2026-09-03 12:39:05 [INFO] Analysis complete. System Status: OK
2026-09-03 12:39:08 [INFO] Snapshot 1 taken. Total1: 192892, Idle1: 191859
2026-09-03 12:39:09 [INFO] Snapshot 2 taken. Total2: 193712, Idle2: 192672
2026-09-03 12:39:09 [INFO] CPU Usage calculated successfully: 0%
2026-09-03 12:39:09 [INFO] RAM Usage calculated successfully: 5%
2026-09-03 12:39:09 [INFO] Disk Usage calculated successfully: 1%
2026-09-03 12:39:09 [INFO] Analysis complete. System Status: OK
2026-09-03 12:39:12 [INFO] Snapshot 1 taken. Total1: 196504, Idle1: 195400
2026-09-03 12:39:13 [INFO] Snapshot 2 taken. Total2: 197322, Idle2: 196214
2026-09-03 12:39:13 [INFO] CPU Usage calculated successfully: 0%
2026-09-03 12:39:13 [INFO] RAM Usage calculated successfully: 6%
2026-09-03 12:39:13 [INFO] Disk Usage calculated successfully: 1%
2026-09-03 12:39:14 [INFO] Analysis complete. System Status: OK
2026-09-03 12:50:21 [INFO] Snapshot 1 taken. Total1: 731638, Idle1: 713728
2026-09-03 12:50:22 [INFO] Snapshot 2 taken. Total2: 732452, Idle2: 714541
2026-09-03 12:50:22 [INFO] CPU Usage calculated successfully: 0%
2026-09-03 12:50:22 [INFO] RAM Usage calculated successfully: 5%
2026-09-03 12:50:22 [INFO] Disk Usage calculated successfully: 1%
2026-09-03 12:50:22 [INFO] Analysis complete. System Status: OK
2026-09-03 12:50:25 [INFO] Snapshot 1 taken. Total1: 735252, Idle1: 717271
2026-09-03 12:50:26 [INFO] Snapshot 2 taken. Total2: 736076, Idle2: 718090
2026-09-03 12:50:26 [INFO] CPU Usage calculated successfully: 0%
2026-09-03 12:50:26 [INFO] RAM Usage calculated successfully: 5%
2026-09-03 12:50:26 [INFO] Disk Usage calculated successfully: 1%
2026-09-03 12:50:27 [INFO] Analysis complete. System Status: OK
2026-09-03 12:50:30 [INFO] Snapshot 1 taken. Total1: 738832, Idle1: 720783
2026-09-03 12:50:31 [INFO] Snapshot 2 taken. Total2: 739642, Idle2: 721591
2026-09-03 12:50:31 [INFO] CPU Usage calculated successfully: 0%
2026-09-03 12:50:31 [INFO] RAM Usage calculated successfully: 5%
2026-09-03 12:50:31 [INFO] Disk Usage calculated successfully: 1%
2026-09-03 12:50:31 [INFO] Analysis complete. System Status: OK
2026-09-03 12:52:02 [INFO] Snapshot 1 taken. Total1: 813151, Idle1: 791591
2026-09-03 12:52:03 [INFO] Snapshot 2 taken. Total2: 813959, Idle2: 791993
2026-09-03 12:52:03 [INFO] CPU Usage calculated successfully: 50%
2026-09-03 12:52:03 [INFO] RAM Usage calculated successfully: 5%
2026-09-03 12:52:03 [INFO] Disk Usage calculated successfully: 1%
2026-09-03 12:52:03 [INFO] Analysis complete. System Status: OK
2026-09-03 12:52:06 [INFO] Snapshot 1 taken. Total1: 816494, Idle1: 793236
2026-09-03 12:52:07 [INFO] Snapshot 2 taken. Total2: 817303, Idle2: 793638
2026-09-03 12:52:07 [INFO] CPU Usage calculated successfully: 50%
2026-09-03 12:52:07 [INFO] RAM Usage calculated successfully: 5%
2026-09-03 12:52:07 [INFO] Disk Usage calculated successfully: 1%
2026-09-03 12:52:07 [INFO] Analysis complete. System Status: OK
2026-09-03 12:52:10 [INFO] Snapshot 1 taken. Total1: 819838, Idle1: 794881
2026-09-03 12:52:11 [INFO] Snapshot 2 taken. Total2: 820645, Idle2: 795283
2026-09-03 12:52:11 [INFO] CPU Usage calculated successfully: 50%
2026-09-03 12:52:11 [INFO] RAM Usage calculated successfully: 5%
2026-09-03 12:52:11 [INFO] Disk Usage calculated successfully: 1%
2026-09-03 12:52:12 [INFO] Analysis complete. System Status: OK
2026-09-03 12:52:15 [INFO] Snapshot 1 taken. Total1: 823180, Idle1: 796527
2026-09-03 12:52:16 [INFO] Snapshot 2 taken. Total2: 823990, Idle2: 796929
2026-09-03 12:52:16 [INFO] CPU Usage calculated successfully: 50%
2026-09-03 12:52:16 [INFO] RAM Usage calculated successfully: 5%
2026-09-03 12:52:16 [INFO] Disk Usage calculated successfully: 1%
2026-09-03 12:52:16 [INFO] Analysis complete. System Status: OK
2026-09-03 12:52:19 [INFO] Snapshot 1 taken. Total1: 826517, Idle1: 798172
2026-09-03 12:52:20 [INFO] Snapshot 2 taken. Total2: 827326, Idle2: 798575
2026-09-03 12:52:20 [INFO] CPU Usage calculated successfully: 50%
2026-09-03 12:52:20 [INFO] RAM Usage calculated successfully: 5%
2026-09-03 12:52:20 [INFO] Disk Usage calculated successfully: 1%
2026-09-03 12:52:20 [INFO] Analysis complete. System Status: OK
2026-09-03 12:52:23 [INFO] Snapshot 1 taken. Total1: 829878, Idle1: 799826
2026-09-03 12:52:24 [INFO] Snapshot 2 taken. Total2: 830687, Idle2: 800229
2026-09-03 12:52:24 [INFO] CPU Usage calculated successfully: 50%
2026-09-03 12:52:24 [INFO] RAM Usage calculated successfully: 5%
2026-09-03 12:52:24 [INFO] Disk Usage calculated successfully: 1%
2026-09-03 12:52:24 [INFO] Analysis complete. System Status: OK
2026-09-03 12:52:27 [INFO] Snapshot 1 taken. Total1: 833223, Idle1: 801473
2026-09-03 12:52:28 [INFO] Snapshot 2 taken. Total2: 834039, Idle2: 801879
2026-09-03 12:52:28 [INFO] CPU Usage calculated successfully: 50%
2026-09-03 12:52:28 [INFO] RAM Usage calculated successfully: 5%
2026-09-03 12:52:28 [INFO] Disk Usage calculated successfully: 1%
2026-09-03 12:52:28 [INFO] Analysis complete. System Status: OK
2026-09-03 12:52:31 [INFO] Snapshot 1 taken. Total1: 836583, Idle1: 803125
2026-09-03 12:52:32 [INFO] Snapshot 2 taken. Total2: 837392, Idle2: 803528
2026-09-03 12:52:32 [INFO] CPU Usage calculated successfully: 50%
2026-09-03 12:52:32 [INFO] RAM Usage calculated successfully: 5%
2026-09-03 12:52:32 [INFO] Disk Usage calculated successfully: 1%
2026-09-03 12:52:33 [INFO] Analysis complete. System Status: OK
2026-09-03 12:52:36 [INFO] Snapshot 1 taken. Total1: 839924, Idle1: 804771
2026-09-03 12:52:37 [INFO] Snapshot 2 taken. Total2: 840733, Idle2: 805173
2026-09-03 12:52:37 [INFO] CPU Usage calculated successfully: 50%
2026-09-03 12:52:37 [INFO] RAM Usage calculated successfully: 5%
2026-09-03 12:52:37 [INFO] Disk Usage calculated successfully: 1%
2026-09-03 12:52:37 [INFO] Analysis complete. System Status: OK
2026-09-03 12:52:40 [INFO] Snapshot 1 taken. Total1: 843272, Idle1: 806419
2026-09-03 12:52:41 [INFO] Snapshot 2 taken. Total2: 844090, Idle2: 806826
2026-09-03 12:52:41 [INFO] CPU Usage calculated successfully: 50%
2026-09-03 12:52:41 [INFO] RAM Usage calculated successfully: 5%
2026-09-03 12:52:41 [INFO] Disk Usage calculated successfully: 1%
2026-09-03 12:52:41 [INFO] Analysis complete. System Status: OK
2026-09-03 12:52:44 [INFO] Snapshot 1 taken. Total1: 846637, Idle1: 808073
2026-09-03 12:52:45 [INFO] Snapshot 2 taken. Total2: 847447, Idle2: 808476
2026-09-03 12:52:45 [INFO] CPU Usage calculated successfully: 50%
2026-09-03 12:52:45 [INFO] RAM Usage calculated successfully: 5%
2026-09-03 12:52:45 [INFO] Disk Usage calculated successfully: 1%
2026-09-03 12:52:45 [INFO] Analysis complete. System Status: OK
2026-09-03 12:52:48 [INFO] Snapshot 1 taken. Total1: 849987, Idle1: 809722
2026-09-03 12:52:49 [INFO] Snapshot 2 taken. Total2: 850798, Idle2: 810124
2026-09-03 12:52:49 [INFO] CPU Usage calculated successfully: 50%
2026-09-03 12:52:49 [INFO] RAM Usage calculated successfully: 5%
2026-09-03 12:52:49 [INFO] Disk Usage calculated successfully: 1%
2026-09-03 12:52:49 [INFO] Analysis complete. System Status: OK
2026-09-03 12:52:52 [INFO] Snapshot 1 taken. Total1: 853336, Idle1: 811369
2026-09-03 12:52:53 [INFO] Snapshot 2 taken. Total2: 854143, Idle2: 811771
2026-09-03 12:52:53 [INFO] CPU Usage calculated successfully: 50%
2026-09-03 12:52:53 [INFO] RAM Usage calculated successfully: 5%
2026-09-03 12:52:53 [INFO] Disk Usage calculated successfully: 1%
2026-09-03 12:52:53 [INFO] Analysis complete. System Status: OK
2026-09-03 12:52:56 [INFO] Snapshot 1 taken. Total1: 856702, Idle1: 814242
2026-09-03 12:52:57 [INFO] Snapshot 2 taken. Total2: 857522, Idle2: 815058
2026-09-03 12:52:57 [INFO] CPU Usage calculated successfully: 0%
2026-09-03 12:52:57 [INFO] RAM Usage calculated successfully: 5%
2026-09-03 12:52:57 [INFO] Disk Usage calculated successfully: 1%
2026-09-03 12:52:57 [INFO] Analysis complete. System Status: OK
2026-09-03 12:53:01 [INFO] Snapshot 1 taken. Total1: 860325, Idle1: 817795
2026-09-03 12:53:02 [INFO] Snapshot 2 taken. Total2: 861144, Idle2: 818611
2026-09-03 12:53:02 [INFO] CPU Usage calculated successfully: 0%
2026-09-03 12:53:02 [INFO] RAM Usage calculated successfully: 5%
2026-09-03 12:53:02 [INFO] Disk Usage calculated successfully: 1%
2026-09-03 12:53:02 [INFO] Analysis complete. System Status: OK
2026-09-03 12:53:05 [INFO] Snapshot 1 taken. Total1: 863940, Idle1: 821341
2026-09-03 12:53:06 [INFO] Snapshot 2 taken. Total2: 864758, Idle2: 822154
2026-09-03 12:53:06 [INFO] CPU Usage calculated successfully: 0%
2026-09-03 12:53:06 [INFO] RAM Usage calculated successfully: 5%
2026-09-03 12:53:06 [INFO] Disk Usage calculated successfully: 1%
2026-09-03 12:53:07 [INFO] Analysis complete. System Status: OK
2026-09-03 12:53:10 [INFO] Snapshot 1 taken. Total1: 867558, Idle1: 824890
2026-09-03 12:53:11 [INFO] Snapshot 2 taken. Total2: 868378, Idle2: 825706
2026-09-03 12:53:11 [INFO] CPU Usage calculated successfully: 0%
2026-09-03 12:53:11 [INFO] RAM Usage calculated successfully: 5%
2026-09-03 12:53:11 [INFO] Disk Usage calculated successfully: 1%
2026-09-03 12:53:11 [INFO] Analysis complete. System Status: OK
2026-09-03 12:55:59 [INFO] Snapshot 1 taken. Total1: 1002971, Idle1: 955401
2026-09-03 12:56:00 [INFO] Snapshot 2 taken. Total2: 1003790, Idle2: 955401
2026-09-03 12:56:00 [INFO] CPU Usage calculated successfully: 100%
2026-09-03 12:56:00 [INFO] RAM Usage calculated successfully: 5%
2026-09-03 12:56:00 [INFO] Disk Usage calculated successfully: 1%
2026-09-03 12:56:00 [INFO] Analysis complete. System Status: CRITICAL
2026-09-03 12:56:00 [ERROR] ⚠️ ALERT! CPU utilization is CRITICAL: current value is 100%
2026-09-03 12:56:00 [WARNING] Email notification failed for CPU (CRITICAL, 100%).
2026-09-03 12:56:03 [INFO] Snapshot 1 taken. Total1: 1006558, Idle1: 955401
2026-09-03 12:56:05 [INFO] Snapshot 2 taken. Total2: 1007380, Idle2: 955401
2026-09-03 12:56:05 [INFO] CPU Usage calculated successfully: 100%
2026-09-03 12:56:05 [INFO] RAM Usage calculated successfully: 5%
2026-09-03 12:56:05 [INFO] Disk Usage calculated successfully: 1%
2026-09-03 12:56:05 [INFO] Analysis complete. System Status: CRITICAL
2026-09-03 12:56:08 [INFO] Snapshot 1 taken. Total1: 1010130, Idle1: 955401
2026-09-03 12:56:09 [INFO] Snapshot 2 taken. Total2: 1010958, Idle2: 955401
2026-09-03 12:56:09 [INFO] CPU Usage calculated successfully: 100%
2026-09-03 12:56:09 [INFO] RAM Usage calculated successfully: 5%
2026-09-03 12:56:09 [INFO] Disk Usage calculated successfully: 1%
2026-09-03 12:56:09 [INFO] Analysis complete. System Status: CRITICAL
2026-09-03 12:56:12 [INFO] Snapshot 1 taken. Total1: 1013719, Idle1: 955402
2026-09-03 12:56:13 [INFO] Snapshot 2 taken. Total2: 1014505, Idle2: 955402
2026-09-03 12:56:13 [INFO] CPU Usage calculated successfully: 100%
2026-09-03 12:56:14 [INFO] RAM Usage calculated successfully: 5%
2026-09-03 12:56:14 [INFO] Disk Usage calculated successfully: 1%
2026-09-03 12:56:14 [INFO] Analysis complete. System Status: CRITICAL
2026-09-03 12:56:17 [INFO] Snapshot 1 taken. Total1: 1017282, Idle1: 955402
2026-09-03 12:56:18 [INFO] Snapshot 2 taken. Total2: 1018102, Idle2: 955403
2026-09-03 12:56:18 [INFO] CPU Usage calculated successfully: 99%
2026-09-03 12:56:18 [INFO] RAM Usage calculated successfully: 5%
2026-09-03 12:56:18 [INFO] Disk Usage calculated successfully: 1%
2026-09-03 12:56:18 [INFO] Analysis complete. System Status: CRITICAL
2026-09-03 12:56:21 [INFO] Snapshot 1 taken. Total1: 1020890, Idle1: 955403
2026-09-03 12:56:22 [INFO] Snapshot 2 taken. Total2: 1021603, Idle2: 955403
2026-09-03 12:56:23 [INFO] CPU Usage calculated successfully: 100%
2026-09-03 12:56:23 [INFO] RAM Usage calculated successfully: 5%
2026-09-03 12:56:23 [INFO] Disk Usage calculated successfully: 1%
2026-09-03 12:56:23 [INFO] Analysis complete. System Status: CRITICAL
2026-09-03 12:56:26 [INFO] Snapshot 1 taken. Total1: 1024463, Idle1: 955405
2026-09-03 12:56:27 [INFO] Snapshot 2 taken. Total2: 1025276, Idle2: 955405
2026-09-03 12:56:27 [INFO] CPU Usage calculated successfully: 100%
2026-09-03 12:56:27 [INFO] RAM Usage calculated successfully: 5%
2026-09-03 12:56:27 [INFO] Disk Usage calculated successfully: 1%
2026-09-03 12:56:28 [INFO] Analysis complete. System Status: CRITICAL
2026-09-03 12:56:31 [INFO] Snapshot 1 taken. Total1: 1028059, Idle1: 955405
2026-09-03 12:56:32 [INFO] Snapshot 2 taken. Total2: 1028862, Idle2: 955405
2026-09-03 12:56:32 [INFO] CPU Usage calculated successfully: 100%
2026-09-03 12:56:32 [INFO] RAM Usage calculated successfully: 5%
2026-09-03 12:56:32 [INFO] Disk Usage calculated successfully: 1%
2026-09-03 12:56:32 [INFO] Analysis complete. System Status: CRITICAL
2026-09-03 12:56:35 [INFO] Snapshot 1 taken. Total1: 1031691, Idle1: 955406
2026-09-03 12:56:36 [INFO] Snapshot 2 taken. Total2: 1032509, Idle2: 955406
2026-09-03 12:56:36 [INFO] CPU Usage calculated successfully: 100%
2026-09-03 12:56:36 [INFO] RAM Usage calculated successfully: 5%
2026-09-03 12:56:37 [INFO] Disk Usage calculated successfully: 1%
2026-09-03 12:56:37 [INFO] Analysis complete. System Status: CRITICAL
2026-09-03 12:56:40 [INFO] Snapshot 1 taken. Total1: 1035309, Idle1: 955406
2026-09-03 12:56:41 [INFO] Snapshot 2 taken. Total2: 1036141, Idle2: 955406
2026-09-03 12:56:41 [INFO] CPU Usage calculated successfully: 100%
2026-09-03 12:56:41 [INFO] RAM Usage calculated successfully: 5%
2026-09-03 12:56:41 [INFO] Disk Usage calculated successfully: 1%
2026-09-03 12:56:41 [INFO] Analysis complete. System Status: CRITICAL
2026-09-03 12:56:44 [INFO] Snapshot 1 taken. Total1: 1038913, Idle1: 955406
2026-09-03 12:56:45 [INFO] Snapshot 2 taken. Total2: 1039743, Idle2: 955406
2026-09-03 12:56:46 [INFO] CPU Usage calculated successfully: 100%
2026-09-03 12:56:46 [INFO] RAM Usage calculated successfully: 5%
2026-09-03 12:56:46 [INFO] Disk Usage calculated successfully: 1%
2026-09-03 12:56:46 [INFO] Analysis complete. System Status: CRITICAL
2026-09-03 12:56:49 [INFO] Snapshot 1 taken. Total1: 1042528, Idle1: 955406
2026-09-03 12:56:50 [INFO] Snapshot 2 taken. Total2: 1043345, Idle2: 955406
2026-09-03 12:56:50 [INFO] CPU Usage calculated successfully: 100%
2026-09-03 12:56:50 [INFO] RAM Usage calculated successfully: 5%
2026-09-03 12:56:50 [INFO] Disk Usage calculated successfully: 1%
2026-09-03 12:56:50 [INFO] Analysis complete. System Status: CRITICAL
2026-09-03 12:56:54 [INFO] Snapshot 1 taken. Total1: 1046141, Idle1: 955406
2026-09-03 12:56:55 [INFO] Snapshot 2 taken. Total2: 1046937, Idle2: 955406
2026-09-03 12:56:55 [INFO] CPU Usage calculated successfully: 100%
2026-09-03 12:56:55 [INFO] RAM Usage calculated successfully: 5%
2026-09-03 12:56:55 [INFO] Disk Usage calculated successfully: 1%
2026-09-03 12:56:55 [INFO] Analysis complete. System Status: CRITICAL
2026-09-03 12:56:58 [INFO] Snapshot 1 taken. Total1: 1049746, Idle1: 957512
2026-09-03 12:56:59 [INFO] Snapshot 2 taken. Total2: 1050569, Idle2: 958331
2026-09-03 12:56:59 [INFO] CPU Usage calculated successfully: 0%
2026-09-03 12:56:59 [INFO] RAM Usage calculated successfully: 5%
2026-09-03 12:56:59 [INFO] Disk Usage calculated successfully: 1%
2026-09-03 12:57:00 [INFO] Analysis complete. System Status: OK
2026-09-03 18:33:39 [INFO] Snapshot 1 taken. Total1: 2472771, Idle1: 2437783
2026-09-03 18:33:40 [INFO] Snapshot 2 taken. Total2: 2473611, Idle2: 2437783
2026-09-03 18:33:40 [INFO] CPU Usage calculated successfully: 100%
2026-09-03 18:33:40 [INFO] RAM Usage calculated successfully: 5%
2026-09-03 18:33:41 [INFO] Disk Usage calculated successfully: 1%
2026-09-03 18:33:41 [INFO] Analysis complete. System Status: CRITICAL
2026-09-03 18:33:41 [ERROR] ⚠️ ALERT! CPU utilization is CRITICAL: current value is 100%
2026-09-03 18:33:42 [WARNING] Email notification failed for CPU (CRITICAL, 100%).
2026-09-03 18:33:45 [INFO] Snapshot 1 taken. Total1: 2477341, Idle1: 2437783
2026-09-03 18:33:46 [INFO] Snapshot 2 taken. Total2: 2478168, Idle2: 2437783
2026-09-03 18:33:46 [INFO] CPU Usage calculated successfully: 100%
2026-09-03 18:33:46 [INFO] RAM Usage calculated successfully: 5%
2026-09-03 18:33:46 [INFO] Disk Usage calculated successfully: 1%
2026-09-03 18:33:47 [INFO] Analysis complete. System Status: CRITICAL
2026-09-03 18:33:50 [INFO] Snapshot 1 taken. Total1: 2481004, Idle1: 2437783
2026-09-03 18:33:51 [INFO] Snapshot 2 taken. Total2: 2481773, Idle2: 2437783
2026-09-03 18:33:51 [INFO] CPU Usage calculated successfully: 100%
2026-09-03 18:33:51 [INFO] RAM Usage calculated successfully: 5%
2026-09-03 18:33:51 [INFO] Disk Usage calculated successfully: 1%
2026-09-03 18:33:51 [INFO] Analysis complete. System Status: CRITICAL
2026-09-03 18:33:54 [INFO] Snapshot 1 taken. Total1: 2484595, Idle1: 2437783
2026-09-03 18:33:55 [INFO] Snapshot 2 taken. Total2: 2485419, Idle2: 2437783
2026-09-03 18:33:55 [INFO] CPU Usage calculated successfully: 100%
2026-09-03 18:33:55 [INFO] RAM Usage calculated successfully: 5%
2026-09-03 18:33:55 [INFO] Disk Usage calculated successfully: 1%
2026-09-03 18:33:56 [INFO] Analysis complete. System Status: CRITICAL
2026-09-03 18:33:59 [INFO] Snapshot 1 taken. Total1: 2488232, Idle1: 2438608
2026-09-03 18:34:00 [INFO] Snapshot 2 taken. Total2: 2489062, Idle2: 2439435
2026-09-03 18:34:00 [INFO] CPU Usage calculated successfully: 0%
2026-09-03 18:34:00 [INFO] RAM Usage calculated successfully: 5%
2026-09-03 18:34:00 [INFO] Disk Usage calculated successfully: 1%
2026-09-03 18:34:00 [INFO] Analysis complete. System Status: OK
2026-09-03 18:34:03 [INFO] Snapshot 1 taken. Total1: 2491825, Idle1: 2442141
2026-09-03 18:34:04 [INFO] Snapshot 2 taken. Total2: 2492682, Idle2: 2442994
2026-09-03 18:34:04 [INFO] CPU Usage calculated successfully: 0%
2026-09-03 18:34:04 [INFO] RAM Usage calculated successfully: 5%
2026-09-03 18:34:04 [INFO] Disk Usage calculated successfully: 1%
2026-09-03 18:34:05 [INFO] Analysis complete. System Status: OK
2026-09-03 18:34:06 [INFO] Snapshot 1 taken. Total1: 2495376, Idle1: 2445640
2026-09-03 18:34:07 [INFO] Snapshot 2 taken. Total2: 2496188, Idle2: 2446450
2026-09-03 18:34:07 [INFO] CPU Usage calculated successfully: 0%
2026-09-03 18:34:07 [INFO] RAM Usage calculated successfully: 5%
2026-09-03 18:34:07 [INFO] Disk Usage calculated successfully: 1%
2026-09-03 18:34:07 [INFO] Analysis complete. System Status: OK
2026-09-03 18:34:10 [INFO] Snapshot 1 taken. Total1: 2498911, Idle1: 2449117
2026-09-03 18:34:11 [INFO] Snapshot 2 taken. Total2: 2499736, Idle2: 2449940
2026-09-03 18:34:11 [INFO] CPU Usage calculated successfully: 0%
2026-09-03 18:34:11 [INFO] RAM Usage calculated successfully: 5%
2026-09-03 18:34:11 [INFO] Disk Usage calculated successfully: 1%
2026-09-03 18:34:11 [INFO] Analysis complete. System Status: OK
2026-09-03 18:34:15 [INFO] Snapshot 1 taken. Total1: 2502364, Idle1: 2452532
2026-09-03 18:34:16 [INFO] Snapshot 2 taken. Total2: 2503195, Idle2: 2453356
2026-09-03 18:34:16 [INFO] CPU Usage calculated successfully: 0%
2026-09-03 18:34:16 [INFO] RAM Usage calculated successfully: 5%
2026-09-03 18:34:16 [INFO] Disk Usage calculated successfully: 1%
2026-09-03 18:34:16 [INFO] Analysis complete. System Status: OK
2026-09-03 18:34:19 [INFO] Snapshot 1 taken. Total1: 2505942, Idle1: 2456047
2026-09-03 18:34:20 [INFO] Snapshot 2 taken. Total2: 2506773, Idle2: 2456873
2026-09-03 18:34:20 [INFO] CPU Usage calculated successfully: 0%
2026-09-03 18:34:20 [INFO] RAM Usage calculated successfully: 5%
2026-09-03 18:34:20 [INFO] Disk Usage calculated successfully: 1%
2026-09-03 18:34:21 [INFO] Analysis complete. System Status: OK
2026-09-03 18:34:24 [INFO] Snapshot 1 taken. Total1: 2509738, Idle1: 2459745
2026-09-03 18:34:25 [INFO] Snapshot 2 taken. Total2: 2510574, Idle2: 2460578
2026-09-03 18:34:25 [INFO] CPU Usage calculated successfully: 0%
2026-09-03 18:34:25 [INFO] RAM Usage calculated successfully: 5%
2026-09-03 18:34:25 [INFO] Disk Usage calculated successfully: 1%
2026-09-03 18:34:25 [INFO] Analysis complete. System Status: OK
2026-09-03 18:34:28 [INFO] Snapshot 1 taken. Total1: 2513425, Idle1: 2463351
2026-09-03 18:34:29 [INFO] Snapshot 2 taken. Total2: 2514240, Idle2: 2464163
2026-09-03 18:34:29 [INFO] CPU Usage calculated successfully: 0%
2026-09-03 18:34:29 [INFO] RAM Usage calculated successfully: 5%
2026-09-03 18:34:29 [INFO] Disk Usage calculated successfully: 1%
2026-09-03 18:34:30 [INFO] Analysis complete. System Status: OK
2026-09-03 18:34:33 [INFO] Snapshot 1 taken. Total1: 2516809, Idle1: 2466706
2026-09-03 18:34:34 [INFO] Snapshot 2 taken. Total2: 2517632, Idle2: 2467525
2026-09-03 18:34:34 [INFO] CPU Usage calculated successfully: 0%
2026-09-03 18:34:34 [INFO] RAM Usage calculated successfully: 5%
2026-09-03 18:34:34 [INFO] Disk Usage calculated successfully: 1%
2026-09-03 18:34:34 [INFO] Analysis complete. System Status: OK
2026-09-03 18:34:37 [INFO] Snapshot 1 taken. Total1: 2520265, Idle1: 2470117
2026-09-03 18:34:36 [INFO] Snapshot 2 taken. Total2: 2521084, Idle2: 2470932
2026-09-03 18:34:36 [INFO] CPU Usage calculated successfully: 0%
2026-09-03 18:34:36 [INFO] RAM Usage calculated successfully: 5%
2026-09-03 18:34:36 [INFO] Disk Usage calculated successfully: 1%
2026-09-03 18:34:36 [INFO] Analysis complete. System Status: OK
2026-09-03 18:34:39 [INFO] Snapshot 1 taken. Total1: 2523754, Idle1: 2473558
2026-09-03 18:34:40 [INFO] Snapshot 2 taken. Total2: 2524590, Idle2: 2474388
2026-09-03 18:34:40 [INFO] CPU Usage calculated successfully: 0%
2026-09-03 18:34:40 [INFO] RAM Usage calculated successfully: 5%
2026-09-03 18:34:40 [INFO] Disk Usage calculated successfully: 1%
2026-09-03 18:34:41 [INFO] Analysis complete. System Status: OK
2026-09-03 18:34:44 [INFO] Snapshot 1 taken. Total1: 2527163, Idle1: 2476933
2026-09-03 18:34:45 [INFO] Snapshot 2 taken. Total2: 2527974, Idle2: 2477743
2026-09-03 18:34:45 [INFO] CPU Usage calculated successfully: 0%
2026-09-03 18:34:45 [INFO] RAM Usage calculated successfully: 5%
2026-09-03 18:34:45 [INFO] Disk Usage calculated successfully: 1%
2026-09-03 18:34:45 [INFO] Analysis complete. System Status: OK
2026-09-03 18:34:48 [INFO] Snapshot 1 taken. Total1: 2530594, Idle1: 2480325
2026-09-03 18:34:49 [INFO] Snapshot 2 taken. Total2: 2531432, Idle2: 2481158
2026-09-03 18:34:49 [INFO] CPU Usage calculated successfully: 0%
2026-09-03 18:34:49 [INFO] RAM Usage calculated successfully: 5%
2026-09-03 18:34:49 [INFO] Disk Usage calculated successfully: 1%
2026-09-03 18:34:49 [INFO] Analysis complete. System Status: OK
2026-09-03 18:34:53 [INFO] Snapshot 1 taken. Total1: 2534402, Idle1: 2484035
2026-09-03 18:34:54 [INFO] Snapshot 2 taken. Total2: 2535235, Idle2: 2484863
2026-09-03 18:34:54 [INFO] CPU Usage calculated successfully: 0%
2026-09-03 18:34:54 [INFO] RAM Usage calculated successfully: 5%
2026-09-03 18:34:54 [INFO] Disk Usage calculated successfully: 1%
2026-09-03 18:34:54 [INFO] Analysis complete. System Status: OK
2026-09-03 18:34:57 [INFO] Snapshot 1 taken. Total1: 2537995, Idle1: 2487561
2026-09-03 18:34:58 [INFO] Snapshot 2 taken. Total2: 2538811, Idle2: 2488375
2026-09-03 18:34:58 [INFO] CPU Usage calculated successfully: 0%
2026-09-03 18:34:58 [INFO] RAM Usage calculated successfully: 5%
2026-09-03 18:34:58 [INFO] Disk Usage calculated successfully: 1%
2026-09-03 18:34:58 [INFO] Analysis complete. System Status: OK
2026-09-03 18:35:01 [INFO] Snapshot 1 taken. Total1: 2541408, Idle1: 2490941
2026-09-03 18:35:02 [INFO] Snapshot 2 taken. Total2: 2542225, Idle2: 2491755
2026-09-03 18:35:02 [INFO] CPU Usage calculated successfully: 0%
2026-09-03 18:35:03 [INFO] RAM Usage calculated successfully: 5%
2026-09-03 18:35:03 [INFO] Disk Usage calculated successfully: 1%
2026-09-03 18:35:03 [INFO] Analysis complete. System Status: OK
2026-09-03 18:35:06 [INFO] Snapshot 1 taken. Total1: 2544830, Idle1: 2494325
2026-09-03 18:35:07 [INFO] Snapshot 2 taken. Total2: 2545656, Idle2: 2495146
2026-09-03 18:35:07 [INFO] CPU Usage calculated successfully: 0%
2026-09-03 18:35:07 [INFO] RAM Usage calculated successfully: 5%
2026-09-03 18:35:07 [INFO] Disk Usage calculated successfully: 1%
2026-09-03 18:35:07 [INFO] Analysis complete. System Status: OK
2026-09-03 18:35:08 [INFO] Snapshot 1 taken. Total1: 2548255, Idle1: 2497710
2026-09-03 18:35:09 [INFO] Snapshot 2 taken. Total2: 2549107, Idle2: 2498554
2026-09-03 18:35:09 [INFO] CPU Usage calculated successfully: 0%
2026-09-03 18:35:09 [INFO] RAM Usage calculated successfully: 5%
2026-09-03 18:35:09 [INFO] Disk Usage calculated successfully: 1%
2026-09-03 18:35:10 [INFO] Analysis complete. System Status: OK
2026-09-03 18:35:13 [INFO] Snapshot 1 taken. Total1: 2551870, Idle1: 2501254
2026-09-03 18:35:14 [INFO] Snapshot 2 taken. Total2: 2552712, Idle2: 2502095
2026-09-03 18:35:14 [INFO] CPU Usage calculated successfully: 0%
2026-09-03 18:35:14 [INFO] RAM Usage calculated successfully: 5%
2026-09-03 18:35:14 [INFO] Disk Usage calculated successfully: 1%
2026-09-03 18:35:14 [INFO] Analysis complete. System Status: OK
2026-09-03 18:35:17 [INFO] Snapshot 1 taken. Total1: 2555335, Idle1: 2504685
2026-09-03 18:35:18 [INFO] Snapshot 2 taken. Total2: 2556184, Idle2: 2505529
2026-09-03 18:35:18 [INFO] CPU Usage calculated successfully: 0%
2026-09-03 18:35:18 [INFO] RAM Usage calculated successfully: 5%
2026-09-03 18:35:18 [INFO] Disk Usage calculated successfully: 1%
2026-09-03 18:35:18 [INFO] Analysis complete. System Status: OK
2026-09-03 19:00:31 [INFO] Snapshot 1 taken. Total1: 3844849, Idle1: 3768645
2026-09-03 19:00:33 [INFO] Snapshot 2 taken. Total2: 3845678, Idle2: 3768645
2026-09-03 19:00:33 [INFO] CPU Usage calculated successfully: 100%
2026-09-03 19:00:33 [INFO] RAM Usage calculated successfully: 5%
2026-09-03 19:00:33 [INFO] Disk Usage calculated successfully: 1%
2026-09-03 19:00:33 [INFO] Analysis complete. System Status: CRITICAL
2026-09-03 19:00:33 [ERROR] ⚠️ ALERT! CPU utilization is CRITICAL: current value is 100%
2026-09-03 19:00:37 [INFO] Snapshot 1 taken. Total1: 3849494, Idle1: 3768645
2026-09-03 19:00:38 [INFO] Snapshot 2 taken. Total2: 3850322, Idle2: 3768645
2026-09-03 19:00:38 [INFO] CPU Usage calculated successfully: 100%
2026-09-03 19:00:38 [INFO] RAM Usage calculated successfully: 5%
2026-09-03 19:00:39 [INFO] Disk Usage calculated successfully: 1%
2026-09-03 19:00:39 [INFO] Analysis complete. System Status: CRITICAL
2026-09-03 19:00:42 [INFO] Snapshot 1 taken. Total1: 3853149, Idle1: 3768645
2026-09-03 19:00:43 [INFO] Snapshot 2 taken. Total2: 3853973, Idle2: 3768645
2026-09-03 19:00:43 [INFO] CPU Usage calculated successfully: 100%
2026-09-03 19:00:43 [INFO] RAM Usage calculated successfully: 5%
2026-09-03 19:00:43 [INFO] Disk Usage calculated successfully: 1%
2026-09-03 19:00:43 [INFO] Analysis complete. System Status: CRITICAL
2026-09-03 19:00:47 [INFO] Snapshot 1 taken. Total1: 3856813, Idle1: 3768647
2026-09-03 19:00:48 [INFO] Snapshot 2 taken. Total2: 3857618, Idle2: 3768647
2026-09-03 19:00:48 [INFO] CPU Usage calculated successfully: 100%
2026-09-03 19:00:48 [INFO] RAM Usage calculated successfully: 5%
2026-09-03 19:00:48 [INFO] Disk Usage calculated successfully: 1%
2026-09-03 19:00:48 [INFO] Analysis complete. System Status: CRITICAL
2026-09-03 19:00:51 [INFO] Snapshot 1 taken. Total1: 3860514, Idle1: 3768647
2026-09-03 19:00:52 [INFO] Snapshot 2 taken. Total2: 3861287, Idle2: 3768647
2026-09-03 19:00:52 [INFO] CPU Usage calculated successfully: 100%
2026-09-03 19:00:52 [INFO] RAM Usage calculated successfully: 6%
2026-09-03 19:00:52 [INFO] Disk Usage calculated successfully: 1%
2026-09-03 19:00:53 [INFO] Analysis complete. System Status: CRITICAL
2026-09-03 19:00:54 [INFO] Snapshot 1 taken. Total1: 3864079, Idle1: 3768648
2026-09-03 19:00:55 [INFO] Snapshot 2 taken. Total2: 3864893, Idle2: 3768648
2026-09-03 19:00:55 [INFO] CPU Usage calculated successfully: 100%
2026-09-03 19:00:55 [INFO] RAM Usage calculated successfully: 6%
2026-09-03 19:00:55 [INFO] Disk Usage calculated successfully: 1%
2026-09-03 19:00:55 [INFO] Analysis complete. System Status: CRITICAL
2026-09-03 19:00:59 [INFO] Snapshot 1 taken. Total1: 3867634, Idle1: 3768649
2026-09-03 19:01:00 [INFO] Snapshot 2 taken. Total2: 3868447, Idle2: 3768649
2026-09-03 19:01:00 [INFO] CPU Usage calculated successfully: 100%
2026-09-03 19:01:00 [INFO] RAM Usage calculated successfully: 6%
2026-09-03 19:01:00 [INFO] Disk Usage calculated successfully: 1%
2026-09-03 19:01:00 [INFO] Analysis complete. System Status: CRITICAL
2026-09-03 19:01:03 [INFO] Snapshot 1 taken. Total1: 3871305, Idle1: 3768649
2026-09-03 19:01:04 [INFO] Snapshot 2 taken. Total2: 3872138, Idle2: 3768649
2026-09-03 19:01:04 [INFO] CPU Usage calculated successfully: 100%
2026-09-03 19:01:04 [INFO] RAM Usage calculated successfully: 6%
2026-09-03 19:01:04 [INFO] Disk Usage calculated successfully: 1%
2026-09-03 19:01:05 [INFO] Analysis complete. System Status: CRITICAL
2026-09-03 19:01:08 [INFO] Snapshot 1 taken. Total1: 3874932, Idle1: 3768649
2026-09-03 19:01:09 [INFO] Snapshot 2 taken. Total2: 3875763, Idle2: 3768649
2026-09-03 19:01:09 [INFO] CPU Usage calculated successfully: 100%
2026-09-03 19:01:09 [INFO] RAM Usage calculated successfully: 5%
2026-09-03 19:01:09 [INFO] Disk Usage calculated successfully: 1%
2026-09-03 19:01:09 [INFO] Analysis complete. System Status: CRITICAL
2026-09-03 19:01:12 [INFO] Snapshot 1 taken. Total1: 3878560, Idle1: 3768650
2026-09-03 19:01:13 [INFO] Snapshot 2 taken. Total2: 3879387, Idle2: 3768842
2026-09-03 19:01:13 [INFO] CPU Usage calculated successfully: 76%
2026-09-03 19:01:13 [INFO] RAM Usage calculated successfully: 6%
2026-09-03 19:01:14 [INFO] Disk Usage calculated successfully: 1%
2026-09-03 19:01:14 [INFO] Analysis complete. System Status: WARNING
2026-09-03 19:01:17 [INFO] Snapshot 1 taken. Total1: 3882263, Idle1: 3771629
2026-09-03 19:01:18 [INFO] Snapshot 2 taken. Total2: 3883099, Idle2: 3772460
2026-09-03 19:01:18 [INFO] CPU Usage calculated successfully: 0%
2026-09-03 19:01:18 [INFO] RAM Usage calculated successfully: 5%
2026-09-03 19:01:18 [INFO] Disk Usage calculated successfully: 1%
2026-09-03 19:01:18 [INFO] Analysis complete. System Status: OK
2026-09-03 19:01:22 [INFO] Snapshot 1 taken. Total1: 3885961, Idle1: 3775241
2026-09-03 19:01:23 [INFO] Snapshot 2 taken. Total2: 3886780, Idle2: 3776058
2026-09-03 19:01:23 [INFO] CPU Usage calculated successfully: 0%
2026-09-03 19:01:23 [INFO] RAM Usage calculated successfully: 5%
2026-09-03 19:01:23 [INFO] Disk Usage calculated successfully: 1%
2026-09-03 19:01:23 [INFO] Analysis complete. System Status: OK
2026-09-03 19:01:24 [INFO] Snapshot 1 taken. Total1: 3889627, Idle1: 3778823
2026-09-03 19:01:25 [INFO] Snapshot 2 taken. Total2: 3890467, Idle2: 3779660
2026-09-03 19:01:25 [INFO] CPU Usage calculated successfully: 0%
2026-09-03 19:01:25 [INFO] RAM Usage calculated successfully: 5%
2026-09-03 19:01:25 [INFO] Disk Usage calculated successfully: 1%
2026-09-03 19:01:26 [INFO] Analysis complete. System Status: OK
2026-09-03 19:01:29 [INFO] Snapshot 1 taken. Total1: 3893257, Idle1: 3782380
2026-09-03 19:01:30 [INFO] Snapshot 2 taken. Total2: 3894098, Idle2: 3783216
2026-09-03 19:01:30 [INFO] CPU Usage calculated successfully: 0%
2026-09-03 19:01:30 [INFO] RAM Usage calculated successfully: 5%
2026-09-03 19:01:30 [INFO] Disk Usage calculated successfully: 1%
2026-09-03 19:01:30 [INFO] Analysis complete. System Status: OK
2026-09-03 19:01:33 [INFO] Snapshot 1 taken. Total1: 3896994, Idle1: 3786024
2026-09-03 19:01:35 [INFO] Snapshot 2 taken. Total2: 3897832, Idle2: 3786856
2026-09-03 19:01:35 [INFO] CPU Usage calculated successfully: 0%
2026-09-03 19:01:35 [INFO] RAM Usage calculated successfully: 5%
2026-09-03 19:01:35 [INFO] Disk Usage calculated successfully: 1%
2026-09-03 19:01:35 [INFO] Analysis complete. System Status: OK
2026-09-03 19:01:38 [INFO] Snapshot 1 taken. Total1: 3900586, Idle1: 3789547
2026-09-03 19:01:39 [INFO] Snapshot 2 taken. Total2: 3901402, Idle2: 3790361
2026-09-03 19:01:39 [INFO] CPU Usage calculated successfully: 0%
2026-09-03 19:01:39 [INFO] RAM Usage calculated successfully: 5%
2026-09-03 19:01:39 [INFO] Disk Usage calculated successfully: 1%
2026-09-03 19:01:39 [INFO] Analysis complete. System Status: OK
2026-09-03 19:01:43 [INFO] Snapshot 1 taken. Total1: 3904241, Idle1: 3793125
2026-09-03 19:01:44 [INFO] Snapshot 2 taken. Total2: 3905080, Idle2: 3793961
2026-09-03 19:01:44 [INFO] CPU Usage calculated successfully: 0%
2026-09-03 19:01:44 [INFO] RAM Usage calculated successfully: 5%
2026-09-03 19:01:44 [INFO] Disk Usage calculated successfully: 1%
2026-09-03 19:01:44 [INFO] Analysis complete. System Status: OK
2026-09-03 19:01:47 [INFO] Snapshot 1 taken. Total1: 3907956, Idle1: 3796758
2026-09-03 19:01:48 [INFO] Snapshot 2 taken. Total2: 3908785, Idle2: 3797582
2026-09-03 19:01:48 [INFO] CPU Usage calculated successfully: 0%
2026-09-03 19:01:48 [INFO] RAM Usage calculated successfully: 5%
2026-09-03 19:01:48 [INFO] Disk Usage calculated successfully: 1%
2026-09-03 19:01:49 [INFO] Analysis complete. System Status: OK
2026-09-03 19:01:52 [INFO] Snapshot 1 taken. Total1: 3911619, Idle1: 3800341
2026-09-03 19:01:53 [INFO] Snapshot 2 taken. Total2: 3912451, Idle2: 3801169
2026-09-03 19:01:53 [INFO] CPU Usage calculated successfully: 0%
2026-09-03 19:01:53 [INFO] RAM Usage calculated successfully: 5%
2026-09-03 19:01:53 [INFO] Disk Usage calculated successfully: 1%
2026-09-03 19:01:53 [INFO] Analysis complete. System Status: OK
2026-09-03 19:01:55 [INFO] Snapshot 1 taken. Total1: 3915302, Idle1: 3803934
2026-09-03 19:01:56 [INFO] Snapshot 2 taken. Total2: 3916144, Idle2: 3804772
2026-09-03 19:01:56 [INFO] CPU Usage calculated successfully: 0%
2026-09-03 19:01:56 [INFO] RAM Usage calculated successfully: 6%
2026-09-03 19:01:56 [INFO] Disk Usage calculated successfully: 1%
2026-09-03 19:01:56 [INFO] Analysis complete. System Status: OK
2026-09-03 19:01:59 [INFO] Snapshot 1 taken. Total1: 3918749, Idle1: 3807345
2026-09-03 19:02:00 [INFO] Snapshot 2 taken. Total2: 3919585, Idle2: 3808174
2026-09-03 19:02:00 [INFO] CPU Usage calculated successfully: 0%
2026-09-03 19:02:00 [INFO] RAM Usage calculated successfully: 6%
2026-09-03 19:02:00 [INFO] Disk Usage calculated successfully: 1%
2026-09-03 19:02:00 [INFO] Analysis complete. System Status: OK
2026-09-03 19:02:04 [INFO] Snapshot 1 taken. Total1: 3922450, Idle1: 3810959
2026-09-03 19:02:05 [INFO] Snapshot 2 taken. Total2: 3923281, Idle2: 3811785
2026-09-03 19:02:05 [INFO] CPU Usage calculated successfully: 0%
2026-09-03 19:02:05 [INFO] RAM Usage calculated successfully: 6%
2026-09-03 19:02:05 [INFO] Disk Usage calculated successfully: 1%
2026-09-03 19:02:05 [INFO] Analysis complete. System Status: OK
2026-09-03 19:02:08 [INFO] Snapshot 1 taken. Total1: 3926031, Idle1: 3814472
2026-09-03 19:02:09 [INFO] Snapshot 2 taken. Total2: 3926873, Idle2: 3815308
2026-09-03 19:02:09 [INFO] CPU Usage calculated successfully: 0%
2026-09-03 19:02:09 [INFO] RAM Usage calculated successfully: 6%
2026-09-03 19:02:09 [INFO] Disk Usage calculated successfully: 1%
2026-09-03 19:02:10 [INFO] Analysis complete. System Status: OK
2026-09-03 19:02:13 [INFO] Snapshot 1 taken. Total1: 3929746, Idle1: 3818096
2026-09-03 19:02:14 [INFO] Snapshot 2 taken. Total2: 3930575, Idle2: 3818920
2026-09-03 19:02:14 [INFO] CPU Usage calculated successfully: 0%
2026-09-03 19:02:14 [INFO] RAM Usage calculated successfully: 6%
2026-09-03 19:02:14 [INFO] Disk Usage calculated successfully: 1%
2026-09-03 19:02:14 [INFO] Analysis complete. System Status: OK
2026-09-03 19:02:17 [INFO] Snapshot 1 taken. Total1: 3933429, Idle1: 3821696
2026-09-03 19:02:18 [INFO] Snapshot 2 taken. Total2: 3934248, Idle2: 3822512
2026-09-03 19:02:18 [INFO] CPU Usage calculated successfully: 0%
2026-09-03 19:02:18 [INFO] RAM Usage calculated successfully: 6%
2026-09-03 19:02:19 [INFO] Disk Usage calculated successfully: 1%
2026-09-03 19:02:19 [INFO] Analysis complete. System Status: OK
2026-09-03 19:02:22 [INFO] Snapshot 1 taken. Total1: 3937112, Idle1: 3825290
2026-09-03 19:02:23 [INFO] Snapshot 2 taken. Total2: 3937932, Idle2: 3826107
2026-09-03 19:02:23 [INFO] CPU Usage calculated successfully: 0%
2026-09-03 19:02:23 [INFO] RAM Usage calculated successfully: 6%
2026-09-03 19:02:23 [INFO] Disk Usage calculated successfully: 1%
2026-09-03 19:02:23 [INFO] Analysis complete. System Status: OK
2026-09-03 19:02:25 [INFO] Snapshot 1 taken. Total1: 3940827, Idle1: 3828923
2026-09-03 19:02:26 [INFO] Snapshot 2 taken. Total2: 3941658, Idle2: 3829749
2026-09-03 19:02:26 [INFO] CPU Usage calculated successfully: 0%
2026-09-03 19:02:26 [INFO] RAM Usage calculated successfully: 6%
2026-09-03 19:02:26 [INFO] Disk Usage calculated successfully: 1%
2026-09-03 19:02:26 [INFO] Analysis complete. System Status: OK
2026-09-03 19:02:29 [INFO] Snapshot 1 taken. Total1: 3944560, Idle1: 3832571
2026-09-03 19:02:30 [INFO] Snapshot 2 taken. Total2: 3945389, Idle2: 3833395
2026-09-03 19:02:30 [INFO] CPU Usage calculated successfully: 0%
2026-09-03 19:02:30 [INFO] RAM Usage calculated successfully: 6%
2026-09-03 19:02:30 [INFO] Disk Usage calculated successfully: 1%
2026-09-03 19:02:31 [INFO] Analysis complete. System Status: OK
2026-09-03 19:02:34 [INFO] Snapshot 1 taken. Total1: 3948250, Idle1: 3836174
2026-09-03 19:02:35 [INFO] Snapshot 2 taken. Total2: 3949070, Idle2: 3836991
2026-09-03 19:02:35 [INFO] CPU Usage calculated successfully: 0%
2026-09-03 19:02:35 [INFO] RAM Usage calculated successfully: 6%
2026-09-03 19:02:35 [INFO] Disk Usage calculated successfully: 1%
2026-09-03 19:02:35 [INFO] Analysis complete. System Status: OK
2026-09-03 19:02:38 [INFO] Snapshot 1 taken. Total1: 3951839, Idle1: 3839699
2026-09-03 19:02:39 [INFO] Snapshot 2 taken. Total2: 3952668, Idle2: 3840524
2026-09-03 19:02:39 [INFO] CPU Usage calculated successfully: 0%
2026-09-03 19:02:40 [INFO] RAM Usage calculated successfully: 6%
2026-09-03 19:02:40 [INFO] Disk Usage calculated successfully: 1%
2026-09-03 19:02:40 [INFO] Analysis complete. System Status: OK
2026-09-03 19:02:43 [INFO] Snapshot 1 taken. Total1: 3955547, Idle1: 3843322
2026-09-03 19:02:44 [INFO] Snapshot 2 taken. Total2: 3956365, Idle2: 3844138
2026-09-03 19:02:44 [INFO] CPU Usage calculated successfully: 0%
2026-09-03 19:02:44 [INFO] RAM Usage calculated successfully: 6%
2026-09-03 19:02:44 [INFO] Disk Usage calculated successfully: 1%
2026-09-03 19:02:45 [INFO] Analysis complete. System Status: OK
2026-09-03 19:02:48 [INFO] Snapshot 1 taken. Total1: 3959263, Idle1: 3846958
2026-09-03 19:02:49 [INFO] Snapshot 2 taken. Total2: 3960080, Idle2: 3847773
2026-09-03 19:02:49 [INFO] CPU Usage calculated successfully: 0%
2026-09-03 19:02:49 [INFO] RAM Usage calculated successfully: 6%
2026-09-03 19:02:49 [INFO] Disk Usage calculated successfully: 1%
2026-09-03 19:02:49 [INFO] Analysis complete. System Status: OK
2026-09-03 19:02:52 [INFO] Snapshot 1 taken. Total1: 3962925, Idle1: 3850539
2026-09-03 19:02:53 [INFO] Snapshot 2 taken. Total2: 3963742, Idle2: 3851354
2026-09-03 19:02:53 [INFO] CPU Usage calculated successfully: 0%
2026-09-03 19:02:53 [INFO] RAM Usage calculated successfully: 6%
2026-09-03 19:02:53 [INFO] Disk Usage calculated successfully: 1%
2026-09-03 19:02:54 [INFO] Analysis complete. System Status: OK
2026-09-03 19:02:55 [INFO] Snapshot 1 taken. Total1: 3966581, Idle1: 3854109
2026-09-03 19:02:56 [INFO] Snapshot 2 taken. Total2: 3967413, Idle2: 3854936
2026-09-03 19:02:56 [INFO] CPU Usage calculated successfully: 0%
2026-09-03 19:02:56 [INFO] RAM Usage calculated successfully: 6%
2026-09-03 19:02:56 [INFO] Disk Usage calculated successfully: 1%
2026-09-03 19:02:56 [INFO] Analysis complete. System Status: OK
2026-09-03 19:03:00 [INFO] Snapshot 1 taken. Total1: 3970273, Idle1: 3857702
2026-09-03 19:03:01 [INFO] Snapshot 2 taken. Total2: 3971112, Idle2: 3858536
2026-09-03 19:03:01 [INFO] CPU Usage calculated successfully: 0%
2026-09-03 19:03:01 [INFO] RAM Usage calculated successfully: 6%
2026-09-03 19:03:01 [INFO] Disk Usage calculated successfully: 1%
2026-09-03 19:03:01 [INFO] Analysis complete. System Status: OK
2026-09-03 19:03:04 [INFO] Snapshot 1 taken. Total1: 3973957, Idle1: 3860511
2026-09-03 19:03:05 [INFO] Snapshot 2 taken. Total2: 3974779, Idle2: 3860511
2026-09-03 19:03:05 [INFO] CPU Usage calculated successfully: 100%
2026-09-03 19:03:05 [INFO] RAM Usage calculated successfully: 6%
2026-09-03 19:03:05 [INFO] Disk Usage calculated successfully: 1%
2026-09-03 19:03:06 [INFO] Analysis complete. System Status: CRITICAL
2026-09-03 19:03:06 [ERROR] ⚠️ ALERT! CPU utilization is CRITICAL: current value is 100%
2026-09-03 19:03:09 [INFO] Snapshot 1 taken. Total1: 3978094, Idle1: 3860513
2026-09-03 19:03:10 [INFO] Snapshot 2 taken. Total2: 3978919, Idle2: 3860513
2026-09-03 19:03:10 [INFO] CPU Usage calculated successfully: 100%
2026-09-03 19:03:10 [INFO] RAM Usage calculated successfully: 6%
2026-09-03 19:03:11 [INFO] Disk Usage calculated successfully: 1%
2026-09-03 19:03:11 [INFO] Analysis complete. System Status: CRITICAL
2026-09-03 19:03:14 [INFO] Snapshot 1 taken. Total1: 3981689, Idle1: 3860513
2026-09-03 19:03:15 [INFO] Snapshot 2 taken. Total2: 3982508, Idle2: 3860513
2026-09-03 19:03:15 [INFO] CPU Usage calculated successfully: 100%
2026-09-03 19:03:15 [INFO] RAM Usage calculated successfully: 6%
2026-09-03 19:03:15 [INFO] Disk Usage calculated successfully: 1%
2026-09-03 19:03:15 [INFO] Analysis complete. System Status: CRITICAL
2026-09-03 19:03:18 [INFO] Snapshot 1 taken. Total1: 3985275, Idle1: 3860513
2026-09-03 19:03:19 [INFO] Snapshot 2 taken. Total2: 3986094, Idle2: 3860513
2026-09-03 19:03:19 [INFO] CPU Usage calculated successfully: 100%
2026-09-03 19:03:19 [INFO] RAM Usage calculated successfully: 6%
2026-09-03 19:03:20 [INFO] Disk Usage calculated successfully: 1%
2026-09-03 19:03:20 [INFO] Analysis complete. System Status: CRITICAL
2026-09-03 19:03:23 [INFO] Snapshot 1 taken. Total1: 3988853, Idle1: 3860513
2026-09-03 19:03:24 [INFO] Snapshot 2 taken. Total2: 3989673, Idle2: 3860513
2026-09-03 19:03:24 [INFO] CPU Usage calculated successfully: 100%
2026-09-03 19:03:24 [INFO] RAM Usage calculated successfully: 6%
2026-09-03 19:03:24 [INFO] Disk Usage calculated successfully: 1%
2026-09-03 19:03:24 [INFO] Analysis complete. System Status: CRITICAL
2026-09-03 19:03:25 [INFO] Snapshot 1 taken. Total1: 3992441, Idle1: 3860513
2026-09-03 19:03:26 [INFO] Snapshot 2 taken. Total2: 3993263, Idle2: 3860513
2026-09-03 19:03:27 [INFO] CPU Usage calculated successfully: 100%
2026-09-03 19:03:27 [INFO] RAM Usage calculated successfully: 6%
2026-09-03 19:03:27 [INFO] Disk Usage calculated successfully: 1%
2026-09-03 19:03:27 [INFO] Analysis complete. System Status: CRITICAL
2026-09-03 19:03:30 [INFO] Snapshot 1 taken. Total1: 3996009, Idle1: 3860513
2026-09-03 19:03:31 [INFO] Snapshot 2 taken. Total2: 3996831, Idle2: 3860513
2026-09-03 19:03:31 [INFO] CPU Usage calculated successfully: 100%
2026-09-03 19:03:31 [INFO] RAM Usage calculated successfully: 6%
2026-09-03 19:03:31 [INFO] Disk Usage calculated successfully: 1%
2026-09-03 19:03:31 [INFO] Analysis complete. System Status: CRITICAL
2026-09-03 19:03:34 [INFO] Snapshot 1 taken. Total1: 3999609, Idle1: 3860513
2026-09-03 19:03:35 [INFO] Snapshot 2 taken. Total2: 4000427, Idle2: 3860513
2026-09-03 19:03:35 [INFO] CPU Usage calculated successfully: 100%
2026-09-03 19:03:36 [INFO] RAM Usage calculated successfully: 6%
2026-09-03 19:03:36 [INFO] Disk Usage calculated successfully: 1%
2026-09-03 19:03:36 [INFO] Analysis complete. System Status: CRITICAL
2026-09-03 19:03:39 [INFO] Snapshot 1 taken. Total1: 4003204, Idle1: 3860513
2026-09-03 19:03:40 [INFO] Snapshot 2 taken. Total2: 4004027, Idle2: 3860513
2026-09-03 19:03:40 [INFO] CPU Usage calculated successfully: 100%
2026-09-03 19:03:40 [INFO] RAM Usage calculated successfully: 6%
2026-09-03 19:03:40 [INFO] Disk Usage calculated successfully: 1%
2026-09-03 19:03:40 [INFO] Analysis complete. System Status: CRITICAL
2026-09-03 19:03:43 [INFO] Snapshot 1 taken. Total1: 4006810, Idle1: 3860513
2026-09-03 19:03:44 [INFO] Snapshot 2 taken. Total2: 4007636, Idle2: 3860513
2026-09-03 19:03:45 [INFO] CPU Usage calculated successfully: 100%
2026-09-03 19:03:45 [INFO] RAM Usage calculated successfully: 6%
2026-09-03 19:03:45 [INFO] Disk Usage calculated successfully: 1%
2026-09-03 19:03:45 [INFO] Analysis complete. System Status: CRITICAL
2026-09-03 19:03:48 [INFO] Snapshot 1 taken. Total1: 4010416, Idle1: 3860514
2026-09-03 19:03:49 [INFO] Snapshot 2 taken. Total2: 4011238, Idle2: 3860514
2026-09-03 19:03:49 [INFO] CPU Usage calculated successfully: 100%
2026-09-03 19:03:49 [INFO] RAM Usage calculated successfully: 6%
2026-09-03 19:03:49 [INFO] Disk Usage calculated successfully: 1%
2026-09-03 19:03:49 [INFO] Analysis complete. System Status: CRITICAL
2026-09-03 19:03:52 [INFO] Snapshot 1 taken. Total1: 4014023, Idle1: 3860514
2026-09-03 19:03:54 [INFO] Snapshot 2 taken. Total2: 4014842, Idle2: 3860514
2026-09-03 19:03:54 [INFO] CPU Usage calculated successfully: 100%
2026-09-03 19:03:54 [INFO] RAM Usage calculated successfully: 6%
2026-09-03 19:03:54 [INFO] Disk Usage calculated successfully: 1%
2026-09-03 19:03:54 [INFO] Analysis complete. System Status: CRITICAL
2026-09-03 19:03:55 [INFO] Snapshot 1 taken. Total1: 4017604, Idle1: 3860514
2026-09-03 19:03:56 [INFO] Snapshot 2 taken. Total2: 4018427, Idle2: 3860514
2026-09-03 19:03:56 [INFO] CPU Usage calculated successfully: 100%
2026-09-03 19:03:56 [INFO] RAM Usage calculated successfully: 6%
2026-09-03 19:03:56 [INFO] Disk Usage calculated successfully: 1%
2026-09-03 19:03:56 [INFO] Analysis complete. System Status: CRITICAL
2026-09-03 19:04:00 [INFO] Snapshot 1 taken. Total1: 4021192, Idle1: 3860613
2026-09-03 19:04:01 [INFO] Snapshot 2 taken. Total2: 4022016, Idle2: 3861432
2026-09-03 19:04:01 [INFO] CPU Usage calculated successfully: 0%
2026-09-03 19:04:01 [INFO] RAM Usage calculated successfully: 6%
2026-09-03 19:04:01 [INFO] Disk Usage calculated successfully: 1%
2026-09-03 19:04:01 [INFO] Analysis complete. System Status: OK
2026-09-03 19:04:04 [INFO] Snapshot 1 taken. Total1: 4024805, Idle1: 3864154
2026-09-03 19:04:05 [INFO] Snapshot 2 taken. Total2: 4025633, Idle2: 3864977
2026-09-03 19:04:05 [INFO] CPU Usage calculated successfully: 0%
2026-09-03 19:04:05 [INFO] RAM Usage calculated successfully: 6%
2026-09-03 19:04:05 [INFO] Disk Usage calculated successfully: 1%
2026-09-03 19:04:06 [INFO] Analysis complete. System Status: OK
2026-09-03 19:04:09 [INFO] Snapshot 1 taken. Total1: 4028485, Idle1: 3867746
2026-09-03 19:04:10 [INFO] Snapshot 2 taken. Total2: 4029337, Idle2: 3868593
2026-09-03 19:04:10 [INFO] CPU Usage calculated successfully: 0%
2026-09-03 19:04:10 [INFO] RAM Usage calculated successfully: 6%
2026-09-03 19:04:10 [INFO] Disk Usage calculated successfully: 1%
2026-09-03 19:04:10 [INFO] Analysis complete. System Status: OK
2026-09-03 19:04:13 [INFO] Snapshot 1 taken. Total1: 4032187, Idle1: 3871365
2026-09-03 19:04:14 [INFO] Snapshot 2 taken. Total2: 4033047, Idle2: 3872216
2026-09-03 19:04:14 [INFO] CPU Usage calculated successfully: 1%
2026-09-03 19:04:15 [INFO] RAM Usage calculated successfully: 6%
2026-09-03 19:04:15 [INFO] Disk Usage calculated successfully: 1%
2026-09-03 19:04:15 [INFO] Analysis complete. System Status: OK
2026-09-03 19:04:18 [INFO] Snapshot 1 taken. Total1: 4035930, Idle1: 3875020
2026-09-03 19:04:19 [INFO] Snapshot 2 taken. Total2: 4036760, Idle2: 3875844
2026-09-03 19:04:19 [INFO] CPU Usage calculated successfully: 0%
2026-09-03 19:04:19 [INFO] RAM Usage calculated successfully: 6%
2026-09-03 19:04:19 [INFO] Disk Usage calculated successfully: 1%
2026-09-03 19:04:20 [INFO] Analysis complete. System Status: OK
2026-09-03 19:04:23 [INFO] Snapshot 1 taken. Total1: 4039650, Idle1: 3878654
2026-09-03 19:04:24 [INFO] Snapshot 2 taken. Total2: 4040498, Idle2: 3879496
2026-09-03 19:04:24 [INFO] CPU Usage calculated successfully: 0%
2026-09-03 19:04:24 [INFO] RAM Usage calculated successfully: 6%
2026-09-03 19:04:24 [INFO] Disk Usage calculated successfully: 1%
2026-09-03 19:04:24 [INFO] Analysis complete. System Status: OK
2026-09-03 19:04:25 [INFO] Snapshot 1 taken. Total1: 4043360, Idle1: 3882277
2026-09-03 19:04:26 [INFO] Snapshot 2 taken. Total2: 4044191, Idle2: 3883101
2026-09-03 19:04:27 [INFO] CPU Usage calculated successfully: 0%
2026-09-03 19:04:27 [INFO] RAM Usage calculated successfully: 6%
2026-09-03 19:04:27 [INFO] Disk Usage calculated successfully: 1%
2026-09-03 19:04:27 [INFO] Analysis complete. System Status: OK
2026-09-03 19:04:30 [INFO] Snapshot 1 taken. Total1: 4047105, Idle1: 3885935
2026-09-03 19:04:31 [INFO] Snapshot 2 taken. Total2: 4047932, Idle2: 3886758
2026-09-03 19:04:31 [INFO] CPU Usage calculated successfully: 0%
2026-09-03 19:04:31 [INFO] RAM Usage calculated successfully: 6%
2026-09-03 19:04:31 [INFO] Disk Usage calculated successfully: 1%
2026-09-03 19:04:32 [INFO] Analysis complete. System Status: OK
2026-09-03 19:04:35 [INFO] Snapshot 1 taken. Total1: 4050777, Idle1: 3888491
2026-09-03 19:04:36 [INFO] Snapshot 2 taken. Total2: 4051599, Idle2: 3888491
2026-09-03 19:04:36 [INFO] CPU Usage calculated successfully: 100%
2026-09-03 19:04:36 [INFO] RAM Usage calculated successfully: 6%
2026-09-03 19:04:36 [INFO] Disk Usage calculated successfully: 1%
2026-09-03 19:04:36 [INFO] Analysis complete. System Status: CRITICAL
2026-09-03 19:04:36 [ERROR] ⚠️ ALERT! CPU utilization is CRITICAL: current value is 100%
2026-09-03 19:04:39 [INFO] Snapshot 1 taken. Total1: 4054369, Idle1: 3888491
2026-09-03 19:04:40 [INFO] Snapshot 1 taken. Total1: 4055063, Idle1: 3888491
2026-09-03 19:04:40 [INFO] Snapshot 2 taken. Total2: 4055193, Idle2: 3888491
2026-09-03 19:04:40 [INFO] CPU Usage calculated successfully: 100%
2026-09-03 19:04:40 [INFO] RAM Usage calculated successfully: 6%
2026-09-03 19:04:40 [INFO] Disk Usage calculated successfully: 1%
2026-09-03 19:04:41 [INFO] Analysis complete. System Status: CRITICAL
2026-09-03 19:04:41 [ERROR] ⚠️ ALERT! CPU utilization is CRITICAL: current value is 100%
2026-09-03 19:04:41 [INFO] Snapshot 2 taken. Total2: 4055884, Idle2: 3888491
2026-09-03 19:04:41 [INFO] CPU Usage calculated successfully: 100%
2026-09-03 19:04:41 [INFO] RAM Usage calculated successfully: 6%
2026-09-03 19:04:41 [INFO] Disk Usage calculated successfully: 1%
2026-09-03 19:04:41 [INFO] Analysis complete. System Status: CRITICAL
2026-09-03 19:04:45 [INFO] Snapshot 1 taken. Total1: 4058635, Idle1: 3888492
2026-09-03 19:04:45 [INFO] Snapshot 1 taken. Total1: 4058897, Idle1: 3888492
2026-09-03 19:04:46 [INFO] Snapshot 2 taken. Total2: 4059457, Idle2: 3888492
2026-09-03 19:04:46 [INFO] CPU Usage calculated successfully: 100%
2026-09-03 19:04:46 [INFO] RAM Usage calculated successfully: 6%
2026-09-03 19:04:46 [INFO] Disk Usage calculated successfully: 1%
2026-09-03 19:04:46 [INFO] Snapshot 2 taken. Total2: 4059725, Idle2: 3888492
2026-09-03 19:04:46 [INFO] CPU Usage calculated successfully: 100%
2026-09-03 19:04:46 [INFO] Analysis complete. System Status: CRITICAL
2026-09-03 19:04:46 [INFO] RAM Usage calculated successfully: 6%
2026-09-03 19:04:46 [INFO] Disk Usage calculated successfully: 1%
2026-09-03 19:04:46 [INFO] Analysis complete. System Status: CRITICAL
2026-09-03 19:04:49 [INFO] Snapshot 1 taken. Total1: 4062225, Idle1: 3888492
2026-09-03 19:04:49 [INFO] Snapshot 1 taken. Total1: 4062512, Idle1: 3888492
2026-09-03 19:04:50 [INFO] Snapshot 2 taken. Total2: 4063044, Idle2: 3888492
2026-09-03 19:04:50 [INFO] CPU Usage calculated successfully: 100%
2026-09-03 19:04:50 [INFO] RAM Usage calculated successfully: 6%
2026-09-03 19:04:50 [INFO] Disk Usage calculated successfully: 1%
2026-09-03 19:04:50 [INFO] Snapshot 2 taken. Total2: 4063327, Idle2: 3888492
2026-09-03 19:04:50 [INFO] CPU Usage calculated successfully: 100%
2026-09-03 19:04:51 [INFO] Analysis complete. System Status: CRITICAL
2026-09-03 19:04:51 [INFO] RAM Usage calculated successfully: 6%
2026-09-03 19:04:51 [INFO] Disk Usage calculated successfully: 1%
2026-09-03 19:04:51 [INFO] Analysis complete. System Status: CRITICAL
2026-09-03 19:04:54 [INFO] Snapshot 1 taken. Total1: 4065896, Idle1: 3888492
2026-09-03 19:04:54 [INFO] Snapshot 1 taken. Total1: 4066195, Idle1: 3888492
2026-09-03 19:04:55 [INFO] Snapshot 2 taken. Total2: 4066714, Idle2: 3888492
2026-09-03 19:04:55 [INFO] CPU Usage calculated successfully: 100%
2026-09-03 19:04:55 [INFO] RAM Usage calculated successfully: 6%
2026-09-03 19:04:55 [INFO] Disk Usage calculated successfully: 1%
2026-09-03 19:04:55 [INFO] Analysis complete. System Status: CRITICAL
2026-09-03 19:04:55 [INFO] Snapshot 2 taken. Total2: 4067027, Idle2: 3888492
2026-09-03 19:04:55 [INFO] CPU Usage calculated successfully: 100%
2026-09-03 19:04:55 [INFO] RAM Usage calculated successfully: 6%
2026-09-03 19:04:55 [INFO] Disk Usage calculated successfully: 1%
2026-09-03 19:04:56 [INFO] Analysis complete. System Status: CRITICAL
2026-09-03 19:04:56 [INFO] Snapshot 1 taken. Total1: 4069502, Idle1: 3888493
2026-09-03 19:04:56 [INFO] Snapshot 1 taken. Total1: 4069813, Idle1: 3888494
2026-09-03 19:04:57 [INFO] Snapshot 2 taken. Total2: 4070324, Idle2: 3888494
2026-09-03 19:04:57 [INFO] CPU Usage calculated successfully: 99%
2026-09-03 19:04:57 [INFO] RAM Usage calculated successfully: 6%
2026-09-03 19:04:57 [INFO] Disk Usage calculated successfully: 1%
2026-09-03 19:04:58 [INFO] Snapshot 2 taken. Total2: 4070643, Idle2: 3888494
2026-09-03 19:04:58 [INFO] CPU Usage calculated successfully: 100%
2026-09-03 19:04:58 [INFO] Analysis complete. System Status: CRITICAL
2026-09-03 19:04:58 [INFO] RAM Usage calculated successfully: 6%
2026-09-03 19:04:58 [INFO] Disk Usage calculated successfully: 1%
2026-09-03 19:04:58 [INFO] Analysis complete. System Status: CRITICAL
2026-09-03 19:05:01 [INFO] Snapshot 1 taken. Total1: 4073173, Idle1: 3888495
2026-09-03 19:05:01 [INFO] Snapshot 1 taken. Total1: 4073593, Idle1: 3888495
2026-09-03 19:05:02 [INFO] Snapshot 2 taken. Total2: 4073999, Idle2: 3888495
2026-09-03 19:05:02 [INFO] CPU Usage calculated successfully: 100%
2026-09-03 19:05:02 [INFO] RAM Usage calculated successfully: 6%
2026-09-03 19:05:02 [INFO] Disk Usage calculated successfully: 1%
2026-09-03 19:05:02 [INFO] Analysis complete. System Status: CRITICAL
2026-09-03 19:05:02 [INFO] Snapshot 2 taken. Total2: 4074414, Idle2: 3888495
2026-09-03 19:05:02 [INFO] CPU Usage calculated successfully: 100%
2026-09-03 19:05:02 [INFO] RAM Usage calculated successfully: 6%
2026-09-03 19:05:02 [INFO] Disk Usage calculated successfully: 1%
2026-09-03 19:05:03 [INFO] Analysis complete. System Status: CRITICAL
2026-09-03 19:05:05 [INFO] Snapshot 1 taken. Total1: 4076779, Idle1: 3888495
2026-09-03 19:05:06 [INFO] Snapshot 1 taken. Total1: 4077202, Idle1: 3888495
2026-09-03 19:05:06 [INFO] Snapshot 2 taken. Total2: 4077597, Idle2: 3888495
2026-09-03 19:05:06 [INFO] CPU Usage calculated successfully: 100%
2026-09-03 19:05:06 [INFO] RAM Usage calculated successfully: 6%
2026-09-03 19:05:06 [INFO] Disk Usage calculated successfully: 1%
2026-09-03 19:05:07 [INFO] Analysis complete. System Status: CRITICAL
2026-09-03 19:05:07 [INFO] Snapshot 2 taken. Total2: 4078029, Idle2: 3888495
2026-09-03 19:05:07 [INFO] CPU Usage calculated successfully: 100%
2026-09-03 19:05:07 [INFO] RAM Usage calculated successfully: 6%
2026-09-03 19:05:07 [INFO] Disk Usage calculated successfully: 1%
2026-09-03 19:05:07 [INFO] Analysis complete. System Status: CRITICAL
2026-09-03 19:05:10 [INFO] Snapshot 1 taken. Total1: 4080356, Idle1: 3888495
2026-09-03 19:05:10 [INFO] Snapshot 1 taken. Total1: 4080823, Idle1: 3888495
2026-09-03 19:05:11 [INFO] Snapshot 2 taken. Total2: 4081178, Idle2: 3888495
2026-09-03 19:05:11 [INFO] CPU Usage calculated successfully: 100%
2026-09-03 19:05:11 [INFO] RAM Usage calculated successfully: 6%
2026-09-03 19:05:11 [INFO] Disk Usage calculated successfully: 1%
2026-09-03 19:05:11 [INFO] Analysis complete. System Status: CRITICAL
2026-09-03 19:05:11 [INFO] Snapshot 2 taken. Total2: 4081652, Idle2: 3888496
2026-09-03 19:05:11 [INFO] CPU Usage calculated successfully: 99%
2026-09-03 19:05:11 [INFO] RAM Usage calculated successfully: 6%
2026-09-03 19:05:12 [INFO] Disk Usage calculated successfully: 1%
2026-09-03 19:05:12 [INFO] Analysis complete. System Status: CRITICAL
2026-09-03 19:05:14 [INFO] Snapshot 1 taken. Total1: 4083949, Idle1: 3888496
2026-09-03 19:05:15 [INFO] Snapshot 1 taken. Total1: 4084432, Idle1: 3888496
2026-09-03 19:05:15 [INFO] Snapshot 2 taken. Total2: 4084770, Idle2: 3888496
2026-09-03 19:05:15 [INFO] CPU Usage calculated successfully: 100%
2026-09-03 19:05:15 [INFO] RAM Usage calculated successfully: 6%
2026-09-03 19:05:15 [INFO] Disk Usage calculated successfully: 1%
2026-09-03 19:05:16 [INFO] Analysis complete. System Status: CRITICAL
2026-09-03 19:05:16 [INFO] Snapshot 2 taken. Total2: 4085259, Idle2: 3888496
2026-09-03 19:05:16 [INFO] CPU Usage calculated successfully: 100%
2026-09-03 19:05:16 [INFO] RAM Usage calculated successfully: 6%
2026-09-03 19:05:16 [INFO] Disk Usage calculated successfully: 1%
2026-09-03 19:05:16 [INFO] Analysis complete. System Status: CRITICAL
2026-09-03 19:05:19 [INFO] Snapshot 1 taken. Total1: 4087551, Idle1: 3888497
2026-09-03 19:05:20 [INFO] Snapshot 1 taken. Total1: 4088146, Idle1: 3888497
2026-09-03 19:05:20 [INFO] Snapshot 2 taken. Total2: 4088382, Idle2: 3888497
2026-09-03 19:05:20 [INFO] CPU Usage calculated successfully: 100%
2026-09-03 19:05:20 [INFO] RAM Usage calculated successfully: 6%
2026-09-03 19:05:20 [INFO] Disk Usage calculated successfully: 1%
2026-09-03 19:05:20 [INFO] Analysis complete. System Status: CRITICAL
2026-09-03 19:05:21 [INFO] Snapshot 2 taken. Total2: 4088974, Idle2: 3888497
2026-09-03 19:05:21 [INFO] CPU Usage calculated successfully: 100%
2026-09-03 19:05:21 [INFO] RAM Usage calculated successfully: 6%
2026-09-03 19:05:21 [INFO] Disk Usage calculated successfully: 1%
2026-09-03 19:05:21 [INFO] Analysis complete. System Status: CRITICAL
2026-09-03 19:05:23 [INFO] Snapshot 1 taken. Total1: 4091175, Idle1: 3888497
2026-09-03 19:05:24 [INFO] Snapshot 2 taken. Total2: 4091994, Idle2: 3888497
2026-09-03 19:05:24 [INFO] CPU Usage calculated successfully: 100%
2026-09-03 19:05:24 [INFO] RAM Usage calculated successfully: 6%
2026-09-03 19:05:25 [INFO] Disk Usage calculated successfully: 1%
2026-09-03 19:05:25 [INFO] Analysis complete. System Status: CRITICAL
2026-09-03 19:05:28 [INFO] Snapshot 1 taken. Total1: 4094761, Idle1: 3888497
2026-09-03 19:05:27 [INFO] Snapshot 2 taken. Total2: 4095581, Idle2: 3888497
2026-09-03 19:05:27 [INFO] CPU Usage calculated successfully: 100%
2026-09-03 19:05:27 [INFO] RAM Usage calculated successfully: 6%
2026-09-03 19:05:27 [INFO] Disk Usage calculated successfully: 1%
2026-09-03 19:05:27 [INFO] Analysis complete. System Status: CRITICAL
2026-09-03 19:05:30 [INFO] Snapshot 1 taken. Total1: 4098359, Idle1: 3889336
2026-09-03 19:05:31 [INFO] Snapshot 2 taken. Total2: 4099186, Idle2: 3890158
2026-09-03 19:05:32 [INFO] CPU Usage calculated successfully: 0%
2026-09-03 19:05:32 [INFO] RAM Usage calculated successfully: 6%
2026-09-03 19:05:32 [INFO] Disk Usage calculated successfully: 1%
2026-09-03 19:05:32 [INFO] Analysis complete. System Status: OK
2026-09-03 19:05:35 [INFO] Snapshot 1 taken. Total1: 4102026, Idle1: 3892917
2026-09-03 19:05:36 [INFO] Snapshot 2 taken. Total2: 4102855, Idle2: 3893741
2026-09-03 19:05:36 [INFO] CPU Usage calculated successfully: 0%
2026-09-03 19:05:36 [INFO] RAM Usage calculated successfully: 6%
2026-09-03 19:05:36 [INFO] Disk Usage calculated successfully: 1%
2026-09-03 19:05:37 [INFO] Analysis complete. System Status: OK
2026-09-03 19:05:40 [INFO] Snapshot 1 taken. Total1: 4105706, Idle1: 3896512
2026-09-03 19:05:41 [INFO] Snapshot 2 taken. Total2: 4106538, Idle2: 3897337
2026-09-03 19:05:41 [INFO] CPU Usage calculated successfully: 0%
2026-09-03 19:05:41 [INFO] RAM Usage calculated successfully: 6%
2026-09-03 19:05:41 [INFO] Disk Usage calculated successfully: 1%
2026-09-03 19:05:41 [INFO] Analysis complete. System Status: OK
2026-09-03 19:05:44 [INFO] Snapshot 1 taken. Total1: 4109410, Idle1: 3900098
2026-09-03 19:05:45 [INFO] Snapshot 2 taken. Total2: 4110242, Idle2: 3900925
2026-09-03 19:05:45 [INFO] CPU Usage calculated successfully: 0%
2026-09-03 19:05:46 [INFO] RAM Usage calculated successfully: 6%
2026-09-03 19:05:46 [INFO] Disk Usage calculated successfully: 1%
2026-09-03 19:05:46 [INFO] Analysis complete. System Status: OK
2026-09-03 19:05:49 [INFO] Snapshot 1 taken. Total1: 4113076, Idle1: 3903684
2026-09-03 19:05:50 [INFO] Snapshot 2 taken. Total2: 4113937, Idle2: 3904539
2026-09-03 19:05:50 [INFO] CPU Usage calculated successfully: 0%
2026-09-03 19:05:50 [INFO] RAM Usage calculated successfully: 6%
2026-09-03 19:05:50 [INFO] Disk Usage calculated successfully: 1%
2026-09-03 19:05:50 [INFO] Analysis complete. System Status: OK
2026-09-03 19:05:53 [INFO] Snapshot 1 taken. Total1: 4116675, Idle1: 3907222
2026-09-03 19:05:54 [INFO] Snapshot 2 taken. Total2: 4117497, Idle2: 3908038
2026-09-03 19:05:54 [INFO] CPU Usage calculated successfully: 0%
2026-09-03 19:05:55 [INFO] RAM Usage calculated successfully: 6%
2026-09-03 19:05:55 [INFO] Disk Usage calculated successfully: 1%
2026-09-03 19:05:55 [INFO] Analysis complete. System Status: OK
2026-09-03 19:05:58 [INFO] Snapshot 1 taken. Total1: 4120246, Idle1: 3910728
2026-09-03 19:05:57 [INFO] Snapshot 2 taken. Total2: 4121095, Idle2: 3911568
2026-09-03 19:05:57 [INFO] CPU Usage calculated successfully: 1%
2026-09-03 19:05:57 [INFO] RAM Usage calculated successfully: 6%
2026-09-03 19:05:57 [INFO] Disk Usage calculated successfully: 1%
2026-09-03 19:05:58 [INFO] Analysis complete. System Status: OK
2026-09-03 19:06:01 [INFO] Snapshot 1 taken. Total1: 4124071, Idle1: 3914446
2026-09-03 19:06:02 [INFO] Snapshot 2 taken. Total2: 4124914, Idle2: 3915284
2026-09-03 19:06:02 [INFO] CPU Usage calculated successfully: 0%
2026-09-03 19:06:02 [INFO] RAM Usage calculated successfully: 6%
2026-09-03 19:06:02 [INFO] Disk Usage calculated successfully: 1%
2026-09-03 19:06:02 [INFO] Analysis complete. System Status: OK
2026-09-03 19:06:06 [INFO] Snapshot 1 taken. Total1: 4127784, Idle1: 3918070
2026-09-03 19:06:07 [INFO] Snapshot 2 taken. Total2: 4128617, Idle2: 3918890
2026-09-03 19:06:07 [INFO] CPU Usage calculated successfully: 1%
2026-09-03 19:06:07 [INFO] RAM Usage calculated successfully: 6%
2026-09-03 19:06:07 [INFO] Disk Usage calculated successfully: 1%
2026-09-03 19:06:07 [INFO] Analysis complete. System Status: OK
2026-09-03 19:06:10 [INFO] Snapshot 1 taken. Total1: 4131560, Idle1: 3921744
2026-09-03 19:06:11 [INFO] Snapshot 2 taken. Total2: 4132397, Idle2: 3922574
2026-09-03 19:06:11 [INFO] CPU Usage calculated successfully: 0%
2026-09-03 19:06:11 [INFO] RAM Usage calculated successfully: 6%
2026-09-03 19:06:12 [INFO] Disk Usage calculated successfully: 1%
2026-09-03 19:06:12 [INFO] Analysis complete. System Status: OK
2026-09-03 19:06:15 [INFO] Snapshot 1 taken. Total1: 4135265, Idle1: 3925368
2026-09-03 19:06:16 [INFO] Snapshot 2 taken. Total2: 4136103, Idle2: 3926199
2026-09-03 19:06:16 [INFO] CPU Usage calculated successfully: 0%
2026-09-03 19:06:16 [INFO] RAM Usage calculated successfully: 6%
2026-09-03 19:06:16 [INFO] Disk Usage calculated successfully: 1%
2026-09-03 19:06:17 [INFO] Analysis complete. System Status: OK
2026-09-03 19:06:20 [INFO] Snapshot 1 taken. Total1: 4139062, Idle1: 3929068
2026-09-03 19:06:21 [INFO] Snapshot 2 taken. Total2: 4139893, Idle2: 3929894
2026-09-03 19:06:21 [INFO] CPU Usage calculated successfully: 0%
2026-09-03 19:06:21 [INFO] RAM Usage calculated successfully: 6%
2026-09-03 19:06:21 [INFO] Disk Usage calculated successfully: 1%
2026-09-03 19:06:21 [INFO] Analysis complete. System Status: OK
2026-09-03 19:06:24 [INFO] Snapshot 1 taken. Total1: 4142704, Idle1: 3932636
2026-09-03 19:06:25 [INFO] Snapshot 2 taken. Total2: 4143525, Idle2: 3933453
2026-09-03 19:06:25 [INFO] CPU Usage calculated successfully: 0%
2026-09-03 19:06:25 [INFO] RAM Usage calculated successfully: 6%
2026-09-03 19:06:25 [INFO] Disk Usage calculated successfully: 1%
2026-09-03 19:06:26 [INFO] Analysis complete. System Status: OK
2026-09-03 19:06:27 [INFO] Snapshot 1 taken. Total1: 4146347, Idle1: 3936203
2026-09-03 19:06:28 [INFO] Snapshot 2 taken. Total2: 4147179, Idle2: 3937029
2026-09-03 19:06:28 [INFO] CPU Usage calculated successfully: 0%
2026-09-03 19:06:28 [INFO] RAM Usage calculated successfully: 6%
2026-09-03 19:06:28 [INFO] Disk Usage calculated successfully: 1%
2026-09-03 19:06:28 [INFO] Analysis complete. System Status: OK
2026-09-03 19:06:31 [INFO] Snapshot 1 taken. Total1: 4149956, Idle1: 3939742
2026-09-03 19:06:32 [INFO] Snapshot 2 taken. Total2: 4150791, Idle2: 3940571
2026-09-03 19:06:33 [INFO] CPU Usage calculated successfully: 0%
2026-09-03 19:06:33 [INFO] RAM Usage calculated successfully: 6%
2026-09-03 19:06:33 [INFO] Disk Usage calculated successfully: 1%
2026-09-03 19:06:33 [INFO] Analysis complete. System Status: OK
2026-09-03 19:06:36 [INFO] Snapshot 1 taken. Total1: 4153679, Idle1: 3943373
2026-09-03 19:06:37 [INFO] Snapshot 2 taken. Total2: 4154542, Idle2: 3944230
2026-09-03 19:06:37 [INFO] CPU Usage calculated successfully: 0%
2026-09-03 19:06:37 [INFO] RAM Usage calculated successfully: 6%
2026-09-03 19:06:37 [INFO] Disk Usage calculated successfully: 1%
2026-09-03 19:06:37 [INFO] Analysis complete. System Status: OK
2026-09-03 19:06:41 [INFO] Snapshot 1 taken. Total1: 4157329, Idle1: 3946959
2026-09-03 19:06:42 [INFO] Snapshot 2 taken. Total2: 4158168, Idle2: 3947794
2026-09-03 19:06:42 [INFO] CPU Usage calculated successfully: 0%
2026-09-03 19:06:42 [INFO] RAM Usage calculated successfully: 6%
2026-09-03 19:06:42 [INFO] Disk Usage calculated successfully: 1%
2026-09-03 19:06:42 [INFO] Analysis complete. System Status: OK
2026-09-03 19:06:45 [INFO] Snapshot 1 taken. Total1: 4160903, Idle1: 3950471
2026-09-03 19:06:46 [INFO] Snapshot 2 taken. Total2: 4161741, Idle2: 3951305
2026-09-03 19:06:46 [INFO] CPU Usage calculated successfully: 0%
2026-09-03 19:06:46 [INFO] RAM Usage calculated successfully: 6%
2026-09-03 19:06:46 [INFO] Disk Usage calculated successfully: 1%
2026-09-03 19:06:47 [INFO] Analysis complete. System Status: OK
2026-09-03 19:06:50 [INFO] Snapshot 1 taken. Total1: 4164687, Idle1: 3954157
2026-09-03 19:06:51 [INFO] Snapshot 2 taken. Total2: 4165524, Idle2: 3954987
2026-09-03 19:06:51 [INFO] CPU Usage calculated successfully: 0%
2026-09-03 19:06:51 [INFO] RAM Usage calculated successfully: 6%
2026-09-03 19:06:51 [INFO] Disk Usage calculated successfully: 1%
2026-09-03 19:06:51 [INFO] Analysis complete. System Status: OK
2026-09-03 19:06:55 [INFO] Snapshot 1 taken. Total1: 4168389, Idle1: 3957774
2026-09-03 19:06:56 [INFO] Snapshot 2 taken. Total2: 4169225, Idle2: 3958606
2026-09-03 19:06:56 [INFO] CPU Usage calculated successfully: 0%
2026-09-03 19:06:56 [INFO] RAM Usage calculated successfully: 6%
2026-09-03 19:06:56 [INFO] Disk Usage calculated successfully: 1%
2026-09-03 19:06:56 [INFO] Analysis complete. System Status: OK
2026-09-03 19:06:57 [INFO] Snapshot 1 taken. Total1: 4172092, Idle1: 3961391
2026-09-03 19:06:58 [INFO] Snapshot 2 taken. Total2: 4172945, Idle2: 3962238
2026-09-03 19:06:58 [INFO] CPU Usage calculated successfully: 0%
2026-09-03 19:06:58 [INFO] RAM Usage calculated successfully: 6%
2026-09-03 19:06:59 [INFO] Disk Usage calculated successfully: 1%
2026-09-03 19:06:59 [INFO] Analysis complete. System Status: OK
2026-09-03 19:07:02 [INFO] Snapshot 1 taken. Total1: 4175809, Idle1: 3965024
2026-09-03 19:07:03 [INFO] Snapshot 2 taken. Total2: 4176679, Idle2: 3965883
2026-09-03 19:07:03 [INFO] CPU Usage calculated successfully: 1%
2026-09-03 19:07:03 [INFO] RAM Usage calculated successfully: 6%
2026-09-03 19:07:03 [INFO] Disk Usage calculated successfully: 1%
2026-09-03 19:07:03 [INFO] Analysis complete. System Status: OK
2026-09-03 19:07:07 [INFO] Snapshot 1 taken. Total1: 4179513, Idle1: 3968646
2026-09-03 19:07:08 [INFO] Snapshot 2 taken. Total2: 4180347, Idle2: 3969473
2026-09-03 19:07:08 [INFO] CPU Usage calculated successfully: 0%
2026-09-03 19:07:08 [INFO] RAM Usage calculated successfully: 6%
2026-09-03 19:07:08 [INFO] Disk Usage calculated successfully: 1%
2026-09-03 19:07:08 [INFO] Analysis complete. System Status: OK
2026-09-03 19:07:11 [INFO] Snapshot 1 taken. Total1: 4183254, Idle1: 3972294
2026-09-03 19:07:12 [INFO] Snapshot 2 taken. Total2: 4184088, Idle2: 3973122
2026-09-03 19:07:12 [INFO] CPU Usage calculated successfully: 0%
2026-09-03 19:07:12 [INFO] RAM Usage calculated successfully: 6%
2026-09-03 19:07:12 [INFO] Disk Usage calculated successfully: 1%
2026-09-03 19:07:12 [INFO] Analysis complete. System Status: OK
2026-09-03 19:07:16 [INFO] Snapshot 1 taken. Total1: 4186685, Idle1: 3975687
2026-09-03 19:07:17 [INFO] Snapshot 2 taken. Total2: 4187528, Idle2: 3976525
2026-09-03 19:07:17 [INFO] CPU Usage calculated successfully: 0%
2026-09-03 19:07:17 [INFO] RAM Usage calculated successfully: 6%
2026-09-03 19:07:17 [INFO] Disk Usage calculated successfully: 1%
2026-09-03 19:07:17 [INFO] Analysis complete. System Status: OK
2026-09-03 19:07:20 [INFO] Snapshot 1 taken. Total1: 4190545, Idle1: 3979440
2026-09-03 19:07:21 [INFO] Snapshot 2 taken. Total2: 4191380, Idle2: 3980270
2026-09-03 19:07:21 [INFO] CPU Usage calculated successfully: 0%
2026-09-03 19:07:21 [INFO] RAM Usage calculated successfully: 6%
2026-09-03 19:07:22 [INFO] Disk Usage calculated successfully: 1%
2026-09-03 19:07:22 [INFO] Analysis complete. System Status: OK
2026-09-03 19:07:25 [INFO] Snapshot 1 taken. Total1: 4194143, Idle1: 3982972
2026-09-03 19:07:26 [INFO] Snapshot 2 taken. Total2: 4194967, Idle2: 3983792
2026-09-03 19:07:26 [INFO] CPU Usage calculated successfully: 0%
2026-09-03 19:07:26 [INFO] RAM Usage calculated successfully: 6%
2026-09-03 19:07:26 [INFO] Disk Usage calculated successfully: 1%
2026-09-03 19:07:26 [INFO] Analysis complete. System Status: OK
2026-09-03 19:07:28 [INFO] Snapshot 1 taken. Total1: 4197885, Idle1: 3986619
2026-09-03 19:07:29 [INFO] Snapshot 2 taken. Total2: 4198718, Idle2: 3987446
2026-09-03 19:07:29 [INFO] CPU Usage calculated successfully: 0%
2026-09-03 19:07:29 [INFO] RAM Usage calculated successfully: 6%
2026-09-03 19:07:29 [INFO] Disk Usage calculated successfully: 1%
2026-09-03 19:07:29 [INFO] Analysis complete. System Status: OK
2026-09-03 19:07:32 [INFO] Snapshot 1 taken. Total1: 4201492, Idle1: 3990155
2026-09-03 19:07:33 [INFO] Snapshot 2 taken. Total2: 4202342, Idle2: 3990999
2026-09-03 19:07:33 [INFO] CPU Usage calculated successfully: 0%
2026-09-03 19:07:33 [INFO] RAM Usage calculated successfully: 6%
2026-09-03 19:07:33 [INFO] Disk Usage calculated successfully: 1%
2026-09-03 19:07:34 [INFO] Analysis complete. System Status: OK
2026-09-03 19:07:37 [INFO] Snapshot 1 taken. Total1: 4205300, Idle1: 3993862
2026-09-03 19:07:38 [INFO] Snapshot 2 taken. Total2: 4206129, Idle2: 3994686
2026-09-03 19:07:38 [INFO] CPU Usage calculated successfully: 0%
2026-09-03 19:07:38 [INFO] RAM Usage calculated successfully: 6%
2026-09-03 19:07:38 [INFO] Disk Usage calculated successfully: 1%
2026-09-03 19:07:38 [INFO] Analysis complete. System Status: OK
2026-09-03 19:07:41 [INFO] Snapshot 1 taken. Total1: 4208866, Idle1: 3997366
2026-09-03 19:07:42 [INFO] Snapshot 2 taken. Total2: 4209726, Idle2: 3998221
2026-09-03 19:07:42 [INFO] CPU Usage calculated successfully: 0%
2026-09-03 19:07:43 [INFO] RAM Usage calculated successfully: 6%
2026-09-03 19:07:43 [INFO] Disk Usage calculated successfully: 1%
2026-09-03 19:07:43 [INFO] Analysis complete. System Status: OK
2026-09-03 19:07:46 [INFO] Snapshot 1 taken. Total1: 4212701, Idle1: 4001099
2026-09-03 19:07:47 [INFO] Snapshot 2 taken. Total2: 4213533, Idle2: 4001925
2026-09-03 19:07:47 [INFO] CPU Usage calculated successfully: 0%
2026-09-03 19:07:47 [INFO] RAM Usage calculated successfully: 6%
2026-09-03 19:07:47 [INFO] Disk Usage calculated successfully: 1%
2026-09-03 19:07:48 [INFO] Analysis complete. System Status: OK
2026-09-03 19:07:51 [INFO] Snapshot 1 taken. Total1: 4216365, Idle1: 4004689
2026-09-03 19:07:52 [INFO] Snapshot 2 taken. Total2: 4217215, Idle2: 4005532
2026-09-03 19:07:52 [INFO] CPU Usage calculated successfully: 0%
2026-09-03 19:07:52 [INFO] RAM Usage calculated successfully: 6%
2026-09-03 19:07:52 [INFO] Disk Usage calculated successfully: 1%
2026-09-03 19:07:52 [INFO] Analysis complete. System Status: OK
2026-09-03 19:07:56 [INFO] Snapshot 1 taken. Total1: 4220194, Idle1: 4008410
2026-09-03 19:07:57 [INFO] Snapshot 2 taken. Total2: 4221034, Idle2: 4009243
2026-09-03 19:07:57 [INFO] CPU Usage calculated successfully: 0%
2026-09-03 19:07:57 [INFO] RAM Usage calculated successfully: 6%
2026-09-03 19:07:57 [INFO] Disk Usage calculated successfully: 1%
2026-09-03 19:07:57 [INFO] Analysis complete. System Status: OK
2026-09-03 19:07:58 [INFO] Snapshot 1 taken. Total1: 4223791, Idle1: 4011938
2026-09-03 19:07:59 [INFO] Snapshot 2 taken. Total2: 4224620, Idle2: 4012759
2026-09-03 19:07:59 [INFO] CPU Usage calculated successfully: 0%
2026-09-03 19:07:59 [INFO] RAM Usage calculated successfully: 6%
2026-09-03 19:07:59 [INFO] Disk Usage calculated successfully: 1%
2026-09-03 19:08:00 [INFO] Analysis complete. System Status: OK
2026-09-03 19:08:03 [INFO] Snapshot 1 taken. Total1: 4227382, Idle1: 4015459
2026-09-03 19:08:04 [INFO] Snapshot 2 taken. Total2: 4228209, Idle2: 4016283
2026-09-03 19:08:04 [INFO] CPU Usage calculated successfully: 0%
2026-09-03 19:08:04 [INFO] RAM Usage calculated successfully: 6%
2026-09-03 19:08:04 [INFO] Disk Usage calculated successfully: 1%
2026-09-03 19:08:04 [INFO] Analysis complete. System Status: OK
2026-09-03 19:08:07 [INFO] Snapshot 1 taken. Total1: 4230988, Idle1: 4018992
2026-09-03 19:08:08 [INFO] Snapshot 2 taken. Total2: 4231819, Idle2: 4019820
2026-09-03 19:08:08 [INFO] CPU Usage calculated successfully: 0%
2026-09-03 19:08:08 [INFO] RAM Usage calculated successfully: 6%
2026-09-03 19:08:08 [INFO] Disk Usage calculated successfully: 1%
2026-09-03 19:08:08 [INFO] Analysis complete. System Status: OK
2026-09-03 19:08:11 [INFO] Snapshot 1 taken. Total1: 4234420, Idle1: 4022383
2026-09-03 19:08:13 [INFO] Snapshot 2 taken. Total2: 4235238, Idle2: 4023199
2026-09-03 19:08:13 [INFO] CPU Usage calculated successfully: 0%
2026-09-03 19:08:13 [INFO] RAM Usage calculated successfully: 6%
2026-09-03 19:08:13 [INFO] Disk Usage calculated successfully: 1%
2026-09-03 19:08:13 [INFO] Analysis complete. System Status: OK
2026-09-03 19:08:16 [INFO] Snapshot 1 taken. Total1: 4237828, Idle1: 4025756
2026-09-03 19:08:17 [INFO] Snapshot 2 taken. Total2: 4238667, Idle2: 4026590
2026-09-03 19:08:17 [INFO] CPU Usage calculated successfully: 0%
2026-09-03 19:08:17 [INFO] RAM Usage calculated successfully: 6%
2026-09-03 19:08:17 [INFO] Disk Usage calculated successfully: 1%
2026-09-03 19:08:17 [INFO] Analysis complete. System Status: OK
2026-09-03 19:08:20 [INFO] Snapshot 1 taken. Total1: 4241428, Idle1: 4029292
2026-09-03 19:08:21 [INFO] Snapshot 2 taken. Total2: 4242246, Idle2: 4030107
2026-09-03 19:08:21 [INFO] CPU Usage calculated successfully: 0%
2026-09-03 19:08:21 [INFO] RAM Usage calculated successfully: 6%
2026-09-03 19:08:21 [INFO] Disk Usage calculated successfully: 1%
2026-09-03 19:08:22 [INFO] Analysis complete. System Status: OK
2026-09-03 19:08:25 [INFO] Snapshot 1 taken. Total1: 4244937, Idle1: 4032750
2026-09-03 19:08:26 [INFO] Snapshot 2 taken. Total2: 4245770, Idle2: 4033579
2026-09-03 19:08:26 [INFO] CPU Usage calculated successfully: 0%
2026-09-03 19:08:26 [INFO] RAM Usage calculated successfully: 6%
2026-09-03 19:08:26 [INFO] Disk Usage calculated successfully: 1%
2026-09-03 19:08:26 [INFO] Analysis complete. System Status: OK
2026-09-03 19:08:29 [INFO] Snapshot 1 taken. Total1: 4248662, Idle1: 4036385
2026-09-03 19:08:28 [INFO] Snapshot 2 taken. Total2: 4249485, Idle2: 4037203
2026-09-03 19:08:28 [INFO] CPU Usage calculated successfully: 0%
2026-09-03 19:08:29 [INFO] RAM Usage calculated successfully: 6%
2026-09-03 19:08:29 [INFO] Disk Usage calculated successfully: 1%
2026-09-03 19:08:29 [INFO] Analysis complete. System Status: OK
2026-09-03 19:08:32 [INFO] Snapshot 1 taken. Total1: 4252225, Idle1: 4039882
2026-09-03 19:08:33 [INFO] Snapshot 2 taken. Total2: 4253051, Idle2: 4040704
2026-09-03 19:08:33 [INFO] CPU Usage calculated successfully: 0%
2026-09-03 19:08:33 [INFO] RAM Usage calculated successfully: 6%
2026-09-03 19:08:33 [INFO] Disk Usage calculated successfully: 1%
2026-09-03 19:08:33 [INFO] Analysis complete. System Status: OK
2026-09-03 19:08:37 [INFO] Snapshot 1 taken. Total1: 4256008, Idle1: 4043566
2026-09-03 19:08:38 [INFO] Snapshot 2 taken. Total2: 4256845, Idle2: 4044396
2026-09-03 19:08:38 [INFO] CPU Usage calculated successfully: 0%
2026-09-03 19:08:38 [INFO] RAM Usage calculated successfully: 6%
2026-09-03 19:08:38 [INFO] Disk Usage calculated successfully: 1%
2026-09-03 19:08:38 [INFO] Analysis complete. System Status: OK
2026-09-03 19:08:41 [INFO] Snapshot 1 taken. Total1: 4259827, Idle1: 4047274
2026-09-03 19:08:43 [INFO] Snapshot 2 taken. Total2: 4260706, Idle2: 4048147
2026-09-03 19:08:43 [INFO] CPU Usage calculated successfully: 0%
2026-09-03 19:08:43 [INFO] RAM Usage calculated successfully: 6%
2026-09-03 19:08:43 [INFO] Disk Usage calculated successfully: 1%
2026-09-03 19:08:43 [INFO] Analysis complete. System Status: OK
2026-09-03 19:08:46 [INFO] Snapshot 1 taken. Total1: 4263533, Idle1: 4050901
2026-09-03 19:08:47 [INFO] Snapshot 2 taken. Total2: 4264373, Idle2: 4051735
2026-09-03 19:08:47 [INFO] CPU Usage calculated successfully: 0%
2026-09-03 19:08:47 [INFO] RAM Usage calculated successfully: 6%
2026-09-03 19:08:47 [INFO] Disk Usage calculated successfully: 1%
2026-09-03 19:08:48 [INFO] Analysis complete. System Status: OK
2026-09-03 19:08:51 [INFO] Snapshot 1 taken. Total1: 4267195, Idle1: 4054481
2026-09-03 19:08:52 [INFO] Snapshot 2 taken. Total2: 4268036, Idle2: 4055316
2026-09-03 19:08:52 [INFO] CPU Usage calculated successfully: 0%
2026-09-03 19:08:52 [INFO] RAM Usage calculated successfully: 6%
2026-09-03 19:08:52 [INFO] Disk Usage calculated successfully: 1%
2026-09-03 19:08:52 [INFO] Analysis complete. System Status: OK
2026-09-03 19:08:55 [INFO] Snapshot 1 taken. Total1: 4270973, Idle1: 4058159
2026-09-03 19:08:56 [INFO] Snapshot 2 taken. Total2: 4271783, Idle2: 4058967
2026-09-03 19:08:56 [INFO] CPU Usage calculated successfully: 0%
2026-09-03 19:08:56 [INFO] RAM Usage calculated successfully: 6%
2026-09-03 19:08:56 [INFO] Disk Usage calculated successfully: 1%
2026-09-03 19:08:57 [INFO] Analysis complete. System Status: OK
2026-09-03 19:09:00 [INFO] Snapshot 1 taken. Total1: 4274403, Idle1: 4061536
2026-09-03 19:08:59 [INFO] Snapshot 2 taken. Total2: 4275228, Idle2: 4062355
2026-09-03 19:08:59 [INFO] CPU Usage calculated successfully: 0%
2026-09-03 19:08:59 [INFO] RAM Usage calculated successfully: 6%
2026-09-03 19:08:59 [INFO] Disk Usage calculated successfully: 1%
2026-09-03 19:08:59 [INFO] Analysis complete. System Status: OK
2026-09-03 19:09:02 [INFO] Snapshot 1 taken. Total1: 4277966, Idle1: 4065034
2026-09-03 19:09:03 [INFO] Snapshot 2 taken. Total2: 4278784, Idle2: 4065848
2026-09-03 19:09:03 [INFO] CPU Usage calculated successfully: 0%
2026-09-03 19:09:03 [INFO] RAM Usage calculated successfully: 6%
2026-09-03 19:09:03 [INFO] Disk Usage calculated successfully: 1%
2026-09-03 19:09:04 [INFO] Analysis complete. System Status: OK
2026-09-03 19:09:07 [INFO] Snapshot 1 taken. Total1: 4281737, Idle1: 4068705
2026-09-03 19:09:08 [INFO] Snapshot 2 taken. Total2: 4282570, Idle2: 4069531
2026-09-03 19:09:08 [INFO] CPU Usage calculated successfully: 0%
2026-09-03 19:09:08 [INFO] RAM Usage calculated successfully: 6%
2026-09-03 19:09:08 [INFO] Disk Usage calculated successfully: 1%
2026-09-03 19:09:08 [INFO] Analysis complete. System Status: OK
2026-09-03 19:09:11 [INFO] Snapshot 1 taken. Total1: 4285301, Idle1: 4072204
2026-09-03 19:09:12 [INFO] Snapshot 2 taken. Total2: 4286131, Idle2: 4073031
2026-09-03 19:09:12 [INFO] CPU Usage calculated successfully: 0%
2026-09-03 19:09:12 [INFO] RAM Usage calculated successfully: 6%
2026-09-03 19:09:12 [INFO] Disk Usage calculated successfully: 1%
2026-09-03 19:09:13 [INFO] Analysis complete. System Status: OK
2026-09-03 19:09:16 [INFO] Snapshot 1 taken. Total1: 4288730, Idle1: 4075592
2026-09-03 19:09:17 [INFO] Snapshot 2 taken. Total2: 4289568, Idle2: 4076425
2026-09-03 19:09:17 [INFO] CPU Usage calculated successfully: 0%
2026-09-03 19:09:17 [INFO] RAM Usage calculated successfully: 6%
2026-09-03 19:09:17 [INFO] Disk Usage calculated successfully: 1%
2026-09-03 19:09:17 [INFO] Analysis complete. System Status: OK
2026-09-03 19:09:20 [INFO] Snapshot 1 taken. Total1: 4292437, Idle1: 4079211
2026-09-03 19:09:21 [INFO] Snapshot 2 taken. Total2: 4293295, Idle2: 4080063
2026-09-03 19:09:21 [INFO] CPU Usage calculated successfully: 0%
2026-09-03 19:09:21 [INFO] RAM Usage calculated successfully: 6%
2026-09-03 19:09:22 [INFO] Disk Usage calculated successfully: 1%
2026-09-03 19:09:22 [INFO] Analysis complete. System Status: OK
2026-09-03 19:09:25 [INFO] Snapshot 1 taken. Total1: 4295983, Idle1: 4082700
2026-09-03 19:09:26 [INFO] Snapshot 2 taken. Total2: 4296809, Idle2: 4083521
2026-09-03 19:09:26 [INFO] CPU Usage calculated successfully: 0%
2026-09-03 19:09:26 [INFO] RAM Usage calculated successfully: 6%
2026-09-03 19:09:26 [INFO] Disk Usage calculated successfully: 1%
2026-09-03 19:09:26 [INFO] Analysis complete. System Status: OK
2026-09-03 19:09:29 [INFO] Snapshot 1 taken. Total1: 4299645, Idle1: 4086284
2026-09-03 19:09:30 [INFO] Snapshot 2 taken. Total2: 4300470, Idle2: 4087104
2026-09-03 19:09:30 [INFO] CPU Usage calculated successfully: 0%
2026-09-03 19:09:30 [INFO] RAM Usage calculated successfully: 6%
2026-09-03 19:09:31 [INFO] Disk Usage calculated successfully: 1%
2026-09-03 19:09:31 [INFO] Analysis complete. System Status: OK
2026-09-03 19:09:32 [INFO] Snapshot 1 taken. Total1: 4303213, Idle1: 4089791
2026-09-03 19:09:33 [INFO] Snapshot 2 taken. Total2: 4304037, Idle2: 4090611
2026-09-03 19:09:33 [INFO] CPU Usage calculated successfully: 0%
2026-09-03 19:09:33 [INFO] RAM Usage calculated successfully: 6%
2026-09-03 19:09:33 [INFO] Disk Usage calculated successfully: 1%
2026-09-03 19:09:34 [INFO] Analysis complete. System Status: OK
2026-09-03 19:09:37 [INFO] Snapshot 1 taken. Total1: 4306972, Idle1: 4093455
2026-09-03 19:09:38 [INFO] Snapshot 2 taken. Total2: 4307814, Idle2: 4094293
2026-09-03 19:09:38 [INFO] CPU Usage calculated successfully: 0%
2026-09-03 19:09:38 [INFO] RAM Usage calculated successfully: 6%
2026-09-03 19:09:38 [INFO] Disk Usage calculated successfully: 1%
2026-09-03 19:09:38 [INFO] Analysis complete. System Status: OK
2026-09-03 19:09:41 [INFO] Snapshot 1 taken. Total1: 4310573, Idle1: 4096990
2026-09-03 19:09:42 [INFO] Snapshot 2 taken. Total2: 4311406, Idle2: 4097818
2026-09-03 19:09:42 [INFO] CPU Usage calculated successfully: 0%
2026-09-03 19:09:42 [INFO] RAM Usage calculated successfully: 6%
2026-09-03 19:09:42 [INFO] Disk Usage calculated successfully: 1%
2026-09-03 19:09:43 [INFO] Analysis complete. System Status: OK
2026-09-03 19:09:46 [INFO] Snapshot 1 taken. Total1: 4314300, Idle1: 4100627
2026-09-03 19:09:47 [INFO] Snapshot 2 taken. Total2: 4315126, Idle2: 4101449
2026-09-03 19:09:47 [INFO] CPU Usage calculated successfully: 0%
2026-09-03 19:09:47 [INFO] RAM Usage calculated successfully: 6%
2026-09-03 19:09:47 [INFO] Disk Usage calculated successfully: 1%
2026-09-03 19:09:47 [INFO] Analysis complete. System Status: OK
2026-09-03 19:09:50 [INFO] Snapshot 1 taken. Total1: 4317916, Idle1: 4104171
2026-09-03 19:09:51 [INFO] Snapshot 2 taken. Total2: 4318753, Idle2: 4105003
2026-09-03 19:09:51 [INFO] CPU Usage calculated successfully: 0%
2026-09-03 19:09:51 [INFO] RAM Usage calculated successfully: 6%
2026-09-03 19:09:52 [INFO] Disk Usage calculated successfully: 1%
2026-09-03 19:09:52 [INFO] Analysis complete. System Status: OK
2026-09-03 19:09:55 [INFO] Snapshot 1 taken. Total1: 4321514, Idle1: 4107703
2026-09-03 19:09:56 [INFO] Snapshot 2 taken. Total2: 4322331, Idle2: 4108516
2026-09-03 19:09:56 [INFO] CPU Usage calculated successfully: 0%
2026-09-03 19:09:56 [INFO] RAM Usage calculated successfully: 6%
2026-09-03 19:09:56 [INFO] Disk Usage calculated successfully: 1%
2026-09-03 19:09:56 [INFO] Analysis complete. System Status: OK
2026-09-03 19:10:00 [INFO] Snapshot 1 taken. Total1: 4325255, Idle1: 4111348
2026-09-03 19:10:01 [INFO] Snapshot 2 taken. Total2: 4326076, Idle2: 4112164
2026-09-03 19:10:01 [INFO] CPU Usage calculated successfully: 0%
2026-09-03 19:10:01 [INFO] RAM Usage calculated successfully: 6%
2026-09-03 19:10:01 [INFO] Disk Usage calculated successfully: 1%
2026-09-03 19:10:01 [INFO] Analysis complete. System Status: OK
2026-09-03 19:10:02 [INFO] Snapshot 1 taken. Total1: 4328904, Idle1: 4114903
2026-09-03 19:10:03 [INFO] Snapshot 2 taken. Total2: 4329752, Idle2: 4115744
2026-09-03 19:10:03 [INFO] CPU Usage calculated successfully: 0%
2026-09-03 19:10:03 [INFO] RAM Usage calculated successfully: 6%
2026-09-03 19:10:03 [INFO] Disk Usage calculated successfully: 1%
2026-09-03 19:10:03 [INFO] Analysis complete. System Status: OK
2026-09-03 19:10:06 [INFO] Snapshot 1 taken. Total1: 4332387, Idle1: 4118339
2026-09-03 19:10:07 [INFO] Snapshot 2 taken. Total2: 4333216, Idle2: 4119164
2026-09-03 19:10:07 [INFO] CPU Usage calculated successfully: 0%
2026-09-03 19:10:08 [INFO] RAM Usage calculated successfully: 6%
2026-09-03 19:10:08 [INFO] Disk Usage calculated successfully: 1%
2026-09-03 19:10:08 [INFO] Analysis complete. System Status: OK
2026-09-03 19:10:11 [INFO] Snapshot 1 taken. Total1: 4336128, Idle1: 4121990
2026-09-03 19:10:12 [INFO] Snapshot 2 taken. Total2: 4337015, Idle2: 4122872
2026-09-03 19:10:12 [INFO] CPU Usage calculated successfully: 0%
2026-09-03 19:10:12 [INFO] RAM Usage calculated successfully: 6%
2026-09-03 19:10:12 [INFO] Disk Usage calculated successfully: 1%
2026-09-03 19:10:13 [INFO] Analysis complete. System Status: OK
2026-09-03 19:10:16 [INFO] Snapshot 1 taken. Total1: 4339930, Idle1: 4125699
2026-09-03 19:10:17 [INFO] Snapshot 2 taken. Total2: 4340790, Idle2: 4126555
2026-09-03 19:10:17 [INFO] CPU Usage calculated successfully: 0%
2026-09-03 19:10:17 [INFO] RAM Usage calculated successfully: 6%
2026-09-03 19:10:17 [INFO] Disk Usage calculated successfully: 1%
2026-09-03 19:10:17 [INFO] Analysis complete. System Status: OK
2026-09-03 19:10:20 [INFO] Snapshot 1 taken. Total1: 4343539, Idle1: 4129246
2026-09-03 19:10:21 [INFO] Snapshot 2 taken. Total2: 4344374, Idle2: 4130070
2026-09-03 19:10:21 [INFO] CPU Usage calculated successfully: 1%
2026-09-03 19:10:21 [INFO] RAM Usage calculated successfully: 6%
2026-09-03 19:10:22 [INFO] Disk Usage calculated successfully: 1%
2026-09-03 19:10:22 [INFO] Analysis complete. System Status: OK
2026-09-03 19:10:25 [INFO] Snapshot 1 taken. Total1: 4347168, Idle1: 4132800
2026-09-03 19:10:26 [INFO] Snapshot 2 taken. Total2: 4348007, Idle2: 4133632
2026-09-03 19:10:26 [INFO] CPU Usage calculated successfully: 0%
2026-09-03 19:10:26 [INFO] RAM Usage calculated successfully: 6%
2026-09-03 19:10:26 [INFO] Disk Usage calculated successfully: 1%
2026-09-03 19:10:26 [INFO] Analysis complete. System Status: OK
2026-09-03 19:10:30 [INFO] Snapshot 1 taken. Total1: 4350923, Idle1: 4136454
2026-09-03 19:10:31 [INFO] Snapshot 2 taken. Total2: 4351766, Idle2: 4137292
2026-09-03 19:10:31 [INFO] CPU Usage calculated successfully: 0%
2026-09-03 19:10:31 [INFO] RAM Usage calculated successfully: 6%
2026-09-03 19:10:31 [INFO] Disk Usage calculated successfully: 1%
2026-09-03 19:10:31 [INFO] Analysis complete. System Status: OK
2026-09-03 19:10:32 [INFO] Snapshot 1 taken. Total1: 4354527, Idle1: 4139990
2026-09-03 19:10:33 [INFO] Snapshot 2 taken. Total2: 4355353, Idle2: 4140810
2026-09-03 19:10:33 [INFO] CPU Usage calculated successfully: 0%
2026-09-03 19:10:33 [INFO] RAM Usage calculated successfully: 6%
2026-09-03 19:10:33 [INFO] Disk Usage calculated successfully: 1%
2026-09-03 19:10:34 [INFO] Analysis complete. System Status: OK
2026-09-03 19:10:37 [INFO] Snapshot 1 taken. Total1: 4358181, Idle1: 4143567
2026-09-03 19:10:38 [INFO] Snapshot 2 taken. Total2: 4359012, Idle2: 4144393
2026-09-03 19:10:38 [INFO] CPU Usage calculated successfully: 0%
2026-09-03 19:10:38 [INFO] RAM Usage calculated successfully: 6%
2026-09-03 19:10:38 [INFO] Disk Usage calculated successfully: 1%
2026-09-03 19:10:38 [INFO] Analysis complete. System Status: OK
2026-09-03 19:10:41 [INFO] Snapshot 1 taken. Total1: 4361744, Idle1: 4147070
2026-09-03 19:10:42 [INFO] Snapshot 2 taken. Total2: 4362571, Idle2: 4147894
2026-09-03 19:10:42 [INFO] CPU Usage calculated successfully: 0%
2026-09-03 19:10:42 [INFO] RAM Usage calculated successfully: 6%
2026-09-03 19:10:42 [INFO] Disk Usage calculated successfully: 1%
2026-09-03 19:10:43 [INFO] Analysis complete. System Status: OK
2026-09-03 19:10:46 [INFO] Snapshot 1 taken. Total1: 4365368, Idle1: 4150628
2026-09-03 19:10:47 [INFO] Snapshot 2 taken. Total2: 4366251, Idle2: 4151506
2026-09-03 19:10:47 [INFO] CPU Usage calculated successfully: 0%
2026-09-03 19:10:47 [INFO] RAM Usage calculated successfully: 6%
2026-09-03 19:10:47 [INFO] Disk Usage calculated successfully: 1%
2026-09-03 19:10:47 [INFO] Analysis complete. System Status: OK
2026-09-03 19:10:50 [INFO] Snapshot 1 taken. Total1: 4369003, Idle1: 4154198
2026-09-03 19:10:51 [INFO] Snapshot 2 taken. Total2: 4369826, Idle2: 4155017
2026-09-03 19:10:51 [INFO] CPU Usage calculated successfully: 0%
2026-09-03 19:10:52 [INFO] RAM Usage calculated successfully: 6%
2026-09-03 19:10:52 [INFO] Disk Usage calculated successfully: 1%
2026-09-03 19:10:52 [INFO] Analysis complete. System Status: OK
2026-09-03 19:10:55 [INFO] Snapshot 1 taken. Total1: 4372567, Idle1: 4157701
2026-09-03 19:10:56 [INFO] Snapshot 2 taken. Total2: 4373394, Idle2: 4158525
2026-09-03 19:10:56 [INFO] CPU Usage calculated successfully: 0%
2026-09-03 19:10:56 [INFO] RAM Usage calculated successfully: 6%
2026-09-03 19:10:56 [INFO] Disk Usage calculated successfully: 1%
2026-09-03 19:10:56 [INFO] Analysis complete. System Status: OK
2026-09-03 19:10:59 [INFO] Snapshot 1 taken. Total1: 4376270, Idle1: 4161314
2026-09-03 19:11:01 [INFO] Snapshot 2 taken. Total2: 4377107, Idle2: 4162146
2026-09-03 19:11:01 [INFO] CPU Usage calculated successfully: 0%
2026-09-03 19:11:01 [INFO] RAM Usage calculated successfully: 6%
2026-09-03 19:11:01 [INFO] Disk Usage calculated successfully: 1%
2026-09-03 19:11:01 [INFO] Analysis complete. System Status: OK
2026-09-03 19:11:02 [INFO] Snapshot 1 taken. Total1: 4379776, Idle1: 4164767
2026-09-03 19:11:03 [INFO] Snapshot 2 taken. Total2: 4380599, Idle2: 4165585
2026-09-03 19:11:03 [INFO] CPU Usage calculated successfully: 0%
2026-09-03 19:11:03 [INFO] RAM Usage calculated successfully: 6%
2026-09-03 19:11:03 [INFO] Disk Usage calculated successfully: 1%
2026-09-03 19:11:03 [INFO] Analysis complete. System Status: OK
2026-09-03 19:11:07 [INFO] Snapshot 1 taken. Total1: 4383502, Idle1: 4168404
2026-09-03 19:11:08 [INFO] Snapshot 2 taken. Total2: 4384348, Idle2: 4169245
2026-09-03 19:11:08 [INFO] CPU Usage calculated successfully: 0%
2026-09-03 19:11:08 [INFO] RAM Usage calculated successfully: 6%
2026-09-03 19:11:08 [INFO] Disk Usage calculated successfully: 1%
2026-09-03 19:11:08 [INFO] Analysis complete. System Status: OK
2026-09-03 19:11:11 [INFO] Snapshot 1 taken. Total1: 4387041, Idle1: 4171887
2026-09-03 19:11:12 [INFO] Snapshot 2 taken. Total2: 4387865, Idle2: 4172706
2026-09-03 19:11:12 [INFO] CPU Usage calculated successfully: 0%
2026-09-03 19:11:12 [INFO] RAM Usage calculated successfully: 6%
2026-09-03 19:11:12 [INFO] Disk Usage calculated successfully: 1%
2026-09-03 19:11:12 [INFO] Analysis complete. System Status: OK
2026-09-03 19:11:16 [INFO] Snapshot 1 taken. Total1: 4390646, Idle1: 4175433
2026-09-03 19:11:17 [INFO] Snapshot 2 taken. Total2: 4391478, Idle2: 4176261
2026-09-03 19:11:17 [INFO] CPU Usage calculated successfully: 0%
2026-09-03 19:11:17 [INFO] RAM Usage calculated successfully: 6%
2026-09-03 19:11:17 [INFO] Disk Usage calculated successfully: 1%
2026-09-03 19:11:17 [INFO] Analysis complete. System Status: OK
2026-09-03 19:11:20 [INFO] Snapshot 1 taken. Total1: 4394277, Idle1: 4178986
2026-09-03 19:11:21 [INFO] Snapshot 2 taken. Total2: 4395090, Idle2: 4179798
2026-09-03 19:11:21 [INFO] CPU Usage calculated successfully: 0%
2026-09-03 19:11:21 [INFO] RAM Usage calculated successfully: 6%
2026-09-03 19:11:21 [INFO] Disk Usage calculated successfully: 1%
2026-09-03 19:11:22 [INFO] Analysis complete. System Status: OK
2026-09-03 19:11:25 [INFO] Snapshot 1 taken. Total1: 4397957, Idle1: 4182588
2026-09-03 19:11:26 [INFO] Snapshot 2 taken. Total2: 4398794, Idle2: 4183419
2026-09-03 19:11:26 [INFO] CPU Usage calculated successfully: 0%
2026-09-03 19:11:26 [INFO] RAM Usage calculated successfully: 6%
2026-09-03 19:11:26 [INFO] Disk Usage calculated successfully: 1%
2026-09-03 19:11:26 [INFO] Analysis complete. System Status: OK
2026-09-03 19:11:29 [INFO] Snapshot 1 taken. Total1: 4401685, Idle1: 4186227
2026-09-03 19:11:30 [INFO] Snapshot 2 taken. Total2: 4402519, Idle2: 4187055
2026-09-03 19:11:30 [INFO] CPU Usage calculated successfully: 0%
2026-09-03 19:11:31 [INFO] RAM Usage calculated successfully: 6%
2026-09-03 19:11:31 [INFO] Disk Usage calculated successfully: 1%
2026-09-03 19:11:31 [INFO] Analysis complete. System Status: OK
2026-09-03 19:11:32 [INFO] Snapshot 1 taken. Total1: 4405345, Idle1: 4189805
2026-09-03 19:11:33 [INFO] Snapshot 2 taken. Total2: 4406169, Idle2: 4190624
2026-09-03 19:11:33 [INFO] CPU Usage calculated successfully: 0%
2026-09-03 19:11:33 [INFO] RAM Usage calculated successfully: 6%
2026-09-03 19:11:33 [INFO] Disk Usage calculated successfully: 1%
2026-09-03 19:11:33 [INFO] Analysis complete. System Status: OK
2026-09-03 19:11:37 [INFO] Snapshot 1 taken. Total1: 4409089, Idle1: 4193457
2026-09-03 19:11:38 [INFO] Snapshot 2 taken. Total2: 4409947, Idle2: 4194310
2026-09-03 19:11:38 [INFO] CPU Usage calculated successfully: 0%
2026-09-03 19:11:38 [INFO] RAM Usage calculated successfully: 6%
2026-09-03 19:11:38 [INFO] Disk Usage calculated successfully: 1%
2026-09-03 19:11:38 [INFO] Analysis complete. System Status: OK
2026-09-03 19:11:41 [INFO] Snapshot 1 taken. Total1: 4412623, Idle1: 4196945
2026-09-03 19:11:42 [INFO] Snapshot 2 taken. Total2: 4413447, Idle2: 4197765
2026-09-03 19:11:42 [INFO] CPU Usage calculated successfully: 0%
2026-09-03 19:11:42 [INFO] RAM Usage calculated successfully: 6%
2026-09-03 19:11:42 [INFO] Disk Usage calculated successfully: 1%
2026-09-03 19:11:43 [INFO] Analysis complete. System Status: OK
2026-09-03 19:11:46 [INFO] Snapshot 1 taken. Total1: 4416371, Idle1: 4200602
2026-09-03 19:11:47 [INFO] Snapshot 2 taken. Total2: 4417215, Idle2: 4201444
2026-09-03 19:11:47 [INFO] CPU Usage calculated successfully: 0%
2026-09-03 19:11:47 [INFO] RAM Usage calculated successfully: 6%
2026-09-03 19:11:47 [INFO] Disk Usage calculated successfully: 1%
2026-09-03 19:11:47 [INFO] Analysis complete. System Status: OK
2026-09-03 19:11:50 [INFO] Snapshot 1 taken. Total1: 4419855, Idle1: 4204044
2026-09-03 19:11:51 [INFO] Snapshot 2 taken. Total2: 4420690, Idle2: 4204873
2026-09-03 19:11:51 [INFO] CPU Usage calculated successfully: 0%
2026-09-03 19:11:51 [INFO] RAM Usage calculated successfully: 6%
2026-09-03 19:11:51 [INFO] Disk Usage calculated successfully: 1%
2026-09-03 19:11:52 [INFO] Analysis complete. System Status: OK
2026-09-03 19:11:55 [INFO] Snapshot 1 taken. Total1: 4423511, Idle1: 4207620
2026-09-03 19:11:56 [INFO] Snapshot 2 taken. Total2: 4424356, Idle2: 4208461
2026-09-03 19:11:56 [INFO] CPU Usage calculated successfully: 0%
2026-09-03 19:11:56 [INFO] RAM Usage calculated successfully: 6%
2026-09-03 19:11:56 [INFO] Disk Usage calculated successfully: 1%
2026-09-03 19:11:56 [INFO] Analysis complete. System Status: OK
2026-09-03 19:11:59 [INFO] Snapshot 1 taken. Total1: 4426946, Idle1: 4211018
2026-09-03 19:12:00 [INFO] Snapshot 2 taken. Total2: 4427769, Idle2: 4211836
2026-09-03 19:12:00 [INFO] CPU Usage calculated successfully: 0%
2026-09-03 19:12:00 [INFO] RAM Usage calculated successfully: 6%
2026-09-03 19:12:00 [INFO] Disk Usage calculated successfully: 1%
2026-09-03 19:12:00 [INFO] Analysis complete. System Status: OK
2026-09-03 19:12:01 [INFO] Snapshot 1 taken. Total1: 4430417, Idle1: 4214439
2026-09-03 19:12:02 [INFO] Snapshot 2 taken. Total2: 4431236, Idle2: 4215254
2026-09-03 19:12:02 [INFO] CPU Usage calculated successfully: 0%
2026-09-03 19:12:02 [INFO] RAM Usage calculated successfully: 6%
2026-09-03 19:12:02 [INFO] Disk Usage calculated successfully: 1%
2026-09-03 19:12:03 [INFO] Analysis complete. System Status: OK
2026-09-03 19:12:06 [INFO] Snapshot 1 taken. Total1: 4433859, Idle1: 4217842
2026-09-03 19:12:07 [INFO] Snapshot 2 taken. Total2: 4434688, Idle2: 4218664
2026-09-03 19:12:07 [INFO] CPU Usage calculated successfully: 0%
2026-09-03 19:12:07 [INFO] RAM Usage calculated successfully: 6%
2026-09-03 19:12:07 [INFO] Disk Usage calculated successfully: 1%
2026-09-03 19:12:07 [INFO] Analysis complete. System Status: OK
2026-09-03 19:12:10 [INFO] Snapshot 1 taken. Total1: 4437299, Idle1: 4221238
2026-09-03 19:12:11 [INFO] Snapshot 2 taken. Total2: 4438148, Idle2: 4222083
2026-09-03 19:12:11 [INFO] CPU Usage calculated successfully: 0%
2026-09-03 19:12:11 [INFO] RAM Usage calculated successfully: 6%
2026-09-03 19:12:11 [INFO] Disk Usage calculated successfully: 1%
2026-09-03 19:12:12 [INFO] Analysis complete. System Status: OK
2026-09-03 19:12:15 [INFO] Snapshot 1 taken. Total1: 4441063, Idle1: 4224908
2026-09-03 19:12:16 [INFO] Snapshot 2 taken. Total2: 4441912, Idle2: 4225750
2026-09-03 19:12:16 [INFO] CPU Usage calculated successfully: 0%
2026-09-03 19:12:16 [INFO] RAM Usage calculated successfully: 6%
2026-09-03 19:12:16 [INFO] Disk Usage calculated successfully: 1%
2026-09-03 19:12:16 [INFO] Analysis complete. System Status: OK
2026-09-03 19:12:19 [INFO] Snapshot 1 taken. Total1: 4444665, Idle1: 4228443
2026-09-03 19:12:20 [INFO] Snapshot 2 taken. Total2: 4445501, Idle2: 4229275
2026-09-03 19:12:20 [INFO] CPU Usage calculated successfully: 0%
2026-09-03 19:12:20 [INFO] RAM Usage calculated successfully: 6%
2026-09-03 19:12:20 [INFO] Disk Usage calculated successfully: 1%
2026-09-03 19:12:21 [INFO] Analysis complete. System Status: OK
2026-09-03 19:12:24 [INFO] Snapshot 1 taken. Total1: 4448355, Idle1: 4232052
2026-09-03 19:12:25 [INFO] Snapshot 2 taken. Total2: 4449184, Idle2: 4232876
2026-09-03 19:12:25 [INFO] CPU Usage calculated successfully: 0%
2026-09-03 19:12:25 [INFO] RAM Usage calculated successfully: 6%
2026-09-03 19:12:25 [INFO] Disk Usage calculated successfully: 1%
2026-09-03 19:12:25 [INFO] Analysis complete. System Status: OK
2026-09-03 19:12:28 [INFO] Snapshot 1 taken. Total1: 4452065, Idle1: 4235674
2026-09-03 19:12:29 [INFO] Snapshot 2 taken. Total2: 4452900, Idle2: 4236502
2026-09-03 19:12:30 [INFO] CPU Usage calculated successfully: 0%
2026-09-03 19:12:30 [INFO] RAM Usage calculated successfully: 6%
2026-09-03 19:12:30 [INFO] Disk Usage calculated successfully: 1%
2026-09-03 19:12:30 [INFO] Analysis complete. System Status: OK
2026-09-03 19:12:33 [INFO] Snapshot 1 taken. Total1: 4455549, Idle1: 4239110
2026-09-03 19:12:32 [INFO] Snapshot 2 taken. Total2: 4456382, Idle2: 4239938
2026-09-03 19:12:32 [INFO] CPU Usage calculated successfully: 0%
2026-09-03 19:12:32 [INFO] RAM Usage calculated successfully: 6%
2026-09-03 19:12:32 [INFO] Disk Usage calculated successfully: 1%
2026-09-03 19:12:32 [INFO] Analysis complete. System Status: OK
2026-09-03 19:12:35 [INFO] Snapshot 1 taken. Total1: 4459126, Idle1: 4242623
2026-09-03 19:12:36 [INFO] Snapshot 2 taken. Total2: 4459947, Idle2: 4243443
2026-09-03 19:12:36 [INFO] CPU Usage calculated successfully: 0%
2026-09-03 19:12:37 [INFO] RAM Usage calculated successfully: 6%
2026-09-03 19:12:37 [INFO] Disk Usage calculated successfully: 1%
2026-09-03 19:12:37 [INFO] Analysis complete. System Status: OK
2026-09-03 19:12:40 [INFO] Snapshot 1 taken. Total1: 4462554, Idle1: 4246013
2026-09-03 19:12:41 [INFO] Snapshot 2 taken. Total2: 4463391, Idle2: 4246844
2026-09-03 19:12:41 [INFO] CPU Usage calculated successfully: 0%
2026-09-03 19:12:41 [INFO] RAM Usage calculated successfully: 6%
2026-09-03 19:12:41 [INFO] Disk Usage calculated successfully: 1%
2026-09-03 19:12:41 [INFO] Analysis complete. System Status: OK
2026-09-03 19:12:44 [INFO] Snapshot 1 taken. Total1: 4466174, Idle1: 4249562
2026-09-03 19:12:45 [INFO] Snapshot 2 taken. Total2: 4467018, Idle2: 4250401
2026-09-03 19:12:45 [INFO] CPU Usage calculated successfully: 0%
2026-09-03 19:12:45 [INFO] RAM Usage calculated successfully: 6%
2026-09-03 19:12:45 [INFO] Disk Usage calculated successfully: 1%
2026-09-03 19:12:46 [INFO] Analysis complete. System Status: OK
2026-09-03 19:12:49 [INFO] Snapshot 1 taken. Total1: 4469760, Idle1: 4253083
2026-09-03 19:12:50 [INFO] Snapshot 2 taken. Total2: 4470587, Idle2: 4253904
2026-09-03 19:12:50 [INFO] CPU Usage calculated successfully: 0%
2026-09-03 19:12:50 [INFO] RAM Usage calculated successfully: 6%
2026-09-03 19:12:50 [INFO] Disk Usage calculated successfully: 1%
2026-09-03 19:12:50 [INFO] Analysis complete. System Status: OK
2026-09-03 19:12:53 [INFO] Snapshot 1 taken. Total1: 4473364, Idle1: 4256615
2026-09-03 19:12:54 [INFO] Snapshot 2 taken. Total2: 4474213, Idle2: 4257458
2026-09-03 19:12:54 [INFO] CPU Usage calculated successfully: 0%
2026-09-03 19:12:54 [INFO] RAM Usage calculated successfully: 6%
2026-09-03 19:12:55 [INFO] Disk Usage calculated successfully: 1%
2026-09-03 19:12:55 [INFO] Analysis complete. System Status: OK
2026-09-03 19:12:58 [INFO] Snapshot 1 taken. Total1: 4477088, Idle1: 4260253
2026-09-03 19:12:59 [INFO] Snapshot 2 taken. Total2: 4477908, Idle2: 4261071
2026-09-03 19:12:59 [INFO] CPU Usage calculated successfully: 0%
2026-09-03 19:12:59 [INFO] RAM Usage calculated successfully: 6%
2026-09-03 19:12:59 [INFO] Disk Usage calculated successfully: 1%
2026-09-03 19:12:59 [INFO] Analysis complete. System Status: OK
2026-09-03 19:13:03 [INFO] Snapshot 1 taken. Total1: 4480748, Idle1: 4263837
2026-09-03 19:13:02 [INFO] Snapshot 2 taken. Total2: 4481571, Idle2: 4264654
2026-09-03 19:13:02 [INFO] CPU Usage calculated successfully: 0%
2026-09-03 19:13:02 [INFO] RAM Usage calculated successfully: 6%
2026-09-03 19:13:02 [INFO] Disk Usage calculated successfully: 1%
2026-09-03 19:13:02 [INFO] Analysis complete. System Status: OK
2026-09-03 19:13:05 [INFO] Snapshot 1 taken. Total1: 4484316, Idle1: 4267337
2026-09-03 19:13:06 [INFO] Snapshot 2 taken. Total2: 4485161, Idle2: 4268177
2026-09-03 19:13:06 [INFO] CPU Usage calculated successfully: 0%
2026-09-03 19:13:06 [INFO] RAM Usage calculated successfully: 6%
2026-09-03 19:13:06 [INFO] Disk Usage calculated successfully: 1%
2026-09-03 19:13:07 [INFO] Analysis complete. System Status: OK
2026-09-03 19:13:10 [INFO] Snapshot 1 taken. Total1: 4488045, Idle1: 4270975
2026-09-03 19:13:11 [INFO] Snapshot 2 taken. Total2: 4488877, Idle2: 4271800
2026-09-03 19:13:11 [INFO] CPU Usage calculated successfully: 0%
2026-09-03 19:13:11 [INFO] RAM Usage calculated successfully: 6%
2026-09-03 19:13:11 [INFO] Disk Usage calculated successfully: 1%
2026-09-03 19:13:11 [INFO] Analysis complete. System Status: OK
2026-09-03 19:13:14 [INFO] Snapshot 1 taken. Total1: 4491662, Idle1: 4274521
2026-09-03 19:13:15 [INFO] Snapshot 2 taken. Total2: 4492506, Idle2: 4275357
2026-09-03 19:13:15 [INFO] CPU Usage calculated successfully: 0%
2026-09-03 19:13:15 [INFO] RAM Usage calculated successfully: 6%
2026-09-03 19:13:16 [INFO] Disk Usage calculated successfully: 1%
2026-09-03 19:13:16 [INFO] Analysis complete. System Status: OK
2026-09-03 19:13:19 [INFO] Snapshot 1 taken. Total1: 4495504, Idle1: 4278251
2026-09-03 19:13:20 [INFO] Snapshot 2 taken. Total2: 4496330, Idle2: 4279072
2026-09-03 19:13:20 [INFO] CPU Usage calculated successfully: 0%
2026-09-03 19:13:20 [INFO] RAM Usage calculated successfully: 6%
2026-09-03 19:13:20 [INFO] Disk Usage calculated successfully: 1%
2026-09-03 19:13:21 [INFO] Analysis complete. System Status: OK
2026-09-03 19:13:24 [INFO] Snapshot 1 taken. Total1: 4499272, Idle1: 4281919
2026-09-03 19:13:25 [INFO] Snapshot 2 taken. Total2: 4500093, Idle2: 4282737
2026-09-03 19:13:25 [INFO] CPU Usage calculated successfully: 0%
2026-09-03 19:13:25 [INFO] RAM Usage calculated successfully: 6%
2026-09-03 19:13:25 [INFO] Disk Usage calculated successfully: 1%
2026-09-03 19:13:25 [INFO] Analysis complete. System Status: OK
2026-09-03 19:13:28 [INFO] Snapshot 1 taken. Total1: 4502897, Idle1: 4285471
2026-09-03 19:13:29 [INFO] Snapshot 2 taken. Total2: 4503733, Idle2: 4286301
2026-09-03 19:13:29 [INFO] CPU Usage calculated successfully: 0%
2026-09-03 19:13:30 [INFO] RAM Usage calculated successfully: 6%
2026-09-03 19:13:30 [INFO] Disk Usage calculated successfully: 1%
2026-09-03 19:13:30 [INFO] Analysis complete. System Status: OK
2026-09-03 19:13:33 [INFO] Snapshot 1 taken. Total1: 4506673, Idle1: 4289144
2026-09-03 19:13:32 [INFO] Snapshot 2 taken. Total2: 4507504, Idle2: 4289968
2026-09-03 19:13:32 [INFO] CPU Usage calculated successfully: 0%
2026-09-03 19:13:32 [INFO] RAM Usage calculated successfully: 6%
2026-09-03 19:13:32 [INFO] Disk Usage calculated successfully: 1%
2026-09-03 19:13:32 [INFO] Analysis complete. System Status: OK
2026-09-03 19:13:36 [INFO] Snapshot 1 taken. Total1: 4510264, Idle1: 4292667
2026-09-03 19:13:37 [INFO] Snapshot 2 taken. Total2: 4511101, Idle2: 4293496
2026-09-03 19:13:37 [INFO] CPU Usage calculated successfully: 0%
2026-09-03 19:13:37 [INFO] RAM Usage calculated successfully: 6%
2026-09-03 19:13:37 [INFO] Disk Usage calculated successfully: 1%
2026-09-03 19:13:37 [INFO] Analysis complete. System Status: OK
2026-09-03 19:13:40 [INFO] Snapshot 1 taken. Total1: 4514026, Idle1: 4296335
2026-09-03 19:13:41 [INFO] Snapshot 2 taken. Total2: 4514863, Idle2: 4297165
2026-09-03 19:13:41 [INFO] CPU Usage calculated successfully: 0%
2026-09-03 19:13:41 [INFO] RAM Usage calculated successfully: 6%
2026-09-03 19:13:41 [INFO] Disk Usage calculated successfully: 1%
2026-09-03 19:13:42 [INFO] Analysis complete. System Status: OK
2026-09-03 19:13:45 [INFO] Snapshot 1 taken. Total1: 4517642, Idle1: 4299875
2026-09-03 19:13:46 [INFO] Snapshot 2 taken. Total2: 4518479, Idle2: 4300702
2026-09-03 19:13:46 [INFO] CPU Usage calculated successfully: 1%
2026-09-03 19:13:46 [INFO] RAM Usage calculated successfully: 6%
2026-09-03 19:13:46 [INFO] Disk Usage calculated successfully: 1%
2026-09-03 19:13:46 [INFO] Analysis complete. System Status: OK
2026-09-03 19:13:50 [INFO] Snapshot 1 taken. Total1: 4521419, Idle1: 4303548
2026-09-03 19:13:51 [INFO] Snapshot 2 taken. Total2: 4522278, Idle2: 4304404
2026-09-03 19:13:51 [INFO] CPU Usage calculated successfully: 0%
2026-09-03 19:13:51 [INFO] RAM Usage calculated successfully: 6%
2026-09-03 19:13:51 [INFO] Disk Usage calculated successfully: 1%
2026-09-03 19:13:51 [INFO] Analysis complete. System Status: OK
2026-09-03 19:13:54 [INFO] Snapshot 1 taken. Total1: 4524897, Idle1: 4306985
2026-09-03 19:13:55 [INFO] Snapshot 2 taken. Total2: 4525718, Idle2: 4307802
2026-09-03 19:13:55 [INFO] CPU Usage calculated successfully: 0%
2026-09-03 19:13:55 [INFO] RAM Usage calculated successfully: 6%
2026-09-03 19:13:55 [INFO] Disk Usage calculated successfully: 1%
2026-09-03 19:13:55 [INFO] Analysis complete. System Status: OK
2026-09-03 19:13:58 [INFO] Snapshot 1 taken. Total1: 4528479, Idle1: 4310505
2026-09-03 19:13:59 [INFO] Snapshot 2 taken. Total2: 4529311, Idle2: 4311333
2026-09-03 19:13:59 [INFO] CPU Usage calculated successfully: 0%
2026-09-03 19:14:00 [INFO] RAM Usage calculated successfully: 6%
2026-09-03 19:14:00 [INFO] Disk Usage calculated successfully: 1%
2026-09-03 19:14:00 [INFO] Analysis complete. System Status: OK
2026-09-03 19:14:03 [INFO] Snapshot 1 taken. Total1: 4532014, Idle1: 4313984
2026-09-03 19:14:04 [INFO] Snapshot 2 taken. Total2: 4532836, Idle2: 4314803
2026-09-03 19:14:04 [INFO] CPU Usage calculated successfully: 0%
2026-09-03 19:14:04 [INFO] RAM Usage calculated successfully: 6%
2026-09-03 19:14:04 [INFO] Disk Usage calculated successfully: 1%
2026-09-03 19:14:04 [INFO] Analysis complete. System Status: OK
2026-09-03 19:14:05 [INFO] Snapshot 1 taken. Total1: 4535554, Idle1: 4317462
2026-09-03 19:14:06 [INFO] Snapshot 2 taken. Total2: 4536393, Idle2: 4318297
2026-09-03 19:14:06 [INFO] CPU Usage calculated successfully: 0%
2026-09-03 19:14:07 [INFO] RAM Usage calculated successfully: 6%
2026-09-03 19:14:07 [INFO] Disk Usage calculated successfully: 1%
2026-09-03 19:14:07 [INFO] Analysis complete. System Status: OK
2026-09-03 19:14:10 [INFO] Snapshot 1 taken. Total1: 4539245, Idle1: 4321075
2026-09-03 19:14:11 [INFO] Snapshot 2 taken. Total2: 4540085, Idle2: 4321908
2026-09-03 19:14:11 [INFO] CPU Usage calculated successfully: 0%
2026-09-03 19:14:11 [INFO] RAM Usage calculated successfully: 6%
2026-09-03 19:14:11 [INFO] Disk Usage calculated successfully: 1%
2026-09-03 19:14:11 [INFO] Analysis complete. System Status: OK
2026-09-03 19:14:15 [INFO] Snapshot 1 taken. Total1: 4542952, Idle1: 4324694
2026-09-03 19:14:16 [INFO] Snapshot 2 taken. Total2: 4543793, Idle2: 4325528
2026-09-03 19:14:16 [INFO] CPU Usage calculated successfully: 0%
2026-09-03 19:14:16 [INFO] RAM Usage calculated successfully: 6%
2026-09-03 19:14:16 [INFO] Disk Usage calculated successfully: 1%
2026-09-03 19:14:16 [INFO] Analysis complete. System Status: OK
2026-09-03 19:14:19 [INFO] Snapshot 1 taken. Total1: 4546759, Idle1: 4328402
2026-09-03 19:14:20 [INFO] Snapshot 2 taken. Total2: 4547602, Idle2: 4329238
2026-09-03 19:14:20 [INFO] CPU Usage calculated successfully: 0%
2026-09-03 19:14:21 [INFO] RAM Usage calculated successfully: 6%
2026-09-03 19:14:21 [INFO] Disk Usage calculated successfully: 1%
2026-09-03 19:14:21 [INFO] Analysis complete. System Status: OK
2026-09-03 19:14:24 [INFO] Snapshot 1 taken. Total1: 4550503, Idle1: 4332051
2026-09-03 19:14:25 [INFO] Snapshot 2 taken. Total2: 4551340, Idle2: 4332882
2026-09-03 19:14:25 [INFO] CPU Usage calculated successfully: 0%
2026-09-03 19:14:25 [INFO] RAM Usage calculated successfully: 6%
2026-09-03 19:14:25 [INFO] Disk Usage calculated successfully: 1%
2026-09-03 19:14:26 [INFO] Analysis complete. System Status: OK
2026-09-03 19:14:29 [INFO] Snapshot 1 taken. Total1: 4554198, Idle1: 4335660
2026-09-03 19:14:30 [INFO] Snapshot 2 taken. Total2: 4555015, Idle2: 4336474
2026-09-03 19:14:30 [INFO] CPU Usage calculated successfully: 0%
2026-09-03 19:14:30 [INFO] RAM Usage calculated successfully: 6%
2026-09-03 19:14:30 [INFO] Disk Usage calculated successfully: 1%
2026-09-03 19:14:30 [INFO] Analysis complete. System Status: OK
2026-09-03 19:14:33 [INFO] Snapshot 1 taken. Total1: 4558036, Idle1: 4339391
2026-09-03 19:14:35 [INFO] Snapshot 2 taken. Total2: 4558878, Idle2: 4340227
2026-09-03 19:14:35 [INFO] CPU Usage calculated successfully: 0%
2026-09-03 19:14:35 [INFO] RAM Usage calculated successfully: 6%
2026-09-03 19:14:33 [INFO] Disk Usage calculated successfully: 1%
2026-09-03 19:14:33 [INFO] Analysis complete. System Status: OK
2026-09-03 19:14:36 [INFO] Snapshot 1 taken. Total1: 4561815, Idle1: 4343073
2026-09-03 19:14:37 [INFO] Snapshot 2 taken. Total2: 4562683, Idle2: 4343936
2026-09-03 19:14:37 [INFO] CPU Usage calculated successfully: 0%
2026-09-03 19:14:37 [INFO] RAM Usage calculated successfully: 6%
2026-09-03 19:14:38 [INFO] Disk Usage calculated successfully: 1%
2026-09-03 19:14:38 [INFO] Analysis complete. System Status: OK
2026-09-03 19:14:41 [INFO] Snapshot 1 taken. Total1: 4565602, Idle1: 4346772
2026-09-03 19:14:42 [INFO] Snapshot 2 taken. Total2: 4566442, Idle2: 4347605
2026-09-03 19:14:42 [INFO] CPU Usage calculated successfully: 0%
2026-09-03 19:14:42 [INFO] RAM Usage calculated successfully: 6%
2026-09-03 19:14:42 [INFO] Disk Usage calculated successfully: 1%
2026-09-03 19:14:42 [INFO] Analysis complete. System Status: OK
2026-09-03 19:14:46 [INFO] Snapshot 1 taken. Total1: 4569303, Idle1: 4350384
2026-09-03 19:14:47 [INFO] Snapshot 2 taken. Total2: 4570141, Idle2: 4351215
2026-09-03 19:14:47 [INFO] CPU Usage calculated successfully: 0%
2026-09-03 19:14:47 [INFO] RAM Usage calculated successfully: 6%
2026-09-03 19:14:47 [INFO] Disk Usage calculated successfully: 1%
2026-09-03 19:14:47 [INFO] Analysis complete. System Status: OK
2026-09-03 19:14:50 [INFO] Snapshot 1 taken. Total1: 4573090, Idle1: 4354072
2026-09-03 19:14:51 [INFO] Snapshot 2 taken. Total2: 4573918, Idle2: 4354894
2026-09-03 19:14:51 [INFO] CPU Usage calculated successfully: 0%
2026-09-03 19:14:52 [INFO] RAM Usage calculated successfully: 6%
2026-09-03 19:14:52 [INFO] Disk Usage calculated successfully: 1%
2026-09-03 19:14:52 [INFO] Analysis complete. System Status: OK
2026-09-03 19:14:55 [INFO] Snapshot 1 taken. Total1: 4576788, Idle1: 4357685
2026-09-03 19:14:56 [INFO] Snapshot 2 taken. Total2: 4577614, Idle2: 4358509
2026-09-03 19:14:56 [INFO] CPU Usage calculated successfully: 0%
2026-09-03 19:14:56 [INFO] RAM Usage calculated successfully: 6%
2026-09-03 19:14:56 [INFO] Disk Usage calculated successfully: 1%
2026-09-03 19:14:56 [INFO] Analysis complete. System Status: OK
2026-09-03 19:14:59 [INFO] Snapshot 1 taken. Total1: 4580338, Idle1: 4361177
2026-09-03 19:15:00 [INFO] Snapshot 2 taken. Total2: 4581170, Idle2: 4362003
2026-09-03 19:15:00 [INFO] CPU Usage calculated successfully: 0%
2026-09-03 19:15:01 [INFO] RAM Usage calculated successfully: 6%
2026-09-03 19:15:01 [INFO] Disk Usage calculated successfully: 1%
2026-09-03 19:15:01 [INFO] Analysis complete. System Status: OK
2026-09-03 19:15:04 [INFO] Snapshot 1 taken. Total1: 4583946, Idle1: 4364712
2026-09-03 19:15:03 [INFO] Snapshot 2 taken. Total2: 4584769, Idle2: 4365530
2026-09-03 19:15:03 [INFO] CPU Usage calculated successfully: 0%
2026-09-03 19:15:03 [INFO] RAM Usage calculated successfully: 6%
2026-09-03 19:15:03 [INFO] Disk Usage calculated successfully: 1%
2026-09-03 19:15:04 [INFO] Analysis complete. System Status: OK
2026-09-03 19:15:07 [INFO] Snapshot 1 taken. Total1: 4587637, Idle1: 4368315
2026-09-03 19:15:08 [INFO] Snapshot 2 taken. Total2: 4588458, Idle2: 4369134
2026-09-03 19:15:08 [INFO] CPU Usage calculated successfully: 0%
2026-09-03 19:15:08 [INFO] RAM Usage calculated successfully: 6%
2026-09-03 19:15:08 [INFO] Disk Usage calculated successfully: 1%
2026-09-03 19:15:08 [INFO] Analysis complete. System Status: OK
2026-09-03 19:15:11 [INFO] Snapshot 1 taken. Total1: 4591220, Idle1: 4371833
2026-09-03 19:15:12 [INFO] Snapshot 2 taken. Total2: 4592057, Idle2: 4372665
2026-09-03 19:15:12 [INFO] CPU Usage calculated successfully: 0%
2026-09-03 19:15:12 [INFO] RAM Usage calculated successfully: 6%
2026-09-03 19:15:12 [INFO] Disk Usage calculated successfully: 1%
2026-09-03 19:15:13 [INFO] Analysis complete. System Status: OK
2026-09-03 19:15:16 [INFO] Snapshot 1 taken. Total1: 4594962, Idle1: 4375487
2026-09-03 19:15:17 [INFO] Snapshot 2 taken. Total2: 4595812, Idle2: 4376332
2026-09-03 19:15:17 [INFO] CPU Usage calculated successfully: 0%
2026-09-03 19:15:17 [INFO] RAM Usage calculated successfully: 6%
2026-09-03 19:15:17 [INFO] Disk Usage calculated successfully: 1%
2026-09-03 19:15:17 [INFO] Analysis complete. System Status: OK
2026-09-03 19:15:20 [INFO] Snapshot 1 taken. Total1: 4598471, Idle1: 4378948
2026-09-03 19:15:21 [INFO] Snapshot 2 taken. Total2: 4599307, Idle2: 4379777
2026-09-03 19:15:21 [INFO] CPU Usage calculated successfully: 0%
2026-09-03 19:15:21 [INFO] RAM Usage calculated successfully: 6%
2026-09-03 19:15:21 [INFO] Disk Usage calculated successfully: 1%
2026-09-03 19:15:21 [INFO] Analysis complete. System Status: OK
2026-09-03 19:15:25 [INFO] Snapshot 1 taken. Total1: 4601946, Idle1: 4382385
2026-09-03 19:15:26 [INFO] Snapshot 2 taken. Total2: 4602788, Idle2: 4383220
2026-09-03 19:15:26 [INFO] CPU Usage calculated successfully: 0%
2026-09-03 19:15:26 [INFO] RAM Usage calculated successfully: 6%
2026-09-03 19:15:26 [INFO] Disk Usage calculated successfully: 1%
2026-09-03 19:15:26 [INFO] Analysis complete. System Status: OK
2026-09-03 19:15:29 [INFO] Snapshot 1 taken. Total1: 4605656, Idle1: 4386007
2026-09-03 19:15:30 [INFO] Snapshot 2 taken. Total2: 4606490, Idle2: 4386836
2026-09-03 19:15:30 [INFO] CPU Usage calculated successfully: 0%
2026-09-03 19:15:30 [INFO] RAM Usage calculated successfully: 6%
2026-09-03 19:15:30 [INFO] Disk Usage calculated successfully: 1%
2026-09-03 19:15:31 [INFO] Analysis complete. System Status: OK
2026-09-03 19:15:34 [INFO] Snapshot 1 taken. Total1: 4609155, Idle1: 4389450
2026-09-03 19:15:35 [INFO] Snapshot 2 taken. Total2: 4609988, Idle2: 4390279
2026-09-03 19:15:35 [INFO] CPU Usage calculated successfully: 0%
2026-09-03 19:15:35 [INFO] RAM Usage calculated successfully: 6%
2026-09-03 19:15:35 [INFO] Disk Usage calculated successfully: 1%
2026-09-03 19:15:35 [INFO] Analysis complete. System Status: OK
2026-09-03 19:15:36 [INFO] Snapshot 1 taken. Total1: 4612685, Idle1: 4392924
2026-09-03 19:15:37 [INFO] Snapshot 2 taken. Total2: 4613524, Idle2: 4393757
2026-09-03 19:15:37 [INFO] CPU Usage calculated successfully: 0%
2026-09-03 19:15:37 [INFO] RAM Usage calculated successfully: 6%
2026-09-03 19:15:37 [INFO] Disk Usage calculated successfully: 1%
2026-09-03 19:15:38 [INFO] Analysis complete. System Status: OK
2026-09-03 19:15:41 [INFO] Snapshot 1 taken. Total1: 4616389, Idle1: 4396541
2026-09-03 19:15:42 [INFO] Snapshot 2 taken. Total2: 4617222, Idle2: 4397368
2026-09-03 19:15:42 [INFO] CPU Usage calculated successfully: 0%
2026-09-03 19:15:42 [INFO] RAM Usage calculated successfully: 6%
2026-09-03 19:15:42 [INFO] Disk Usage calculated successfully: 1%
2026-09-03 19:15:42 [INFO] Analysis complete. System Status: OK
2026-09-03 19:15:45 [INFO] Snapshot 1 taken. Total1: 4620115, Idle1: 4400176
2026-09-03 19:15:46 [INFO] Snapshot 2 taken. Total2: 4620946, Idle2: 4401002
2026-09-03 19:15:46 [INFO] CPU Usage calculated successfully: 0%
2026-09-03 19:15:46 [INFO] RAM Usage calculated successfully: 6%
2026-09-03 19:15:47 [INFO] Disk Usage calculated successfully: 1%
2026-09-03 19:15:47 [INFO] Analysis complete. System Status: OK
2026-09-03 19:15:50 [INFO] Snapshot 1 taken. Total1: 4623804, Idle1: 4403783
2026-09-03 19:15:51 [INFO] Snapshot 2 taken. Total2: 4624666, Idle2: 4404640
2026-09-03 19:15:51 [INFO] CPU Usage calculated successfully: 0%
2026-09-03 19:15:51 [INFO] RAM Usage calculated successfully: 6%
2026-09-03 19:15:51 [INFO] Disk Usage calculated successfully: 1%
2026-09-03 19:15:51 [INFO] Analysis complete. System Status: OK
2026-09-03 19:15:54 [INFO] Snapshot 1 taken. Total1: 4627287, Idle1: 4407227
2026-09-03 19:15:55 [INFO] Snapshot 2 taken. Total2: 4628118, Idle2: 4408051
2026-09-03 19:15:55 [INFO] CPU Usage calculated successfully: 0%
2026-09-03 19:15:55 [INFO] RAM Usage calculated successfully: 6%
2026-09-03 19:15:56 [INFO] Disk Usage calculated successfully: 1%
2026-09-03 19:15:56 [INFO] Analysis complete. System Status: OK
2026-09-03 19:15:59 [INFO] Snapshot 1 taken. Total1: 4631039, Idle1: 4410885
2026-09-03 19:16:00 [INFO] Snapshot 2 taken. Total2: 4631868, Idle2: 4411705
2026-09-03 19:16:00 [INFO] CPU Usage calculated successfully: 1%
2026-09-03 19:16:00 [INFO] RAM Usage calculated successfully: 6%
2026-09-03 19:16:00 [INFO] Disk Usage calculated successfully: 1%
2026-09-03 19:16:00 [INFO] Analysis complete. System Status: OK
2026-09-03 19:16:03 [INFO] Snapshot 1 taken. Total1: 4634614, Idle1: 4414393
2026-09-03 19:16:05 [INFO] Snapshot 2 taken. Total2: 4635448, Idle2: 4415222
2026-09-03 19:16:05 [INFO] CPU Usage calculated successfully: 0%
2026-09-03 19:16:05 [INFO] RAM Usage calculated successfully: 6%
2026-09-03 19:16:05 [INFO] Disk Usage calculated successfully: 1%
2026-09-03 19:16:05 [INFO] Analysis complete. System Status: OK
2026-09-03 19:16:06 [INFO] Snapshot 1 taken. Total1: 4638135, Idle1: 4417859
2026-09-03 19:16:07 [INFO] Snapshot 2 taken. Total2: 4638981, Idle2: 4418700
2026-09-03 19:16:07 [INFO] CPU Usage calculated successfully: 0%
2026-09-03 19:16:07 [INFO] RAM Usage calculated successfully: 6%
2026-09-03 19:16:07 [INFO] Disk Usage calculated successfully: 1%
2026-09-03 19:16:07 [INFO] Analysis complete. System Status: OK
2026-09-03 19:16:11 [INFO] Snapshot 1 taken. Total1: 4641898, Idle1: 4421523
2026-09-03 19:16:12 [INFO] Snapshot 2 taken. Total2: 4642738, Idle2: 4422357
2026-09-03 19:16:12 [INFO] CPU Usage calculated successfully: 0%
2026-09-03 19:16:12 [INFO] RAM Usage calculated successfully: 6%
2026-09-03 19:16:12 [INFO] Disk Usage calculated successfully: 1%
2026-09-03 19:16:12 [INFO] Analysis complete. System Status: OK
2026-09-03 19:16:15 [INFO] Snapshot 1 taken. Total1: 4645631, Idle1: 4425166
2026-09-03 19:16:16 [INFO] Snapshot 2 taken. Total2: 4646456, Idle2: 4425987
2026-09-03 19:16:16 [INFO] CPU Usage calculated successfully: 0%
2026-09-03 19:16:16 [INFO] RAM Usage calculated successfully: 6%
2026-09-03 19:16:16 [INFO] Disk Usage calculated successfully: 1%
2026-09-03 19:16:17 [INFO] Analysis complete. System Status: OK
2026-09-03 19:16:20 [INFO] Snapshot 1 taken. Total1: 4649208, Idle1: 4428685
2026-09-03 19:16:21 [INFO] Snapshot 2 taken. Total2: 4650032, Idle2: 4429506
2026-09-03 19:16:21 [INFO] CPU Usage calculated successfully: 0%
2026-09-03 19:16:21 [INFO] RAM Usage calculated successfully: 6%
2026-09-03 19:16:21 [INFO] Disk Usage calculated successfully: 1%
2026-09-03 19:16:21 [INFO] Analysis complete. System Status: OK
2026-09-03 19:16:24 [INFO] Snapshot 1 taken. Total1: 4652711, Idle1: 4432143
2026-09-03 19:16:25 [INFO] Snapshot 2 taken. Total2: 4653551, Idle2: 4432980
2026-09-03 19:16:25 [INFO] CPU Usage calculated successfully: 0%
2026-09-03 19:16:25 [INFO] RAM Usage calculated successfully: 6%
2026-09-03 19:16:25 [INFO] Disk Usage calculated successfully: 1%
2026-09-03 19:16:26 [INFO] Analysis complete. System Status: OK
2026-09-03 19:16:29 [INFO] Snapshot 1 taken. Total1: 4656357, Idle1: 4435714
2026-09-03 19:16:30 [INFO] Snapshot 2 taken. Total2: 4657200, Idle2: 4436550
2026-09-03 19:16:30 [INFO] CPU Usage calculated successfully: 0%
2026-09-03 19:16:30 [INFO] RAM Usage calculated successfully: 6%
2026-09-03 19:16:30 [INFO] Disk Usage calculated successfully: 1%
2026-09-03 19:16:30 [INFO] Analysis complete. System Status: OK
2026-09-03 19:16:33 [INFO] Snapshot 1 taken. Total1: 4659960, Idle1: 4439252
2026-09-03 19:16:34 [INFO] Snapshot 2 taken. Total2: 4660792, Idle2: 4440080
2026-09-03 19:16:34 [INFO] CPU Usage calculated successfully: 0%
2026-09-03 19:16:34 [INFO] RAM Usage calculated successfully: 6%
2026-09-03 19:16:34 [INFO] Disk Usage calculated successfully: 1%
2026-09-03 19:16:35 [INFO] Analysis complete. System Status: OK
2026-09-03 19:16:36 [INFO] Snapshot 1 taken. Total1: 4663492, Idle1: 4442719
2026-09-03 19:16:37 [INFO] Snapshot 2 taken. Total2: 4664319, Idle2: 4443542
2026-09-03 19:16:37 [INFO] CPU Usage calculated successfully: 0%
2026-09-03 19:16:37 [INFO] RAM Usage calculated successfully: 6%
2026-09-03 19:16:37 [INFO] Disk Usage calculated successfully: 1%
2026-09-03 19:16:37 [INFO] Analysis complete. System Status: OK
2026-09-03 19:16:40 [INFO] Snapshot 1 taken. Total1: 4666985, Idle1: 4446168
2026-09-03 19:16:41 [INFO] Snapshot 2 taken. Total2: 4667859, Idle2: 4447036
2026-09-03 19:16:41 [INFO] CPU Usage calculated successfully: 0%
2026-09-03 19:16:41 [INFO] RAM Usage calculated successfully: 6%
2026-09-03 19:16:41 [INFO] Disk Usage calculated successfully: 1%
2026-09-03 19:16:41 [INFO] Analysis complete. System Status: OK
2026-09-03 19:16:45 [INFO] Snapshot 1 taken. Total1: 4670611, Idle1: 4449727
2026-09-03 19:16:46 [INFO] Snapshot 2 taken. Total2: 4671446, Idle2: 4450557
2026-09-03 19:16:46 [INFO] CPU Usage calculated successfully: 0%
2026-09-03 19:16:46 [INFO] RAM Usage calculated successfully: 6%
2026-09-03 19:16:46 [INFO] Disk Usage calculated successfully: 1%
2026-09-03 19:16:46 [INFO] Analysis complete. System Status: OK
2026-09-03 19:16:49 [INFO] Snapshot 1 taken. Total1: 4674029, Idle1: 4453109
2026-09-03 19:16:50 [INFO] Snapshot 2 taken. Total2: 4674849, Idle2: 4453926
2026-09-03 19:16:50 [INFO] CPU Usage calculated successfully: 0%
2026-09-03 19:16:50 [INFO] RAM Usage calculated successfully: 6%
2026-09-03 19:16:50 [INFO] Disk Usage calculated successfully: 1%
2026-09-03 19:16:50 [INFO] Analysis complete. System Status: OK
2026-09-03 19:16:53 [INFO] Snapshot 1 taken. Total1: 4677461, Idle1: 4456508
2026-09-03 19:16:54 [INFO] Snapshot 2 taken. Total2: 4678280, Idle2: 4457324
2026-09-03 19:16:54 [INFO] CPU Usage calculated successfully: 0%
2026-09-03 19:16:54 [INFO] RAM Usage calculated successfully: 6%
2026-09-03 19:16:54 [INFO] Disk Usage calculated successfully: 1%
2026-09-03 19:16:55 [INFO] Analysis complete. System Status: OK
2026-09-03 19:16:58 [INFO] Snapshot 1 taken. Total1: 4681154, Idle1: 4460113
2026-09-03 19:16:59 [INFO] Snapshot 2 taken. Total2: 4681977, Idle2: 4460932
2026-09-03 19:16:59 [INFO] CPU Usage calculated successfully: 0%
2026-09-03 19:16:59 [INFO] RAM Usage calculated successfully: 6%
2026-09-03 19:16:59 [INFO] Disk Usage calculated successfully: 1%
2026-09-03 19:16:59 [INFO] Analysis complete. System Status: OK
2026-09-03 19:17:02 [INFO] Snapshot 1 taken. Total1: 4684826, Idle1: 4463700
2026-09-03 19:17:03 [INFO] Snapshot 2 taken. Total2: 4685667, Idle2: 4464534
2026-09-03 19:17:03 [INFO] CPU Usage calculated successfully: 0%
2026-09-03 19:17:04 [INFO] RAM Usage calculated successfully: 6%
2026-09-03 19:17:04 [INFO] Disk Usage calculated successfully: 1%
2026-09-03 19:17:04 [INFO] Analysis complete. System Status: OK
2026-09-03 19:17:05 [INFO] Snapshot 1 taken. Total1: 4688434, Idle1: 4467239
2026-09-03 19:17:06 [INFO] Snapshot 2 taken. Total2: 4689262, Idle2: 4468062
2026-09-03 19:17:06 [INFO] CPU Usage calculated successfully: 0%
2026-09-03 19:17:06 [INFO] RAM Usage calculated successfully: 6%
2026-09-03 19:17:06 [INFO] Disk Usage calculated successfully: 1%
2026-09-03 19:17:06 [INFO] Analysis complete. System Status: OK
2026-09-03 19:17:09 [INFO] Snapshot 1 taken. Total1: 4691957, Idle1: 4470706
2026-09-03 19:17:10 [INFO] Snapshot 2 taken. Total2: 4692779, Idle2: 4471523
2026-09-03 19:17:10 [INFO] CPU Usage calculated successfully: 0%
2026-09-03 19:17:11 [INFO] RAM Usage calculated successfully: 6%
2026-09-03 19:17:11 [INFO] Disk Usage calculated successfully: 1%
2026-09-03 19:17:11 [INFO] Analysis complete. System Status: OK
2026-09-03 19:17:14 [INFO] Snapshot 1 taken. Total1: 4695439, Idle1: 4474143
2026-09-03 19:17:15 [INFO] Snapshot 2 taken. Total2: 4696270, Idle2: 4474969
2026-09-03 19:17:15 [INFO] CPU Usage calculated successfully: 0%
2026-09-03 19:17:15 [INFO] RAM Usage calculated successfully: 6%
2026-09-03 19:17:15 [INFO] Disk Usage calculated successfully: 1%
2026-09-03 19:17:15 [INFO] Analysis complete. System Status: OK
2026-09-03 19:17:18 [INFO] Snapshot 1 taken. Total1: 4698897, Idle1: 4477557
2026-09-03 19:17:19 [INFO] Snapshot 2 taken. Total2: 4699775, Idle2: 4478430
2026-09-03 19:17:19 [INFO] CPU Usage calculated successfully: 0%
2026-09-03 19:17:19 [INFO] RAM Usage calculated successfully: 6%
2026-09-03 19:17:19 [INFO] Disk Usage calculated successfully: 1%
2026-09-03 19:17:20 [INFO] Analysis complete. System Status: OK
2026-09-03 19:17:23 [INFO] Snapshot 1 taken. Total1: 4702496, Idle1: 4481092
2026-09-03 19:17:24 [INFO] Snapshot 2 taken. Total2: 4703326, Idle2: 4481911
2026-09-03 19:17:24 [INFO] CPU Usage calculated successfully: 1%
2026-09-03 19:17:24 [INFO] RAM Usage calculated successfully: 6%
2026-09-03 19:17:24 [INFO] Disk Usage calculated successfully: 1%
2026-09-03 19:17:24 [INFO] Analysis complete. System Status: OK
2026-09-03 19:17:27 [INFO] Snapshot 1 taken. Total1: 4705949, Idle1: 4484502
2026-09-03 19:17:28 [INFO] Snapshot 2 taken. Total2: 4706775, Idle2: 4485323
2026-09-03 19:17:28 [INFO] CPU Usage calculated successfully: 0%
2026-09-03 19:17:28 [INFO] RAM Usage calculated successfully: 6%
2026-09-03 19:17:28 [INFO] Disk Usage calculated successfully: 1%
2026-09-03 19:17:29 [INFO] Analysis complete. System Status: OK
2026-09-03 19:17:32 [INFO] Snapshot 1 taken. Total1: 4709741, Idle1: 4488190
2026-09-03 19:17:33 [INFO] Snapshot 2 taken. Total2: 4710581, Idle2: 4489022
2026-09-03 19:17:33 [INFO] CPU Usage calculated successfully: 0%
2026-09-03 19:17:33 [INFO] RAM Usage calculated successfully: 6%
2026-09-03 19:17:33 [INFO] Disk Usage calculated successfully: 1%
2026-09-03 19:17:33 [INFO] Analysis complete. System Status: OK
2026-09-03 19:17:36 [INFO] Snapshot 1 taken. Total1: 4713362, Idle1: 4491741
2026-09-03 19:17:37 [INFO] Snapshot 2 taken. Total2: 4714196, Idle2: 4492572
2026-09-03 19:17:37 [INFO] CPU Usage calculated successfully: 0%
2026-09-03 19:17:37 [INFO] RAM Usage calculated successfully: 6%
2026-09-03 19:17:37 [INFO] Disk Usage calculated successfully: 1%
2026-09-03 19:17:37 [INFO] Analysis complete. System Status: OK
2026-09-03 19:17:41 [INFO] Snapshot 1 taken. Total1: 4716790, Idle1: 4495133
2026-09-03 19:17:42 [INFO] Snapshot 2 taken. Total2: 4717608, Idle2: 4495949
2026-09-03 19:17:42 [INFO] CPU Usage calculated successfully: 0%
2026-09-03 19:17:42 [INFO] RAM Usage calculated successfully: 6%
2026-09-03 19:17:42 [INFO] Disk Usage calculated successfully: 1%
2026-09-03 19:17:42 [INFO] Analysis complete. System Status: OK
2026-09-03 19:17:45 [INFO] Snapshot 1 taken. Total1: 4720480, Idle1: 4498738
2026-09-03 19:17:46 [INFO] Snapshot 2 taken. Total2: 4721297, Idle2: 4499553
2026-09-03 19:17:46 [INFO] CPU Usage calculated successfully: 0%
2026-09-03 19:17:46 [INFO] RAM Usage calculated successfully: 6%
2026-09-03 19:17:46 [INFO] Disk Usage calculated successfully: 1%
2026-09-03 19:17:47 [INFO] Analysis complete. System Status: OK
2026-09-03 19:17:50 [INFO] Snapshot 1 taken. Total1: 4724129, Idle1: 4502312
2026-09-03 19:17:51 [INFO] Snapshot 2 taken. Total2: 4724953, Idle2: 4503132
2026-09-03 19:17:51 [INFO] CPU Usage calculated successfully: 0%
2026-09-03 19:17:51 [INFO] RAM Usage calculated successfully: 6%
2026-09-03 19:17:51 [INFO] Disk Usage calculated successfully: 1%
2026-09-03 19:17:51 [INFO] Analysis complete. System Status: OK
2026-09-03 19:17:51 [INFO] Snapshot 1 taken. Total1: 4727828, Idle1: 4505922
2026-09-03 19:17:53 [INFO] Snapshot 2 taken. Total2: 4728681, Idle2: 4506772
2026-09-03 19:17:53 [INFO] CPU Usage calculated successfully: 0%
2026-09-03 19:17:53 [INFO] RAM Usage calculated successfully: 6%
2026-09-03 19:17:53 [INFO] Disk Usage calculated successfully: 1%
2026-09-03 19:17:53 [INFO] Analysis complete. System Status: OK
2026-09-03 19:17:56 [INFO] Snapshot 1 taken. Total1: 4731302, Idle1: 4509357
2026-09-03 19:17:57 [INFO] Snapshot 2 taken. Total2: 4732130, Idle2: 4510181
2026-09-03 19:17:57 [INFO] CPU Usage calculated successfully: 0%
2026-09-03 19:17:57 [INFO] RAM Usage calculated successfully: 6%
2026-09-03 19:17:57 [INFO] Disk Usage calculated successfully: 1%
2026-09-03 19:17:57 [INFO] Analysis complete. System Status: OK
2026-09-03 19:18:01 [INFO] Snapshot 1 taken. Total1: 4735036, Idle1: 4512999
2026-09-03 19:18:02 [INFO] Snapshot 2 taken. Total2: 4735856, Idle2: 4513815
2026-09-03 19:18:02 [INFO] CPU Usage calculated successfully: 0%
2026-09-03 19:18:02 [INFO] RAM Usage calculated successfully: 6%
2026-09-03 19:18:02 [INFO] Disk Usage calculated successfully: 1%
2026-09-03 19:18:02 [INFO] Analysis complete. System Status: OK
2026-09-03 19:18:05 [INFO] Snapshot 1 taken. Total1: 4738508, Idle1: 4516429
2026-09-03 19:18:06 [INFO] Snapshot 2 taken. Total2: 4739321, Idle2: 4517240
2026-09-03 19:18:06 [INFO] CPU Usage calculated successfully: 0%
2026-09-03 19:18:06 [INFO] RAM Usage calculated successfully: 6%
2026-09-03 19:18:06 [INFO] Disk Usage calculated successfully: 1%
2026-09-03 19:18:06 [INFO] Analysis complete. System Status: OK
2026-09-03 19:18:09 [INFO] Snapshot 1 taken. Total1: 4742049, Idle1: 4519919
2026-09-03 19:18:10 [INFO] Snapshot 2 taken. Total2: 4742912, Idle2: 4520774
2026-09-03 19:18:10 [INFO] CPU Usage calculated successfully: 0%
2026-09-03 19:18:11 [INFO] RAM Usage calculated successfully: 6%
2026-09-03 19:18:11 [INFO] Disk Usage calculated successfully: 1%
2026-09-03 19:18:11 [INFO] Analysis complete. System Status: OK
2026-09-03 19:18:14 [INFO] Snapshot 1 taken. Total1: 4745722, Idle1: 4523511
2026-09-03 19:18:15 [INFO] Snapshot 2 taken. Total2: 4746555, Idle2: 4524339
2026-09-03 19:18:15 [INFO] CPU Usage calculated successfully: 0%
2026-09-03 19:18:15 [INFO] RAM Usage calculated successfully: 6%
2026-09-03 19:18:15 [INFO] Disk Usage calculated successfully: 1%
2026-09-03 19:18:15 [INFO] Analysis complete. System Status: OK
2026-09-03 19:18:18 [INFO] Snapshot 1 taken. Total1: 4749161, Idle1: 4526915
2026-09-03 19:18:19 [INFO] Snapshot 2 taken. Total2: 4749985, Idle2: 4527735
2026-09-03 19:18:19 [INFO] CPU Usage calculated successfully: 0%
2026-09-03 19:18:19 [INFO] RAM Usage calculated successfully: 6%
2026-09-03 19:18:19 [INFO] Disk Usage calculated successfully: 1%
2026-09-03 19:18:20 [INFO] Analysis complete. System Status: OK
2026-09-03 19:18:21 [INFO] Snapshot 1 taken. Total1: 4752717, Idle1: 4530408
2026-09-03 19:18:22 [INFO] Snapshot 2 taken. Total2: 4753539, Idle2: 4531225
2026-09-03 19:18:22 [INFO] CPU Usage calculated successfully: 0%
2026-09-03 19:18:22 [INFO] RAM Usage calculated successfully: 6%
2026-09-03 19:18:22 [INFO] Disk Usage calculated successfully: 1%
2026-09-03 19:18:22 [INFO] Analysis complete. System Status: OK
2026-09-03 19:18:25 [INFO] Snapshot 1 taken. Total1: 4756138, Idle1: 4533790
2026-09-03 19:18:26 [INFO] Snapshot 2 taken. Total2: 4756966, Idle2: 4534617
2026-09-03 19:18:26 [INFO] CPU Usage calculated successfully: 0%
2026-09-03 19:18:26 [INFO] RAM Usage calculated successfully: 6%
2026-09-03 19:18:26 [INFO] Disk Usage calculated successfully: 1%
2026-09-03 19:18:26 [INFO] Analysis complete. System Status: OK
2026-09-03 19:18:29 [INFO] Snapshot 1 taken. Total1: 4759532, Idle1: 4537154
2026-09-03 19:18:30 [INFO] Snapshot 2 taken. Total2: 4760380, Idle2: 4538000
2026-09-03 19:18:30 [INFO] CPU Usage calculated successfully: 0%
2026-09-03 19:18:31 [INFO] RAM Usage calculated successfully: 6%
2026-09-03 19:18:31 [INFO] Disk Usage calculated successfully: 1%
2026-09-03 19:18:31 [INFO] Analysis complete. System Status: OK
2026-09-03 19:18:34 [INFO] Snapshot 1 taken. Total1: 4763227, Idle1: 4540767
2026-09-03 19:18:35 [INFO] Snapshot 2 taken. Total2: 4764039, Idle2: 4541577
2026-09-03 19:18:35 [INFO] CPU Usage calculated successfully: 0%
2026-09-03 19:18:35 [INFO] RAM Usage calculated successfully: 6%
2026-09-03 19:18:35 [INFO] Disk Usage calculated successfully: 1%
2026-09-03 19:18:35 [INFO] Analysis complete. System Status: OK
2026-09-03 19:18:38 [INFO] Snapshot 1 taken. Total1: 4766809, Idle1: 4544283
2026-09-03 19:18:39 [INFO] Snapshot 2 taken. Total2: 4767653, Idle2: 4545121
2026-09-03 19:18:40 [INFO] CPU Usage calculated successfully: 0%
2026-09-03 19:18:40 [INFO] RAM Usage calculated successfully: 6%
2026-09-03 19:18:40 [INFO] Disk Usage calculated successfully: 1%
2026-09-03 19:18:40 [INFO] Analysis complete. System Status: OK
2026-09-03 19:18:43 [INFO] Snapshot 1 taken. Total1: 4770275, Idle1: 4547713
2026-09-03 19:18:44 [INFO] Snapshot 2 taken. Total2: 4771103, Idle2: 4548535
2026-09-03 19:18:44 [INFO] CPU Usage calculated successfully: 0%
2026-09-03 19:18:44 [INFO] RAM Usage calculated successfully: 6%
2026-09-03 19:18:44 [INFO] Disk Usage calculated successfully: 1%
2026-09-03 19:18:44 [INFO] Analysis complete. System Status: OK
2026-09-03 19:18:47 [INFO] Snapshot 1 taken. Total1: 4774004, Idle1: 4551346
2026-09-03 19:18:49 [INFO] Snapshot 2 taken. Total2: 4774846, Idle2: 4552181
2026-09-03 19:18:49 [INFO] CPU Usage calculated successfully: 0%
2026-09-03 19:18:49 [INFO] RAM Usage calculated successfully: 6%
2026-09-03 19:18:49 [INFO] Disk Usage calculated successfully: 1%
2026-09-03 19:18:49 [INFO] Analysis complete. System Status: OK
2026-09-03 19:18:50 [INFO] Snapshot 1 taken. Total1: 4777830, Idle1: 4555063
2026-09-03 19:18:51 [INFO] Snapshot 2 taken. Total2: 4778669, Idle2: 4555897
2026-09-03 19:18:51 [INFO] CPU Usage calculated successfully: 0%
2026-09-03 19:18:52 [INFO] RAM Usage calculated successfully: 6%
2026-09-03 19:18:52 [INFO] Disk Usage calculated successfully: 1%
2026-09-03 19:18:52 [INFO] Analysis complete. System Status: OK
2026-09-03 19:18:55 [INFO] Snapshot 1 taken. Total1: 4781376, Idle1: 4558552
2026-09-03 19:18:56 [INFO] Snapshot 2 taken. Total2: 4782203, Idle2: 4559375
2026-09-03 19:18:56 [INFO] CPU Usage calculated successfully: 0%
2026-09-03 19:18:56 [INFO] RAM Usage calculated successfully: 6%
2026-09-03 19:18:56 [INFO] Disk Usage calculated successfully: 1%
2026-09-03 19:18:56 [INFO] Analysis complete. System Status: OK
2026-09-03 19:18:59 [INFO] Snapshot 1 taken. Total1: 4784964, Idle1: 4562071
2026-09-03 19:19:00 [INFO] Snapshot 2 taken. Total2: 4785794, Idle2: 4562895
2026-09-03 19:19:00 [INFO] CPU Usage calculated successfully: 0%
2026-09-03 19:19:01 [INFO] RAM Usage calculated successfully: 6%
2026-09-03 19:19:01 [INFO] Disk Usage calculated successfully: 1%
2026-09-03 19:19:01 [INFO] Analysis complete. System Status: OK
2026-09-03 19:19:04 [INFO] Snapshot 1 taken. Total1: 4788734, Idle1: 4565748
2026-09-03 19:19:05 [INFO] Snapshot 2 taken. Total2: 4789585, Idle2: 4566592
2026-09-03 19:19:05 [INFO] CPU Usage calculated successfully: 0%
2026-09-03 19:19:05 [INFO] RAM Usage calculated successfully: 6%
2026-09-03 19:19:05 [INFO] Disk Usage calculated successfully: 1%
2026-09-03 19:19:05 [INFO] Analysis complete. System Status: OK
2026-09-03 19:19:09 [INFO] Snapshot 1 taken. Total1: 4792307, Idle1: 4569255
2026-09-03 19:19:10 [INFO] Snapshot 2 taken. Total2: 4793159, Idle2: 4570106
2026-09-03 19:19:10 [INFO] CPU Usage calculated successfully: 0%
2026-09-03 19:19:10 [INFO] RAM Usage calculated successfully: 6%
2026-09-03 19:19:10 [INFO] Disk Usage calculated successfully: 1%
2026-09-03 19:19:10 [INFO] Analysis complete. System Status: OK
2026-09-03 19:19:13 [INFO] Snapshot 1 taken. Total1: 4795782, Idle1: 4572692
2026-09-03 19:19:14 [INFO] Snapshot 2 taken. Total2: 4796606, Idle2: 4573512
2026-09-03 19:19:14 [INFO] CPU Usage calculated successfully: 0%
2026-09-03 19:19:14 [INFO] RAM Usage calculated successfully: 6%
2026-09-03 19:19:14 [INFO] Disk Usage calculated successfully: 1%
2026-09-03 19:19:14 [INFO] Analysis complete. System Status: OK
2026-09-03 19:19:17 [INFO] Snapshot 1 taken. Total1: 4799351, Idle1: 4576196
2026-09-03 19:19:18 [INFO] Snapshot 2 taken. Total2: 4800174, Idle2: 4577015
2026-09-03 19:19:18 [INFO] CPU Usage calculated successfully: 0%
2026-09-03 19:19:19 [INFO] RAM Usage calculated successfully: 6%
2026-09-03 19:19:19 [INFO] Disk Usage calculated successfully: 1%
2026-09-03 19:19:19 [INFO] Analysis complete. System Status: OK
2026-09-03 19:19:22 [INFO] Snapshot 1 taken. Total1: 4802989, Idle1: 4579761
2026-09-03 19:19:21 [INFO] Snapshot 2 taken. Total2: 4803807, Idle2: 4580575
2026-09-03 19:19:21 [INFO] CPU Usage calculated successfully: 0%
2026-09-03 19:19:21 [INFO] RAM Usage calculated successfully: 6%
2026-09-03 19:19:21 [INFO] Disk Usage calculated successfully: 1%
2026-09-03 19:19:21 [INFO] Analysis complete. System Status: OK
2026-09-03 19:19:24 [INFO] Snapshot 1 taken. Total1: 4806435, Idle1: 4583160
2026-09-03 19:19:25 [INFO] Snapshot 2 taken. Total2: 4807249, Idle2: 4583973
2026-09-03 19:19:25 [INFO] CPU Usage calculated successfully: 0%
2026-09-03 19:19:25 [INFO] RAM Usage calculated successfully: 6%
2026-09-03 19:19:25 [INFO] Disk Usage calculated successfully: 1%
2026-09-03 19:19:25 [INFO] Analysis complete. System Status: OK
2026-09-03 19:19:28 [INFO] Snapshot 1 taken. Total1: 4809800, Idle1: 4586495
2026-09-03 19:19:30 [INFO] Snapshot 2 taken. Total2: 4810621, Idle2: 4587314
2026-09-03 19:19:30 [INFO] CPU Usage calculated successfully: 0%
2026-09-03 19:19:30 [INFO] RAM Usage calculated successfully: 6%
2026-09-03 19:19:30 [INFO] Disk Usage calculated successfully: 1%
2026-09-03 19:19:30 [INFO] Analysis complete. System Status: OK
2026-09-03 19:19:33 [INFO] Snapshot 1 taken. Total1: 4813482, Idle1: 4590098
2026-09-03 19:19:34 [INFO] Snapshot 2 taken. Total2: 4814316, Idle2: 4590927
2026-09-03 19:19:34 [INFO] CPU Usage calculated successfully: 0%
2026-09-03 19:19:34 [INFO] RAM Usage calculated successfully: 6%
2026-09-03 19:19:34 [INFO] Disk Usage calculated successfully: 1%
2026-09-03 19:19:35 [INFO] Analysis complete. System Status: OK
2026-09-03 19:19:38 [INFO] Snapshot 1 taken. Total1: 4817236, Idle1: 4593760
2026-09-03 19:19:39 [INFO] Snapshot 2 taken. Total2: 4818098, Idle2: 4594617
2026-09-03 19:19:39 [INFO] CPU Usage calculated successfully: 0%
2026-09-03 19:19:39 [INFO] RAM Usage calculated successfully: 6%
2026-09-03 19:19:39 [INFO] Disk Usage calculated successfully: 1%
2026-09-03 19:19:39 [INFO] Analysis complete. System Status: OK
2026-09-03 19:19:43 [INFO] Snapshot 1 taken. Total1: 4821026, Idle1: 4597453
2026-09-03 19:19:44 [INFO] Snapshot 2 taken. Total2: 4821864, Idle2: 4598284
2026-09-03 19:19:44 [INFO] CPU Usage calculated successfully: 0%
2026-09-03 19:19:44 [INFO] RAM Usage calculated successfully: 6%
2026-09-03 19:19:44 [INFO] Disk Usage calculated successfully: 1%
2026-09-03 19:19:44 [INFO] Analysis complete. System Status: OK
2026-09-03 19:19:47 [INFO] Snapshot 1 taken. Total1: 4824861, Idle1: 4601184
2026-09-03 19:19:48 [INFO] Snapshot 2 taken. Total2: 4825692, Idle2: 4602010
2026-09-03 19:19:48 [INFO] CPU Usage calculated successfully: 0%
2026-09-03 19:19:49 [INFO] RAM Usage calculated successfully: 6%
2026-09-03 19:19:49 [INFO] Disk Usage calculated successfully: 1%
2026-09-03 19:19:49 [INFO] Analysis complete. System Status: OK
2026-09-03 19:19:52 [INFO] Snapshot 1 taken. Total1: 4828598, Idle1: 4604836
2026-09-03 19:19:51 [INFO] Snapshot 2 taken. Total2: 4829428, Idle2: 4605660
2026-09-03 19:19:51 [INFO] CPU Usage calculated successfully: 0%
2026-09-03 19:19:51 [INFO] RAM Usage calculated successfully: 6%
2026-09-03 19:19:51 [INFO] Disk Usage calculated successfully: 1%
2026-09-03 19:19:52 [INFO] Analysis complete. System Status: OK
2026-09-03 19:19:55 [INFO] Snapshot 1 taken. Total1: 4832282, Idle1: 4608434
2026-09-03 19:19:56 [INFO] Snapshot 2 taken. Total2: 4833131, Idle2: 4609277
2026-09-03 19:19:56 [INFO] CPU Usage calculated successfully: 0%
2026-09-03 19:19:56 [INFO] RAM Usage calculated successfully: 6%
2026-09-03 19:19:56 [INFO] Disk Usage calculated successfully: 1%
2026-09-03 19:19:56 [INFO] Analysis complete. System Status: OK
2026-09-03 19:19:59 [INFO] Snapshot 1 taken. Total1: 4835989, Idle1: 4612057
2026-09-03 19:20:01 [INFO] Snapshot 2 taken. Total2: 4836818, Idle2: 4612880
2026-09-03 19:20:01 [INFO] CPU Usage calculated successfully: 0%
2026-09-03 19:20:01 [INFO] RAM Usage calculated successfully: 6%
2026-09-03 19:20:01 [INFO] Disk Usage calculated successfully: 1%
2026-09-03 19:20:01 [INFO] Analysis complete. System Status: OK
2026-09-03 19:20:04 [INFO] Snapshot 1 taken. Total1: 4839733, Idle1: 4615708
2026-09-03 19:20:05 [INFO] Snapshot 2 taken. Total2: 4840563, Idle2: 4616533
2026-09-03 19:20:05 [INFO] CPU Usage calculated successfully: 0%
2026-09-03 19:20:05 [INFO] RAM Usage calculated successfully: 6%
2026-09-03 19:20:05 [INFO] Disk Usage calculated successfully: 1%
2026-09-03 19:20:06 [INFO] Analysis complete. System Status: OK
2026-09-03 19:20:09 [INFO] Snapshot 1 taken. Total1: 4843447, Idle1: 4619337
2026-09-03 19:20:10 [INFO] Snapshot 2 taken. Total2: 4844327, Idle2: 4620212
2026-09-03 19:20:10 [INFO] CPU Usage calculated successfully: 0%
2026-09-03 19:20:10 [INFO] RAM Usage calculated successfully: 6%
2026-09-03 19:20:10 [INFO] Disk Usage calculated successfully: 1%
2026-09-03 19:20:10 [INFO] Analysis complete. System Status: OK
2026-09-03 19:20:14 [INFO] Snapshot 1 taken. Total1: 4847201, Idle1: 4623003
2026-09-03 19:20:15 [INFO] Snapshot 2 taken. Total2: 4848034, Idle2: 4623831
2026-09-03 19:20:15 [INFO] CPU Usage calculated successfully: 0%
2026-09-03 19:20:15 [INFO] RAM Usage calculated successfully: 6%
2026-09-03 19:20:15 [INFO] Disk Usage calculated successfully: 1%
2026-09-03 19:20:15 [INFO] Analysis complete. System Status: OK
2026-09-03 19:20:18 [INFO] Snapshot 1 taken. Total1: 4850900, Idle1: 4626618
2026-09-03 19:20:19 [INFO] Snapshot 2 taken. Total2: 4851754, Idle2: 4627468
2026-09-03 19:20:19 [INFO] CPU Usage calculated successfully: 0%
2026-09-03 19:20:19 [INFO] RAM Usage calculated successfully: 6%
2026-09-03 19:20:19 [INFO] Disk Usage calculated successfully: 1%
2026-09-03 19:20:20 [INFO] Analysis complete. System Status: OK
2026-09-03 19:20:23 [INFO] Snapshot 1 taken. Total1: 4854642, Idle1: 4630276
2026-09-03 19:20:22 [INFO] Snapshot 2 taken. Total2: 4855482, Idle2: 4631093
2026-09-03 19:20:22 [INFO] CPU Usage calculated successfully: 2%
2026-09-03 19:20:22 [INFO] RAM Usage calculated successfully: 6%
2026-09-03 19:20:22 [INFO] Disk Usage calculated successfully: 1%
2026-09-03 19:20:22 [INFO] Analysis complete. System Status: OK
2026-09-03 19:20:26 [INFO] Snapshot 1 taken. Total1: 4858349, Idle1: 4633879
2026-09-03 19:20:27 [INFO] Snapshot 2 taken. Total2: 4859187, Idle2: 4634712
2026-09-03 19:20:27 [INFO] CPU Usage calculated successfully: 0%
2026-09-03 19:20:27 [INFO] RAM Usage calculated successfully: 6%
2026-09-03 19:20:27 [INFO] Disk Usage calculated successfully: 1%
2026-09-03 19:20:27 [INFO] Analysis complete. System Status: OK
2026-09-03 19:20:30 [INFO] Snapshot 1 taken. Total1: 4862072, Idle1: 4637514
2026-09-03 19:20:31 [INFO] Snapshot 2 taken. Total2: 4862900, Idle2: 4638337
2026-09-03 19:20:31 [INFO] CPU Usage calculated successfully: 0%
2026-09-03 19:20:31 [INFO] RAM Usage calculated successfully: 6%
2026-09-03 19:20:31 [INFO] Disk Usage calculated successfully: 1%
2026-09-03 19:20:32 [INFO] Analysis complete. System Status: OK
2026-09-03 19:20:35 [INFO] Snapshot 1 taken. Total1: 4865767, Idle1: 4641123
2026-09-03 19:20:36 [INFO] Snapshot 2 taken. Total2: 4866598, Idle2: 4641948
2026-09-03 19:20:36 [INFO] CPU Usage calculated successfully: 0%
2026-09-03 19:20:36 [INFO] RAM Usage calculated successfully: 6%
2026-09-03 19:20:36 [INFO] Disk Usage calculated successfully: 1%
2026-09-03 19:20:36 [INFO] Analysis complete. System Status: OK
2026-09-03 19:20:40 [INFO] Snapshot 1 taken. Total1: 4869500, Idle1: 4644768
2026-09-03 19:20:41 [INFO] Snapshot 2 taken. Total2: 4870326, Idle2: 4645589
2026-09-03 19:20:41 [INFO] CPU Usage calculated successfully: 0%
2026-09-03 19:20:41 [INFO] RAM Usage calculated successfully: 6%
2026-09-03 19:20:41 [INFO] Disk Usage calculated successfully: 1%
2026-09-03 19:20:41 [INFO] Analysis complete. System Status: OK
2026-09-03 19:20:44 [INFO] Snapshot 1 taken. Total1: 4873216, Idle1: 4648392
2026-09-03 19:20:45 [INFO] Snapshot 2 taken. Total2: 4874047, Idle2: 4649217
2026-09-03 19:20:45 [INFO] CPU Usage calculated successfully: 0%
2026-09-03 19:20:45 [INFO] RAM Usage calculated successfully: 6%
2026-09-03 19:20:45 [INFO] Disk Usage calculated successfully: 1%
2026-09-03 19:20:46 [INFO] Analysis complete. System Status: OK
2026-09-03 19:20:49 [INFO] Snapshot 1 taken. Total1: 4876934, Idle1: 4652023
2026-09-03 19:20:50 [INFO] Snapshot 2 taken. Total2: 4877764, Idle2: 4652848
2026-09-03 19:20:50 [INFO] CPU Usage calculated successfully: 0%
2026-09-03 19:20:50 [INFO] RAM Usage calculated successfully: 6%
2026-09-03 19:20:50 [INFO] Disk Usage calculated successfully: 1%
2026-09-03 19:20:50 [INFO] Analysis complete. System Status: OK
2026-09-03 19:20:54 [INFO] Snapshot 1 taken. Total1: 4880653, Idle1: 4655654
2026-09-03 19:20:53 [INFO] Snapshot 2 taken. Total2: 4881493, Idle2: 4656485
2026-09-03 19:20:53 [INFO] CPU Usage calculated successfully: 1%
2026-09-03 19:20:53 [INFO] RAM Usage calculated successfully: 6%
2026-09-03 19:20:53 [INFO] Disk Usage calculated successfully: 1%
2026-09-03 19:20:53 [INFO] Analysis complete. System Status: OK
2026-09-03 19:20:56 [INFO] Snapshot 1 taken. Total1: 4884368, Idle1: 4659280
2026-09-03 19:20:57 [INFO] Snapshot 2 taken. Total2: 4885210, Idle2: 4660117
2026-09-03 19:20:57 [INFO] CPU Usage calculated successfully: 0%
2026-09-03 19:20:57 [INFO] RAM Usage calculated successfully: 6%
2026-09-03 19:20:57 [INFO] Disk Usage calculated successfully: 1%
2026-09-03 19:20:58 [INFO] Analysis complete. System Status: OK
2026-09-03 19:21:01 [INFO] Snapshot 1 taken. Total1: 4888061, Idle1: 4662892
2026-09-03 19:21:02 [INFO] Snapshot 2 taken. Total2: 4888890, Idle2: 4663715
2026-09-03 19:21:02 [INFO] CPU Usage calculated successfully: 0%
2026-09-03 19:21:02 [INFO] RAM Usage calculated successfully: 6%
2026-09-03 19:21:02 [INFO] Disk Usage calculated successfully: 1%
2026-09-03 19:21:02 [INFO] Analysis complete. System Status: OK
2026-09-03 19:21:05 [INFO] Snapshot 1 taken. Total1: 4891761, Idle1: 4666512
2026-09-03 19:21:06 [INFO] Snapshot 2 taken. Total2: 4892608, Idle2: 4667353
2026-09-03 19:21:07 [INFO] CPU Usage calculated successfully: 0%
2026-09-03 19:21:07 [INFO] RAM Usage calculated successfully: 6%
2026-09-03 19:21:07 [INFO] Disk Usage calculated successfully: 1%
2026-09-03 19:21:07 [INFO] Analysis complete. System Status: OK
2026-09-03 19:21:10 [INFO] Snapshot 1 taken. Total1: 4895519, Idle1: 4670180
2026-09-03 19:21:11 [INFO] Snapshot 2 taken. Total2: 4896369, Idle2: 4671025
2026-09-03 19:21:11 [INFO] CPU Usage calculated successfully: 0%
2026-09-03 19:21:11 [INFO] RAM Usage calculated successfully: 6%
2026-09-03 19:21:11 [INFO] Disk Usage calculated successfully: 1%
2026-09-03 19:21:12 [INFO] Analysis complete. System Status: OK
2026-09-03 19:21:15 [INFO] Snapshot 1 taken. Total1: 4899239, Idle1: 4673817
2026-09-03 19:21:16 [INFO] Snapshot 2 taken. Total2: 4900075, Idle2: 4674649
2026-09-03 19:21:16 [INFO] CPU Usage calculated successfully: 0%
2026-09-03 19:21:16 [INFO] RAM Usage calculated successfully: 6%
2026-09-03 19:21:16 [INFO] Disk Usage calculated successfully: 1%
2026-09-03 19:21:16 [INFO] Analysis complete. System Status: OK
2026-09-03 19:21:19 [INFO] Snapshot 1 taken. Total1: 4902916, Idle1: 4677415
2026-09-03 19:21:20 [INFO] Snapshot 2 taken. Total2: 4903753, Idle2: 4678248
2026-09-03 19:21:20 [INFO] CPU Usage calculated successfully: 0%
2026-09-03 19:21:21 [INFO] RAM Usage calculated successfully: 6%
2026-09-03 19:21:21 [INFO] Disk Usage calculated successfully: 1%
2026-09-03 19:21:21 [INFO] Analysis complete. System Status: OK
2026-09-03 19:21:24 [INFO] Snapshot 1 taken. Total1: 4906516, Idle1: 4680949
2026-09-03 19:21:25 [INFO] Snapshot 2 taken. Total2: 4907356, Idle2: 4681784
2026-09-03 19:21:25 [INFO] CPU Usage calculated successfully: 0%
2026-09-03 19:21:25 [INFO] RAM Usage calculated successfully: 6%
2026-09-03 19:21:25 [INFO] Disk Usage calculated successfully: 1%
2026-09-03 19:21:25 [INFO] Analysis complete. System Status: OK
2026-09-03 19:21:28 [INFO] Snapshot 1 taken. Total1: 4910049, Idle1: 4684426
2026-09-03 19:21:29 [INFO] Snapshot 2 taken. Total2: 4910875, Idle2: 4685249
2026-09-03 19:21:29 [INFO] CPU Usage calculated successfully: 0%
2026-09-03 19:21:29 [INFO] RAM Usage calculated successfully: 6%
2026-09-03 19:21:30 [INFO] Disk Usage calculated successfully: 1%
2026-09-03 19:21:30 [INFO] Analysis complete. System Status: OK
2026-09-03 19:21:33 [INFO] Snapshot 1 taken. Total1: 4913637, Idle1: 4687948
2026-09-03 19:21:34 [INFO] Snapshot 2 taken. Total2: 4914471, Idle2: 4688776
2026-09-03 19:21:34 [INFO] CPU Usage calculated successfully: 0%
2026-09-03 19:21:34 [INFO] RAM Usage calculated successfully: 6%
2026-09-03 19:21:34 [INFO] Disk Usage calculated successfully: 1%
2026-09-03 19:21:34 [INFO] Analysis complete. System Status: OK
2026-09-03 19:21:37 [INFO] Snapshot 1 taken. Total1: 4917350, Idle1: 4691571
2026-09-03 19:21:39 [INFO] Snapshot 2 taken. Total2: 4918196, Idle2: 4692409
2026-09-03 19:21:39 [INFO] CPU Usage calculated successfully: 0%
2026-09-03 19:21:39 [INFO] RAM Usage calculated successfully: 6%
2026-09-03 19:21:39 [INFO] Disk Usage calculated successfully: 1%
2026-09-03 19:21:39 [INFO] Analysis complete. System Status: OK
2026-09-03 19:21:39 [INFO] Snapshot 1 taken. Total1: 4921056, Idle1: 4695187
2026-09-03 19:21:40 [INFO] Snapshot 2 taken. Total2: 4921917, Idle2: 4696043
2026-09-03 19:21:40 [INFO] CPU Usage calculated successfully: 0%
2026-09-03 19:21:41 [INFO] RAM Usage calculated successfully: 6%
2026-09-03 19:21:41 [INFO] Disk Usage calculated successfully: 1%
2026-09-03 19:21:41 [INFO] Analysis complete. System Status: OK
2026-09-03 19:21:44 [INFO] Snapshot 1 taken. Total1: 4924817, Idle1: 4698854
2026-09-03 19:21:45 [INFO] Snapshot 2 taken. Total2: 4925663, Idle2: 4699694
2026-09-03 19:21:45 [INFO] CPU Usage calculated successfully: 0%
2026-09-03 19:21:45 [INFO] RAM Usage calculated successfully: 6%
2026-09-03 19:21:45 [INFO] Disk Usage calculated successfully: 1%
2026-09-03 19:21:46 [INFO] Analysis complete. System Status: OK
2026-09-03 19:21:49 [INFO] Snapshot 1 taken. Total1: 4928569, Idle1: 4702509
2026-09-03 19:21:50 [INFO] Snapshot 2 taken. Total2: 4929396, Idle2: 4703331
2026-09-03 19:21:50 [INFO] CPU Usage calculated successfully: 0%
2026-09-03 19:21:50 [INFO] RAM Usage calculated successfully: 6%
2026-09-03 19:21:50 [INFO] Disk Usage calculated successfully: 1%
2026-09-03 19:21:50 [INFO] Analysis complete. System Status: OK
2026-09-03 19:21:53 [INFO] Snapshot 1 taken. Total1: 4932291, Idle1: 4706141
2026-09-03 19:21:54 [INFO] Snapshot 2 taken. Total2: 4933121, Idle2: 4706966
2026-09-03 19:21:54 [INFO] CPU Usage calculated successfully: 0%
2026-09-03 19:21:54 [INFO] RAM Usage calculated successfully: 6%
2026-09-03 19:21:55 [INFO] Disk Usage calculated successfully: 1%
2026-09-03 19:21:55 [INFO] Analysis complete. System Status: OK
2026-09-03 19:21:58 [INFO] Snapshot 1 taken. Total1: 4935830, Idle1: 4709623
2026-09-03 19:21:59 [INFO] Snapshot 2 taken. Total2: 4936663, Idle2: 4710451
2026-09-03 19:21:59 [INFO] CPU Usage calculated successfully: 0%
2026-09-03 19:21:59 [INFO] RAM Usage calculated successfully: 6%
2026-09-03 19:21:59 [INFO] Disk Usage calculated successfully: 1%
2026-09-03 19:21:59 [INFO] Analysis complete. System Status: OK
2026-09-03 19:22:03 [INFO] Snapshot 1 taken. Total1: 4939576, Idle1: 4713282
2026-09-03 19:22:04 [INFO] Snapshot 2 taken. Total2: 4940422, Idle2: 4714122
2026-09-03 19:22:04 [INFO] CPU Usage calculated successfully: 0%
2026-09-03 19:22:04 [INFO] RAM Usage calculated successfully: 6%
2026-09-03 19:22:04 [INFO] Disk Usage calculated successfully: 1%
2026-09-03 19:22:04 [INFO] Analysis complete. System Status: OK
2026-09-03 19:22:07 [INFO] Snapshot 1 taken. Total1: 4943332, Idle1: 4716948
2026-09-03 19:22:08 [INFO] Snapshot 2 taken. Total2: 4944174, Idle2: 4717784
2026-09-03 19:22:08 [INFO] CPU Usage calculated successfully: 0%
2026-09-03 19:22:08 [INFO] RAM Usage calculated successfully: 6%
2026-09-03 19:22:09 [INFO] Disk Usage calculated successfully: 1%
2026-09-03 19:22:09 [INFO] Analysis complete. System Status: OK
2026-09-03 19:22:10 [INFO] Snapshot 1 taken. Total1: 4947085, Idle1: 4720606
2026-09-03 19:22:11 [INFO] Snapshot 2 taken. Total2: 4947913, Idle2: 4721430
2026-09-03 19:22:11 [INFO] CPU Usage calculated successfully: 0%
2026-09-03 19:22:11 [INFO] RAM Usage calculated successfully: 6%
2026-09-03 19:22:11 [INFO] Disk Usage calculated successfully: 1%
2026-09-03 19:22:12 [INFO] Analysis complete. System Status: OK
2026-09-03 19:22:15 [INFO] Snapshot 1 taken. Total1: 4950729, Idle1: 4724174
2026-09-03 19:22:16 [INFO] Snapshot 2 taken. Total2: 4951557, Idle2: 4724997
2026-09-03 19:22:16 [INFO] CPU Usage calculated successfully: 0%
2026-09-03 19:22:16 [INFO] RAM Usage calculated successfully: 6%
2026-09-03 19:22:16 [INFO] Disk Usage calculated successfully: 1%
2026-09-03 19:22:16 [INFO] Analysis complete. System Status: OK
2026-09-03 19:22:19 [INFO] Snapshot 1 taken. Total1: 4954424, Idle1: 4727781
2026-09-03 19:22:20 [INFO] Snapshot 2 taken. Total2: 4955253, Idle2: 4728605
2026-09-03 19:22:20 [INFO] CPU Usage calculated successfully: 0%
2026-09-03 19:22:21 [INFO] RAM Usage calculated successfully: 6%
2026-09-03 19:22:21 [INFO] Disk Usage calculated successfully: 1%
2026-09-03 19:22:21 [INFO] Analysis complete. System Status: OK
2026-09-03 19:22:24 [INFO] Snapshot 1 taken. Total1: 4958122, Idle1: 4731393
2026-09-03 19:22:25 [INFO] Snapshot 2 taken. Total2: 4958952, Idle2: 4732215
2026-09-03 19:22:25 [INFO] CPU Usage calculated successfully: 0%
2026-09-03 19:22:25 [INFO] RAM Usage calculated successfully: 6%
2026-09-03 19:22:25 [INFO] Disk Usage calculated successfully: 1%
2026-09-03 19:22:25 [INFO] Analysis complete. System Status: OK
2026-09-03 19:22:29 [INFO] Snapshot 1 taken. Total1: 4961846, Idle1: 4735028
2026-09-03 19:22:30 [INFO] Snapshot 2 taken. Total2: 4962701, Idle2: 4735876
2026-09-03 19:22:30 [INFO] CPU Usage calculated successfully: 0%
2026-09-03 19:22:30 [INFO] RAM Usage calculated successfully: 6%
2026-09-03 19:22:30 [INFO] Disk Usage calculated successfully: 1%
2026-09-03 19:22:30 [INFO] Analysis complete. System Status: OK
2026-09-03 19:22:33 [INFO] Snapshot 1 taken. Total1: 4965611, Idle1: 4738700
2026-09-03 19:22:34 [INFO] Snapshot 2 taken. Total2: 4966461, Idle2: 4739546
2026-09-03 19:22:34 [INFO] CPU Usage calculated successfully: 0%
2026-09-03 19:22:35 [INFO] RAM Usage calculated successfully: 6%
2026-09-03 19:22:35 [INFO] Disk Usage calculated successfully: 1%
2026-09-03 19:22:35 [INFO] Analysis complete. System Status: OK
2026-09-03 19:22:38 [INFO] Snapshot 1 taken. Total1: 4969351, Idle1: 4742355
2026-09-03 19:22:39 [INFO] Snapshot 2 taken. Total2: 4970181, Idle2: 4743181
2026-09-03 19:22:39 [INFO] CPU Usage calculated successfully: 0%
2026-09-03 19:22:39 [INFO] RAM Usage calculated successfully: 6%
2026-09-03 19:22:39 [INFO] Disk Usage calculated successfully: 1%
2026-09-03 19:22:39 [INFO] Analysis complete. System Status: OK
2026-09-03 19:22:41 [INFO] Snapshot 1 taken. Total1: 4972834, Idle1: 4745795
2026-09-03 19:22:42 [INFO] Snapshot 2 taken. Total2: 4973656, Idle2: 4746615
2026-09-03 19:22:42 [INFO] CPU Usage calculated successfully: 0%
2026-09-03 19:22:42 [INFO] RAM Usage calculated successfully: 6%
2026-09-03 19:22:42 [INFO] Disk Usage calculated successfully: 1%
2026-09-03 19:22:42 [INFO] Analysis complete. System Status: OK
2026-09-03 19:22:45 [INFO] Snapshot 1 taken. Total1: 4976448, Idle1: 4749340
2026-09-03 19:22:46 [INFO] Snapshot 2 taken. Total2: 4977284, Idle2: 4750175
2026-09-03 19:22:46 [INFO] CPU Usage calculated successfully: 0%
2026-09-03 19:22:46 [INFO] RAM Usage calculated successfully: 6%
2026-09-03 19:22:46 [INFO] Disk Usage calculated successfully: 1%
2026-09-03 19:22:47 [INFO] Analysis complete. System Status: OK
2026-09-03 19:22:50 [INFO] Snapshot 1 taken. Total1: 4980108, Idle1: 4752929
2026-09-03 19:22:51 [INFO] Snapshot 2 taken. Total2: 4980945, Idle2: 4753760
2026-09-03 19:22:51 [INFO] CPU Usage calculated successfully: 0%
2026-09-03 19:22:51 [INFO] RAM Usage calculated successfully: 6%
2026-09-03 19:22:51 [INFO] Disk Usage calculated successfully: 1%
2026-09-03 19:22:51 [INFO] Analysis complete. System Status: OK
2026-09-03 19:22:54 [INFO] Snapshot 1 taken. Total1: 4983733, Idle1: 4756483
2026-09-03 19:22:55 [INFO] Snapshot 2 taken. Total2: 4984562, Idle2: 4757309
2026-09-03 19:22:55 [INFO] CPU Usage calculated successfully: 0%
2026-09-03 19:22:55 [INFO] RAM Usage calculated successfully: 6%
2026-09-03 19:22:55 [INFO] Disk Usage calculated successfully: 1%
2026-09-03 19:22:56 [INFO] Analysis complete. System Status: OK
2026-09-03 19:22:59 [INFO] Snapshot 1 taken. Total1: 4987491, Idle1: 4760153
2026-09-03 19:23:00 [INFO] Snapshot 2 taken. Total2: 4988322, Idle2: 4760979
2026-09-03 19:23:00 [INFO] CPU Usage calculated successfully: 0%
2026-09-03 19:23:00 [INFO] RAM Usage calculated successfully: 6%
2026-09-03 19:23:00 [INFO] Disk Usage calculated successfully: 1%
2026-09-03 19:23:00 [INFO] Analysis complete. System Status: OK
2026-09-03 19:23:04 [INFO] Snapshot 1 taken. Total1: 4991249, Idle1: 4763813
2026-09-03 19:23:05 [INFO] Snapshot 2 taken. Total2: 4992075, Idle2: 4764635
2026-09-03 19:23:05 [INFO] CPU Usage calculated successfully: 0%
2026-09-03 19:23:05 [INFO] RAM Usage calculated successfully: 6%
2026-09-03 19:23:05 [INFO] Disk Usage calculated successfully: 1%
2026-09-03 19:23:05 [INFO] Analysis complete. System Status: OK
2026-09-03 19:23:08 [INFO] Snapshot 1 taken. Total1: 4994978, Idle1: 4767459
2026-09-03 19:23:09 [INFO] Snapshot 2 taken. Total2: 4995814, Idle2: 4768289
2026-09-03 19:23:09 [INFO] CPU Usage calculated successfully: 0%
2026-09-03 19:23:09 [INFO] RAM Usage calculated successfully: 6%
2026-09-03 19:23:10 [INFO] Disk Usage calculated successfully: 1%
2026-09-03 19:23:10 [INFO] Analysis complete. System Status: OK
2026-09-03 19:23:11 [INFO] Snapshot 1 taken. Total1: 4998678, Idle1: 4771065
2026-09-03 19:23:12 [INFO] Snapshot 2 taken. Total2: 4999506, Idle2: 4771888
2026-09-03 19:23:12 [INFO] CPU Usage calculated successfully: 0%
2026-09-03 19:23:12 [INFO] RAM Usage calculated successfully: 6%
2026-09-03 19:23:12 [INFO] Disk Usage calculated successfully: 1%
2026-09-03 19:23:13 [INFO] Analysis complete. System Status: OK
2026-09-03 19:23:16 [INFO] Snapshot 1 taken. Total1: 5002364, Idle1: 4774664
2026-09-03 19:23:17 [INFO] Snapshot 2 taken. Total2: 5003241, Idle2: 4775535
2026-09-03 19:23:17 [INFO] CPU Usage calculated successfully: 0%
2026-09-03 19:23:17 [INFO] RAM Usage calculated successfully: 6%
2026-09-03 19:23:17 [INFO] Disk Usage calculated successfully: 1%
2026-09-03 19:23:17 [INFO] Analysis complete. System Status: OK
2026-09-03 19:23:20 [INFO] Snapshot 1 taken. Total1: 5006116, Idle1: 4778327
2026-09-03 19:23:21 [INFO] Snapshot 2 taken. Total2: 5006953, Idle2: 4779159
2026-09-03 19:23:21 [INFO] CPU Usage calculated successfully: 0%
2026-09-03 19:23:21 [INFO] RAM Usage calculated successfully: 6%
2026-09-03 19:23:21 [INFO] Disk Usage calculated successfully: 1%
2026-09-03 19:23:22 [INFO] Analysis complete. System Status: OK
2026-09-03 19:23:25 [INFO] Snapshot 1 taken. Total1: 5009586, Idle1: 4781756
2026-09-03 19:23:26 [INFO] Snapshot 2 taken. Total2: 5010426, Idle2: 4782593
2026-09-03 19:23:26 [INFO] CPU Usage calculated successfully: 0%
2026-09-03 19:23:26 [INFO] RAM Usage calculated successfully: 6%
2026-09-03 19:23:26 [INFO] Disk Usage calculated successfully: 1%
2026-09-03 19:23:26 [INFO] Analysis complete. System Status: OK
2026-09-03 19:23:29 [INFO] Snapshot 1 taken. Total1: 5013127, Idle1: 4785243
2026-09-03 19:23:30 [INFO] Snapshot 2 taken. Total2: 5013956, Idle2: 4786067
2026-09-03 19:23:30 [INFO] CPU Usage calculated successfully: 0%
2026-09-03 19:23:30 [INFO] RAM Usage calculated successfully: 6%
2026-09-03 19:23:30 [INFO] Disk Usage calculated successfully: 1%
2026-09-03 19:23:31 [INFO] Analysis complete. System Status: OK
2026-09-03 19:23:34 [INFO] Snapshot 1 taken. Total1: 5016851, Idle1: 4788877
2026-09-03 19:23:35 [INFO] Snapshot 2 taken. Total2: 5017685, Idle2: 4789705
2026-09-03 19:23:35 [INFO] CPU Usage calculated successfully: 0%
2026-09-03 19:23:35 [INFO] RAM Usage calculated successfully: 6%
2026-09-03 19:23:35 [INFO] Disk Usage calculated successfully: 1%
2026-09-03 19:23:35 [INFO] Analysis complete. System Status: OK
2026-09-03 19:23:38 [INFO] Snapshot 1 taken. Total1: 5020561, Idle1: 4792503
2026-09-03 19:23:39 [INFO] Snapshot 2 taken. Total2: 5021400, Idle2: 4793337
2026-09-03 19:23:40 [INFO] CPU Usage calculated successfully: 0%
2026-09-03 19:23:40 [INFO] RAM Usage calculated successfully: 6%
2026-09-03 19:23:40 [INFO] Disk Usage calculated successfully: 1%
2026-09-03 19:23:40 [INFO] Analysis complete. System Status: OK
2026-09-03 19:23:41 [INFO] Snapshot 1 taken. Total1: 5024262, Idle1: 4796120
2026-09-03 19:23:42 [INFO] Snapshot 2 taken. Total2: 5025090, Idle2: 4796943
2026-09-03 19:23:42 [INFO] CPU Usage calculated successfully: 0%
2026-09-03 19:23:42 [INFO] RAM Usage calculated successfully: 6%
2026-09-03 19:23:42 [INFO] Disk Usage calculated successfully: 1%
2026-09-03 19:23:42 [INFO] Analysis complete. System Status: OK
2026-09-03 19:23:46 [INFO] Snapshot 1 taken. Total1: 5027940, Idle1: 4799716
2026-09-03 19:23:47 [INFO] Snapshot 2 taken. Total2: 5028768, Idle2: 4800540
2026-09-03 19:23:47 [INFO] CPU Usage calculated successfully: 0%
2026-09-03 19:23:47 [INFO] RAM Usage calculated successfully: 6%
2026-09-03 19:23:47 [INFO] Disk Usage calculated successfully: 1%
2026-09-03 19:23:47 [INFO] Analysis complete. System Status: OK
2026-09-03 19:23:50 [INFO] Snapshot 1 taken. Total1: 5031655, Idle1: 4803349
2026-09-03 19:23:51 [INFO] Snapshot 2 taken. Total2: 5032549, Idle2: 4804236
2026-09-03 19:23:51 [INFO] CPU Usage calculated successfully: 0%
2026-09-03 19:23:51 [INFO] RAM Usage calculated successfully: 6%
2026-09-03 19:23:52 [INFO] Disk Usage calculated successfully: 1%
2026-09-03 19:23:52 [INFO] Analysis complete. System Status: OK
2026-09-03 19:23:55 [INFO] Snapshot 1 taken. Total1: 5035321, Idle1: 4806946
2026-09-03 19:23:56 [INFO] Snapshot 2 taken. Total2: 5036138, Idle2: 4807760
2026-09-03 19:23:56 [INFO] CPU Usage calculated successfully: 0%
2026-09-03 19:23:56 [INFO] RAM Usage calculated successfully: 6%
2026-09-03 19:23:56 [INFO] Disk Usage calculated successfully: 1%
2026-09-03 19:23:56 [INFO] Analysis complete. System Status: OK
2026-09-03 19:23:59 [INFO] Snapshot 1 taken. Total1: 5038924, Idle1: 4810476
2026-09-03 19:24:00 [INFO] Snapshot 2 taken. Total2: 5039747, Idle2: 4811296
2026-09-03 19:24:00 [INFO] CPU Usage calculated successfully: 0%
2026-09-03 19:24:01 [INFO] RAM Usage calculated successfully: 6%
2026-09-03 19:24:01 [INFO] Disk Usage calculated successfully: 1%
2026-09-03 19:24:01 [INFO] Analysis complete. System Status: OK
2026-09-03 19:24:04 [INFO] Snapshot 1 taken. Total1: 5042742, Idle1: 4814192
2026-09-03 19:24:05 [INFO] Snapshot 2 taken. Total2: 5043590, Idle2: 4815033
2026-09-03 19:24:05 [INFO] CPU Usage calculated successfully: 0%
2026-09-03 19:24:05 [INFO] RAM Usage calculated successfully: 6%
2026-09-03 19:24:05 [INFO] Disk Usage calculated successfully: 1%
2026-09-03 19:24:06 [INFO] Analysis complete. System Status: OK
2026-09-03 19:24:09 [INFO] Snapshot 1 taken. Total1: 5046457, Idle1: 4817818
2026-09-03 19:24:10 [INFO] Snapshot 2 taken. Total2: 5047285, Idle2: 4818641
2026-09-03 19:24:10 [INFO] CPU Usage calculated successfully: 0%
2026-09-03 19:24:10 [INFO] RAM Usage calculated successfully: 6%
2026-09-03 19:24:10 [INFO] Disk Usage calculated successfully: 1%
2026-09-03 19:24:10 [INFO] Analysis complete. System Status: OK
2026-09-03 19:24:11 [INFO] Snapshot 1 taken. Total1: 5049953, Idle1: 4821261
2026-09-03 19:24:12 [INFO] Snapshot 2 taken. Total2: 5050781, Idle2: 4822084
2026-09-03 19:24:12 [INFO] CPU Usage calculated successfully: 0%
2026-09-03 19:24:12 [INFO] RAM Usage calculated successfully: 6%
2026-09-03 19:24:13 [INFO] Disk Usage calculated successfully: 1%
2026-09-03 19:24:13 [INFO] Analysis complete. System Status: OK
2026-09-03 19:24:16 [INFO] Snapshot 1 taken. Total1: 5053675, Idle1: 4824895
2026-09-03 19:24:17 [INFO] Snapshot 2 taken. Total2: 5054507, Idle2: 4825721
2026-09-03 19:24:17 [INFO] CPU Usage calculated successfully: 0%
2026-09-03 19:24:17 [INFO] RAM Usage calculated successfully: 6%
2026-09-03 19:24:17 [INFO] Disk Usage calculated successfully: 1%
2026-09-03 19:24:17 [INFO] Analysis complete. System Status: OK
2026-09-03 19:24:21 [INFO] Snapshot 1 taken. Total1: 5057394, Idle1: 4828524
2026-09-03 19:24:22 [INFO] Snapshot 2 taken. Total2: 5058222, Idle2: 4829347
2026-09-03 19:24:22 [INFO] CPU Usage calculated successfully: 0%
2026-09-03 19:24:22 [INFO] RAM Usage calculated successfully: 6%
2026-09-03 19:24:22 [INFO] Disk Usage calculated successfully: 1%
2026-09-03 19:24:22 [INFO] Analysis complete. System Status: OK
2026-09-03 19:24:25 [INFO] Snapshot 1 taken. Total1: 5061055, Idle1: 4832111
2026-09-03 19:24:26 [INFO] Snapshot 2 taken. Total2: 5061890, Idle2: 4832941
2026-09-03 19:24:26 [INFO] CPU Usage calculated successfully: 0%
2026-09-03 19:24:26 [INFO] RAM Usage calculated successfully: 6%
2026-09-03 19:24:26 [INFO] Disk Usage calculated successfully: 1%
2026-09-03 19:24:27 [INFO] Analysis complete. System Status: OK
2026-09-03 19:24:30 [INFO] Snapshot 1 taken. Total1: 5064832, Idle1: 4835787
2026-09-03 19:24:31 [INFO] Snapshot 2 taken. Total2: 5065659, Idle2: 4836610
2026-09-03 19:24:31 [INFO] CPU Usage calculated successfully: 0%
2026-09-03 19:24:31 [INFO] RAM Usage calculated successfully: 6%
2026-09-03 19:24:31 [INFO] Disk Usage calculated successfully: 1%
2026-09-03 19:24:31 [INFO] Analysis complete. System Status: OK
2026-09-03 19:24:35 [INFO] Snapshot 1 taken. Total1: 5068520, Idle1: 4839392
2026-09-03 19:24:36 [INFO] Snapshot 2 taken. Total2: 5069355, Idle2: 4840222
2026-09-03 19:24:36 [INFO] CPU Usage calculated successfully: 0%
2026-09-03 19:24:36 [INFO] RAM Usage calculated successfully: 6%
2026-09-03 19:24:36 [INFO] Disk Usage calculated successfully: 1%
2026-09-03 19:24:36 [INFO] Analysis complete. System Status: OK
2026-09-03 19:24:39 [INFO] Snapshot 1 taken. Total1: 5072316, Idle1: 4843090
2026-09-03 19:24:40 [INFO] Snapshot 2 taken. Total2: 5073161, Idle2: 4843929
2026-09-03 19:24:40 [INFO] CPU Usage calculated successfully: 0%
2026-09-03 19:24:40 [INFO] RAM Usage calculated successfully: 6%
2026-09-03 19:24:41 [INFO] Disk Usage calculated successfully: 1%
2026-09-03 19:24:41 [INFO] Analysis complete. System Status: OK
2026-09-03 19:24:42 [INFO] Snapshot 1 taken. Total1: 5076025, Idle1: 4846713
2026-09-03 19:24:43 [INFO] Snapshot 2 taken. Total2: 5076855, Idle2: 4847538
2026-09-03 19:24:43 [INFO] CPU Usage calculated successfully: 0%
2026-09-03 19:24:43 [INFO] RAM Usage calculated successfully: 6%
2026-09-03 19:24:43 [INFO] Disk Usage calculated successfully: 1%
2026-09-03 19:24:44 [INFO] Analysis complete. System Status: OK
2026-09-03 19:24:47 [INFO] Snapshot 1 taken. Total1: 5079711, Idle1: 4850317
2026-09-03 19:24:48 [INFO] Snapshot 2 taken. Total2: 5080571, Idle2: 4851171
2026-09-03 19:24:48 [INFO] CPU Usage calculated successfully: 0%
2026-09-03 19:24:48 [INFO] RAM Usage calculated successfully: 6%
2026-09-03 19:24:48 [INFO] Disk Usage calculated successfully: 1%
2026-09-03 19:24:48 [INFO] Analysis complete. System Status: OK
2026-09-03 19:24:51 [INFO] Snapshot 1 taken. Total1: 5083431, Idle1: 4853953
2026-09-03 19:24:52 [INFO] Snapshot 2 taken. Total2: 5084276, Idle2: 4854793
2026-09-03 19:24:52 [INFO] CPU Usage calculated successfully: 0%
2026-09-03 19:24:52 [INFO] RAM Usage calculated successfully: 6%
2026-09-03 19:24:53 [INFO] Disk Usage calculated successfully: 1%
2026-09-03 19:24:53 [INFO] Analysis complete. System Status: OK
2026-09-03 19:24:56 [INFO] Snapshot 1 taken. Total1: 5087159, Idle1: 4857594
2026-09-03 19:24:57 [INFO] Snapshot 2 taken. Total2: 5088025, Idle2: 4858455
2026-09-03 19:24:57 [INFO] CPU Usage calculated successfully: 0%
2026-09-03 19:24:57 [INFO] RAM Usage calculated successfully: 6%
2026-09-03 19:24:57 [INFO] Disk Usage calculated successfully: 1%
2026-09-03 19:24:58 [INFO] Analysis complete. System Status: OK
2026-09-03 19:25:01 [INFO] Snapshot 1 taken. Total1: 5090878, Idle1: 4861228
2026-09-03 19:25:02 [INFO] Snapshot 2 taken. Total2: 5091707, Idle2: 4862052
2026-09-03 19:25:02 [INFO] CPU Usage calculated successfully: 0%
2026-09-03 19:25:02 [INFO] RAM Usage calculated successfully: 6%
2026-09-03 19:25:02 [INFO] Disk Usage calculated successfully: 1%
2026-09-03 19:25:02 [INFO] Analysis complete. System Status: OK
2026-09-03 19:25:05 [INFO] Snapshot 1 taken. Total1: 5094562, Idle1: 4864832
2026-09-03 19:25:06 [INFO] Snapshot 2 taken. Total2: 5095396, Idle2: 4865660
2026-09-03 19:25:06 [INFO] CPU Usage calculated successfully: 0%
2026-09-03 19:25:06 [INFO] RAM Usage calculated successfully: 6%
2026-09-03 19:25:06 [INFO] Disk Usage calculated successfully: 1%
2026-09-03 19:25:07 [INFO] Analysis complete. System Status: OK
2026-09-03 19:25:10 [INFO] Snapshot 1 taken. Total1: 5098286, Idle1: 4868472
2026-09-03 19:25:11 [INFO] Snapshot 2 taken. Total2: 5099162, Idle2: 4869344
2026-09-03 19:25:11 [INFO] CPU Usage calculated successfully: 0%
2026-09-03 19:25:11 [INFO] RAM Usage calculated successfully: 6%
2026-09-03 19:25:09 [INFO] Disk Usage calculated successfully: 1%
2026-09-03 19:25:10 [INFO] Analysis complete. System Status: OK
2026-09-03 19:25:13 [INFO] Snapshot 1 taken. Total1: 5102015, Idle1: 4872116
2026-09-03 19:25:14 [INFO] Snapshot 2 taken. Total2: 5102848, Idle2: 4872942
2026-09-03 19:25:14 [INFO] CPU Usage calculated successfully: 0%
2026-09-03 19:25:14 [INFO] RAM Usage calculated successfully: 6%
2026-09-03 19:25:14 [INFO] Disk Usage calculated successfully: 1%
2026-09-03 19:25:14 [INFO] Analysis complete. System Status: OK
2026-09-03 19:25:17 [INFO] Snapshot 1 taken. Total1: 5105693, Idle1: 4875712
2026-09-03 19:25:18 [INFO] Snapshot 2 taken. Total2: 5106511, Idle2: 4876525
2026-09-03 19:25:18 [INFO] CPU Usage calculated successfully: 0%
2026-09-03 19:25:18 [INFO] RAM Usage calculated successfully: 6%
2026-09-03 19:25:18 [INFO] Disk Usage calculated successfully: 1%
2026-09-03 19:25:19 [INFO] Analysis complete. System Status: OK
2026-09-03 19:25:22 [INFO] Snapshot 1 taken. Total1: 5109378, Idle1: 4879316
2026-09-03 19:25:23 [INFO] Snapshot 2 taken. Total2: 5110209, Idle2: 4880143
2026-09-03 19:25:23 [INFO] CPU Usage calculated successfully: 0%
2026-09-03 19:25:23 [INFO] RAM Usage calculated successfully: 6%
2026-09-03 19:25:23 [INFO] Disk Usage calculated successfully: 1%
2026-09-03 19:25:23 [INFO] Analysis complete. System Status: OK
2026-09-03 19:25:26 [INFO] Snapshot 1 taken. Total1: 5113071, Idle1: 4882920
2026-09-03 19:25:28 [INFO] Snapshot 2 taken. Total2: 5113901, Idle2: 4883745
2026-09-03 19:25:28 [INFO] CPU Usage calculated successfully: 0%
2026-09-03 19:25:28 [INFO] RAM Usage calculated successfully: 6%
2026-09-03 19:25:28 [INFO] Disk Usage calculated successfully: 1%
2026-09-03 19:25:28 [INFO] Analysis complete. System Status: OK
2026-09-03 19:25:31 [INFO] Snapshot 1 taken. Total1: 5116736, Idle1: 4886505
2026-09-03 19:25:32 [INFO] Snapshot 2 taken. Total2: 5117580, Idle2: 4887344
2026-09-03 19:25:32 [INFO] CPU Usage calculated successfully: 0%
2026-09-03 19:25:32 [INFO] RAM Usage calculated successfully: 6%
2026-09-03 19:25:32 [INFO] Disk Usage calculated successfully: 1%
2026-09-03 19:25:33 [INFO] Analysis complete. System Status: OK
2026-09-03 19:25:36 [INFO] Snapshot 1 taken. Total1: 5120436, Idle1: 4890121
2026-09-03 19:25:37 [INFO] Snapshot 2 taken. Total2: 5121305, Idle2: 4890984
2026-09-03 19:25:37 [INFO] CPU Usage calculated successfully: 0%
2026-09-03 19:25:37 [INFO] RAM Usage calculated successfully: 6%
2026-09-03 19:25:37 [INFO] Disk Usage calculated successfully: 1%
2026-09-03 19:25:37 [INFO] Analysis complete. System Status: OK
2026-09-03 19:25:40 [INFO] Snapshot 1 taken. Total1: 5124159, Idle1: 4893759
2026-09-03 19:25:41 [INFO] Snapshot 2 taken. Total2: 5124992, Idle2: 4894587
2026-09-03 19:25:41 [INFO] CPU Usage calculated successfully: 0%
2026-09-03 19:25:40 [INFO] RAM Usage calculated successfully: 6%
2026-09-03 19:25:40 [INFO] Disk Usage calculated successfully: 1%
2026-09-03 19:25:40 [INFO] Analysis complete. System Status: OK
2026-09-03 19:25:43 [INFO] Snapshot 1 taken. Total1: 5127877, Idle1: 4897394
2026-09-03 19:25:44 [INFO] Snapshot 2 taken. Total2: 5128739, Idle2: 4898251
2026-09-03 19:25:44 [INFO] CPU Usage calculated successfully: 0%
2026-09-03 19:25:44 [INFO] RAM Usage calculated successfully: 6%
2026-09-03 19:25:44 [INFO] Disk Usage calculated successfully: 1%
2026-09-03 19:25:45 [INFO] Analysis complete. System Status: OK
2026-09-03 19:25:48 [INFO] Snapshot 1 taken. Total1: 5131613, Idle1: 4901046
2026-09-03 19:25:49 [INFO] Snapshot 2 taken. Total2: 5132452, Idle2: 4901880
2026-09-03 19:25:49 [INFO] CPU Usage calculated successfully: 0%
2026-09-03 19:25:49 [INFO] RAM Usage calculated successfully: 6%
2026-09-03 19:25:49 [INFO] Disk Usage calculated successfully: 1%
2026-09-03 19:25:49 [INFO] Analysis complete. System Status: OK
2026-09-03 19:25:52 [INFO] Snapshot 1 taken. Total1: 5135324, Idle1: 4904674
2026-09-03 19:25:53 [INFO] Snapshot 2 taken. Total2: 5136153, Idle2: 4905497
2026-09-03 19:25:54 [INFO] CPU Usage calculated successfully: 0%
2026-09-03 19:25:54 [INFO] RAM Usage calculated successfully: 6%
2026-09-03 19:25:54 [INFO] Disk Usage calculated successfully: 1%
2026-09-03 19:25:54 [INFO] Analysis complete. System Status: OK
2026-09-03 19:25:57 [INFO] Snapshot 1 taken. Total1: 5139021, Idle1: 4908287
2026-09-03 19:25:58 [INFO] Snapshot 2 taken. Total2: 5139851, Idle2: 4909111
2026-09-03 19:25:58 [INFO] CPU Usage calculated successfully: 0%
2026-09-03 19:25:58 [INFO] RAM Usage calculated successfully: 6%
2026-09-03 19:25:58 [INFO] Disk Usage calculated successfully: 1%
2026-09-03 19:25:59 [INFO] Analysis complete. System Status: OK
2026-09-03 19:26:02 [INFO] Snapshot 1 taken. Total1: 5142704, Idle1: 4911886
2026-09-03 19:26:03 [INFO] Snapshot 2 taken. Total2: 5143552, Idle2: 4912729
2026-09-03 19:26:03 [INFO] CPU Usage calculated successfully: 0%
2026-09-03 19:26:03 [INFO] RAM Usage calculated successfully: 6%
2026-09-03 19:26:03 [INFO] Disk Usage calculated successfully: 1%
2026-09-03 19:26:03 [INFO] Analysis complete. System Status: OK
2026-09-03 19:26:06 [INFO] Snapshot 1 taken. Total1: 5146421, Idle1: 4915518
2026-09-03 19:26:07 [INFO] Snapshot 2 taken. Total2: 5147275, Idle2: 4916367
2026-09-03 19:26:07 [INFO] CPU Usage calculated successfully: 0%
2026-09-03 19:26:08 [INFO] RAM Usage calculated successfully: 6%
2026-09-03 19:26:08 [INFO] Disk Usage calculated successfully: 1%
2026-09-03 19:26:08 [INFO] Analysis complete. System Status: OK
2026-09-03 19:26:11 [INFO] Snapshot 1 taken. Total1: 5150151, Idle1: 4919162
2026-09-03 19:26:10 [INFO] Snapshot 2 taken. Total2: 5150989, Idle2: 4919994
2026-09-03 19:26:10 [INFO] CPU Usage calculated successfully: 0%
2026-09-03 19:26:10 [INFO] RAM Usage calculated successfully: 6%
2026-09-03 19:26:10 [INFO] Disk Usage calculated successfully: 1%
2026-09-03 19:26:11 [INFO] Analysis complete. System Status: OK
2026-09-03 19:26:14 [INFO] Snapshot 1 taken. Total1: 5153871, Idle1: 4922798
2026-09-03 19:26:15 [INFO] Snapshot 2 taken. Total2: 5154699, Idle2: 4923620
2026-09-03 19:26:15 [INFO] CPU Usage calculated successfully: 0%
2026-09-03 19:26:15 [INFO] RAM Usage calculated successfully: 6%
2026-09-03 19:26:15 [INFO] Disk Usage calculated successfully: 1%
2026-09-03 19:26:15 [INFO] Analysis complete. System Status: OK
2026-09-03 19:26:18 [INFO] Snapshot 1 taken. Total1: 5157544, Idle1: 4926386
2026-09-03 19:26:19 [INFO] Snapshot 2 taken. Total2: 5158370, Idle2: 4927208
2026-09-03 19:26:19 [INFO] CPU Usage calculated successfully: 0%
2026-09-03 19:26:19 [INFO] RAM Usage calculated successfully: 6%
2026-09-03 19:26:20 [INFO] Disk Usage calculated successfully: 1%
2026-09-03 19:26:20 [INFO] Analysis complete. System Status: OK
2026-09-03 19:26:23 [INFO] Snapshot 1 taken. Total1: 5161221, Idle1: 4929979
2026-09-03 19:26:24 [INFO] Snapshot 2 taken. Total2: 5162052, Idle2: 4930803
2026-09-03 19:26:24 [INFO] CPU Usage calculated successfully: 0%
2026-09-03 19:26:24 [INFO] RAM Usage calculated successfully: 6%
2026-09-03 19:26:24 [INFO] Disk Usage calculated successfully: 1%
2026-09-03 19:26:24 [INFO] Analysis complete. System Status: OK
2026-09-03 19:26:27 [INFO] Snapshot 1 taken. Total1: 5164865, Idle1: 4933545
2026-09-03 19:26:28 [INFO] Snapshot 2 taken. Total2: 5165695, Idle2: 4934370
2026-09-03 19:26:29 [INFO] CPU Usage calculated successfully: 0%
2026-09-03 19:26:29 [INFO] RAM Usage calculated successfully: 6%
2026-09-03 19:26:29 [INFO] Disk Usage calculated successfully: 1%
2026-09-03 19:26:29 [INFO] Analysis complete. System Status: OK
2026-09-03 19:26:32 [INFO] Snapshot 1 taken. Total1: 5168552, Idle1: 4937149
2026-09-03 19:26:33 [INFO] Snapshot 2 taken. Total2: 5169389, Idle2: 4937981
2026-09-03 19:26:33 [INFO] CPU Usage calculated successfully: 0%
2026-09-03 19:26:33 [INFO] RAM Usage calculated successfully: 6%
2026-09-03 19:26:33 [INFO] Disk Usage calculated successfully: 1%
2026-09-03 19:26:34 [INFO] Analysis complete. System Status: OK
2026-09-03 19:26:37 [INFO] Snapshot 1 taken. Total1: 5172233, Idle1: 4940749
2026-09-03 19:26:38 [INFO] Snapshot 2 taken. Total2: 5173061, Idle2: 4941571
2026-09-03 19:26:38 [INFO] CPU Usage calculated successfully: 0%
2026-09-03 19:26:38 [INFO] RAM Usage calculated successfully: 6%
2026-09-03 19:26:38 [INFO] Disk Usage calculated successfully: 1%
2026-09-03 19:26:38 [INFO] Analysis complete. System Status: OK
2026-09-03 19:26:41 [INFO] Snapshot 1 taken. Total1: 5175906, Idle1: 4944336
2026-09-03 19:26:40 [INFO] Snapshot 2 taken. Total2: 5176736, Idle2: 4945159
2026-09-03 19:26:40 [INFO] CPU Usage calculated successfully: 0%
2026-09-03 19:26:40 [INFO] RAM Usage calculated successfully: 6%
2026-09-03 19:26:41 [INFO] Disk Usage calculated successfully: 1%
2026-09-03 19:26:41 [INFO] Analysis complete. System Status: OK
2026-09-03 19:26:44 [INFO] Snapshot 1 taken. Total1: 5179587, Idle1: 4947932
2026-09-03 19:26:45 [INFO] Snapshot 2 taken. Total2: 5180415, Idle2: 4948755
2026-09-03 19:26:45 [INFO] CPU Usage calculated successfully: 0%
2026-09-03 19:26:45 [INFO] RAM Usage calculated successfully: 6%
2026-09-03 19:26:45 [INFO] Disk Usage calculated successfully: 1%
2026-09-03 19:26:45 [INFO] Analysis complete. System Status: OK
2026-09-03 19:26:49 [INFO] Snapshot 1 taken. Total1: 5183268, Idle1: 4951528
2026-09-03 19:26:50 [INFO] Snapshot 2 taken. Total2: 5184102, Idle2: 4952357
2026-09-03 19:26:50 [INFO] CPU Usage calculated successfully: 0%
2026-09-03 19:26:50 [INFO] RAM Usage calculated successfully: 6%
2026-09-03 19:26:50 [INFO] Disk Usage calculated successfully: 1%
2026-09-03 19:26:50 [INFO] Analysis complete. System Status: OK
2026-09-03 19:26:53 [INFO] Snapshot 1 taken. Total1: 5186954, Idle1: 4955131
2026-09-03 19:26:54 [INFO] Snapshot 2 taken. Total2: 5187791, Idle2: 4955961
2026-09-03 19:26:54 [INFO] CPU Usage calculated successfully: 0%
2026-09-03 19:26:54 [INFO] RAM Usage calculated successfully: 6%
2026-09-03 19:26:54 [INFO] Disk Usage calculated successfully: 1%
2026-09-03 19:26:55 [INFO] Analysis complete. System Status: OK
2026-09-03 19:26:58 [INFO] Snapshot 1 taken. Total1: 5190670, Idle1: 4958756
2026-09-03 19:26:59 [INFO] Snapshot 2 taken. Total2: 5191501, Idle2: 4959583
2026-09-03 19:26:59 [INFO] CPU Usage calculated successfully: 0%
2026-09-03 19:26:59 [INFO] RAM Usage calculated successfully: 6%
2026-09-03 19:26:59 [INFO] Disk Usage calculated successfully: 1%
2026-09-03 19:26:59 [INFO] Analysis complete. System Status: OK
2026-09-03 19:27:02 [INFO] Snapshot 1 taken. Total1: 5194372, Idle1: 4962372
2026-09-03 19:27:04 [INFO] Snapshot 2 taken. Total2: 5195200, Idle2: 4963196
2026-09-03 19:27:04 [INFO] CPU Usage calculated successfully: 0%
2026-09-03 19:27:04 [INFO] RAM Usage calculated successfully: 6%
2026-09-03 19:27:04 [INFO] Disk Usage calculated successfully: 1%
2026-09-03 19:27:04 [INFO] Analysis complete. System Status: OK
2026-09-03 19:27:07 [INFO] Snapshot 1 taken. Total1: 5198029, Idle1: 4965951
2026-09-03 19:27:08 [INFO] Snapshot 2 taken. Total2: 5198858, Idle2: 4966775
2026-09-03 19:27:08 [INFO] CPU Usage calculated successfully: 0%
2026-09-03 19:27:08 [INFO] RAM Usage calculated successfully: 6%
2026-09-03 19:27:08 [INFO] Disk Usage calculated successfully: 1%
2026-09-03 19:27:09 [INFO] Analysis complete. System Status: OK
2026-09-03 19:27:12 [INFO] Snapshot 1 taken. Total1: 5201700, Idle1: 4969541
2026-09-03 19:27:11 [INFO] Snapshot 2 taken. Total2: 5202531, Idle2: 4970365
2026-09-03 19:27:11 [INFO] CPU Usage calculated successfully: 0%
2026-09-03 19:27:11 [INFO] RAM Usage calculated successfully: 6%
2026-09-03 19:27:11 [INFO] Disk Usage calculated successfully: 1%
2026-09-03 19:27:11 [INFO] Analysis complete. System Status: OK
2026-09-03 19:27:14 [INFO] Snapshot 1 taken. Total1: 5205422, Idle1: 4973172
2026-09-03 19:27:16 [INFO] Snapshot 2 taken. Total2: 5206253, Idle2: 4973998
2026-09-03 19:27:16 [INFO] CPU Usage calculated successfully: 0%
2026-09-03 19:27:16 [INFO] RAM Usage calculated successfully: 6%
2026-09-03 19:27:16 [INFO] Disk Usage calculated successfully: 1%
2026-09-03 19:27:16 [INFO] Analysis complete. System Status: OK
2026-09-03 19:27:19 [INFO] Snapshot 1 taken. Total1: 5209103, Idle1: 4976766
2026-09-03 19:27:20 [INFO] Snapshot 2 taken. Total2: 5209936, Idle2: 4977595
2026-09-03 19:27:20 [INFO] CPU Usage calculated successfully: 0%
2026-09-03 19:27:20 [INFO] RAM Usage calculated successfully: 6%
2026-09-03 19:27:20 [INFO] Disk Usage calculated successfully: 1%
2026-09-03 19:27:21 [INFO] Analysis complete. System Status: OK
2026-09-03 19:27:24 [INFO] Snapshot 1 taken. Total1: 5212818, Idle1: 4980396
2026-09-03 19:27:25 [INFO] Snapshot 2 taken. Total2: 5213651, Idle2: 4981223
2026-09-03 19:27:25 [INFO] CPU Usage calculated successfully: 0%
2026-09-03 19:27:25 [INFO] RAM Usage calculated successfully: 6%
2026-09-03 19:27:25 [INFO] Disk Usage calculated successfully: 1%
2026-09-03 19:27:25 [INFO] Analysis complete. System Status: OK
2026-09-03 19:27:28 [INFO] Snapshot 1 taken. Total1: 5216523, Idle1: 4984014
2026-09-03 19:27:29 [INFO] Snapshot 2 taken. Total2: 5217358, Idle2: 4984843
2026-09-03 19:27:29 [INFO] CPU Usage calculated successfully: 0%
2026-09-03 19:27:30 [INFO] RAM Usage calculated successfully: 6%
2026-09-03 19:27:30 [INFO] Disk Usage calculated successfully: 1%
2026-09-03 19:27:30 [INFO] Analysis complete. System Status: OK
2026-09-03 19:27:33 [INFO] Snapshot 1 taken. Total1: 5220216, Idle1: 4987624
2026-09-03 19:27:34 [INFO] Snapshot 2 taken. Total2: 5221077, Idle2: 4988480
2026-09-03 19:27:34 [INFO] CPU Usage calculated successfully: 0%
2026-09-03 19:27:34 [INFO] RAM Usage calculated successfully: 6%
2026-09-03 19:27:34 [INFO] Disk Usage calculated successfully: 1%
2026-09-03 19:27:35 [INFO] Analysis complete. System Status: OK
2026-09-03 19:27:38 [INFO] Snapshot 1 taken. Total1: 5223932, Idle1: 4991254
2026-09-03 19:27:39 [INFO] Snapshot 2 taken. Total2: 5224759, Idle2: 4992076
2026-09-03 19:27:39 [INFO] CPU Usage calculated successfully: 0%
2026-09-03 19:27:39 [INFO] RAM Usage calculated successfully: 6%
2026-09-03 19:27:39 [INFO] Disk Usage calculated successfully: 1%
2026-09-03 19:27:39 [INFO] Analysis complete. System Status: OK
2026-09-03 19:27:42 [INFO] Snapshot 1 taken. Total1: 5227626, Idle1: 4994866
2026-09-03 19:27:41 [INFO] Snapshot 2 taken. Total2: 5228456, Idle2: 4995690
2026-09-03 19:27:41 [INFO] CPU Usage calculated successfully: 0%
2026-09-03 19:27:41 [INFO] RAM Usage calculated successfully: 6%
2026-09-03 19:27:42 [INFO] Disk Usage calculated successfully: 1%
2026-09-03 19:27:42 [INFO] Analysis complete. System Status: OK
2026-09-03 19:27:45 [INFO] Snapshot 1 taken. Total1: 5231308, Idle1: 4998461
2026-09-03 19:27:46 [INFO] Snapshot 2 taken. Total2: 5232144, Idle2: 4999292
2026-09-03 19:27:46 [INFO] CPU Usage calculated successfully: 0%
2026-09-03 19:27:46 [INFO] RAM Usage calculated successfully: 6%
2026-09-03 19:27:46 [INFO] Disk Usage calculated successfully: 1%
2026-09-03 19:27:46 [INFO] Analysis complete. System Status: OK
2026-09-03 19:27:50 [INFO] Snapshot 1 taken. Total1: 5234996, Idle1: 5002063
2026-09-03 19:27:51 [INFO] Snapshot 2 taken. Total2: 5235860, Idle2: 5002922
2026-09-03 19:27:51 [INFO] CPU Usage calculated successfully: 0%
2026-09-03 19:27:51 [INFO] RAM Usage calculated successfully: 6%
2026-09-03 19:27:51 [INFO] Disk Usage calculated successfully: 1%
2026-09-03 19:27:51 [INFO] Analysis complete. System Status: OK
2026-09-03 19:27:54 [INFO] Snapshot 1 taken. Total1: 5238735, Idle1: 5005716
2026-09-03 19:27:55 [INFO] Snapshot 2 taken. Total2: 5239567, Idle2: 5006544
2026-09-03 19:27:55 [INFO] CPU Usage calculated successfully: 0%
2026-09-03 19:27:55 [INFO] RAM Usage calculated successfully: 6%
2026-09-03 19:27:55 [INFO] Disk Usage calculated successfully: 1%
2026-09-03 19:27:55 [INFO] Analysis complete. System Status: OK
2026-09-03 19:27:58 [INFO] Snapshot 1 taken. Total1: 5242164, Idle1: 5009108
2026-09-03 19:28:00 [INFO] Snapshot 2 taken. Total2: 5242996, Idle2: 5009934
2026-09-03 19:28:00 [INFO] CPU Usage calculated successfully: 0%
2026-09-03 19:28:00 [INFO] RAM Usage calculated successfully: 6%
2026-09-03 19:28:00 [INFO] Disk Usage calculated successfully: 1%
2026-09-03 19:28:00 [INFO] Analysis complete. System Status: OK
2026-09-03 19:28:03 [INFO] Snapshot 1 taken. Total1: 5245867, Idle1: 5012726
2026-09-03 19:28:04 [INFO] Snapshot 2 taken. Total2: 5246696, Idle2: 5013549
2026-09-03 19:28:04 [INFO] CPU Usage calculated successfully: 0%
2026-09-03 19:28:04 [INFO] RAM Usage calculated successfully: 6%
2026-09-03 19:28:04 [INFO] Disk Usage calculated successfully: 1%
2026-09-03 19:28:05 [INFO] Analysis complete. System Status: OK
2026-09-03 19:28:08 [INFO] Snapshot 1 taken. Total1: 5249543, Idle1: 5016321
2026-09-03 19:28:09 [INFO] Snapshot 2 taken. Total2: 5250371, Idle2: 5017144
2026-09-03 19:28:09 [INFO] CPU Usage calculated successfully: 0%
2026-09-03 19:28:09 [INFO] RAM Usage calculated successfully: 6%
2026-09-03 19:28:09 [INFO] Disk Usage calculated successfully: 1%
2026-09-03 19:28:09 [INFO] Analysis complete. System Status: OK
2026-09-03 19:28:12 [INFO] Snapshot 1 taken. Total1: 5253255, Idle1: 5019948
2026-09-03 19:28:13 [INFO] Snapshot 2 taken. Total2: 5254077, Idle2: 5020766
2026-09-03 19:28:13 [INFO] CPU Usage calculated successfully: 0%
2026-09-03 19:28:13 [INFO] RAM Usage calculated successfully: 6%
2026-09-03 19:28:12 [INFO] Disk Usage calculated successfully: 1%
2026-09-03 19:28:12 [INFO] Analysis complete. System Status: OK
2026-09-03 19:28:15 [INFO] Snapshot 1 taken. Total1: 5256689, Idle1: 5023343
2026-09-03 19:28:16 [INFO] Snapshot 2 taken. Total2: 5257542, Idle2: 5024191
2026-09-03 19:28:16 [INFO] CPU Usage calculated successfully: 0%
2026-09-03 19:28:16 [INFO] RAM Usage calculated successfully: 6%
2026-09-03 19:28:16 [INFO] Disk Usage calculated successfully: 1%
2026-09-03 19:28:16 [INFO] Analysis complete. System Status: OK
2026-09-03 19:28:19 [INFO] Snapshot 1 taken. Total1: 5260378, Idle1: 5026953
2026-09-03 19:28:21 [INFO] Snapshot 2 taken. Total2: 5261223, Idle2: 5027793
2026-09-03 19:28:21 [INFO] CPU Usage calculated successfully: 0%
2026-09-03 19:28:21 [INFO] RAM Usage calculated successfully: 6%
2026-09-03 19:28:21 [INFO] Disk Usage calculated successfully: 1%
2026-09-03 19:28:21 [INFO] Analysis complete. System Status: OK
2026-09-03 19:28:24 [INFO] Snapshot 1 taken. Total1: 5264083, Idle1: 5030577
2026-09-03 19:28:25 [INFO] Snapshot 2 taken. Total2: 5264910, Idle2: 5031400
2026-09-03 19:28:25 [INFO] CPU Usage calculated successfully: 0%
2026-09-03 19:28:25 [INFO] RAM Usage calculated successfully: 6%
2026-09-03 19:28:25 [INFO] Disk Usage calculated successfully: 1%
2026-09-03 19:28:26 [INFO] Analysis complete. System Status: OK
2026-09-03 19:28:29 [INFO] Snapshot 1 taken. Total1: 5267779, Idle1: 5034193
2026-09-03 19:28:30 [INFO] Snapshot 2 taken. Total2: 5268606, Idle2: 5035016
2026-09-03 19:28:30 [INFO] CPU Usage calculated successfully: 0%
2026-09-03 19:28:30 [INFO] RAM Usage calculated successfully: 6%
2026-09-03 19:28:30 [INFO] Disk Usage calculated successfully: 1%
2026-09-03 19:28:30 [INFO] Analysis complete. System Status: OK
2026-09-03 19:28:33 [INFO] Snapshot 1 taken. Total1: 5271463, Idle1: 5037796
2026-09-03 19:28:34 [INFO] Snapshot 2 taken. Total2: 5272292, Idle2: 5038620
2026-09-03 19:28:34 [INFO] CPU Usage calculated successfully: 0%
2026-09-03 19:28:35 [INFO] RAM Usage calculated successfully: 6%
2026-09-03 19:28:35 [INFO] Disk Usage calculated successfully: 1%
2026-09-03 19:28:35 [INFO] Analysis complete. System Status: OK
2026-09-03 19:28:38 [INFO] Snapshot 1 taken. Total1: 5275210, Idle1: 5041460
2026-09-03 19:28:39 [INFO] Snapshot 2 taken. Total2: 5276038, Idle2: 5042283
2026-09-03 19:28:39 [INFO] CPU Usage calculated successfully: 0%
2026-09-03 19:28:39 [INFO] RAM Usage calculated successfully: 6%
2026-09-03 19:28:39 [INFO] Disk Usage calculated successfully: 1%
2026-09-03 19:28:40 [INFO] Analysis complete. System Status: OK
2026-09-03 19:28:43 [INFO] Snapshot 1 taken. Total1: 5278828, Idle1: 5045003
2026-09-03 19:28:44 [INFO] Snapshot 2 taken. Total2: 5279643, Idle2: 5045816
2026-09-03 19:28:44 [INFO] CPU Usage calculated successfully: 0%
2026-09-03 19:28:44 [INFO] RAM Usage calculated successfully: 6%
2026-09-03 19:28:44 [INFO] Disk Usage calculated successfully: 1%
2026-09-03 19:28:44 [INFO] Analysis complete. System Status: OK
2026-09-03 19:28:45 [INFO] Snapshot 1 taken. Total1: 5282378, Idle1: 5048498
2026-09-03 19:28:46 [INFO] Snapshot 2 taken. Total2: 5283215, Idle2: 5049330
2026-09-03 19:28:46 [INFO] CPU Usage calculated successfully: 0%
2026-09-03 19:28:46 [INFO] RAM Usage calculated successfully: 6%
2026-09-03 19:28:46 [INFO] Disk Usage calculated successfully: 1%
2026-09-03 19:28:46 [INFO] Analysis complete. System Status: OK
2026-09-03 19:28:50 [INFO] Snapshot 1 taken. Total1: 5286070, Idle1: 5052107
2026-09-03 19:28:51 [INFO] Snapshot 2 taken. Total2: 5286900, Idle2: 5052931
2026-09-03 19:28:51 [INFO] CPU Usage calculated successfully: 0%
2026-09-03 19:28:51 [INFO] RAM Usage calculated successfully: 6%
2026-09-03 19:28:51 [INFO] Disk Usage calculated successfully: 1%
2026-09-03 19:28:51 [INFO] Analysis complete. System Status: OK
2026-09-03 19:28:54 [INFO] Snapshot 1 taken. Total1: 5289736, Idle1: 5055695
2026-09-03 19:28:55 [INFO] Snapshot 2 taken. Total2: 5290576, Idle2: 5056530
2026-09-03 19:28:55 [INFO] CPU Usage calculated successfully: 0%
2026-09-03 19:28:55 [INFO] RAM Usage calculated successfully: 6%
2026-09-03 19:28:55 [INFO] Disk Usage calculated successfully: 1%
2026-09-03 19:28:56 [INFO] Analysis complete. System Status: OK
2026-09-03 19:28:59 [INFO] Snapshot 1 taken. Total1: 5293436, Idle1: 5059311
2026-09-03 19:29:00 [INFO] Snapshot 2 taken. Total2: 5294280, Idle2: 5060149
2026-09-03 19:29:00 [INFO] CPU Usage calculated successfully: 0%
2026-09-03 19:29:00 [INFO] RAM Usage calculated successfully: 6%
2026-09-03 19:29:00 [INFO] Disk Usage calculated successfully: 1%
2026-09-03 19:29:00 [INFO] Analysis complete. System Status: OK
2026-09-03 19:29:03 [INFO] Snapshot 1 taken. Total1: 5297134, Idle1: 5062924
2026-09-03 19:29:05 [INFO] Snapshot 2 taken. Total2: 5297978, Idle2: 5063763
2026-09-03 19:29:05 [INFO] CPU Usage calculated successfully: 0%
2026-09-03 19:29:05 [INFO] RAM Usage calculated successfully: 6%
2026-09-03 19:29:05 [INFO] Disk Usage calculated successfully: 1%
2026-09-03 19:29:05 [INFO] Analysis complete. System Status: OK
2026-09-03 19:29:08 [INFO] Snapshot 1 taken. Total1: 5300829, Idle1: 5066538
2026-09-03 19:29:09 [INFO] Snapshot 2 taken. Total2: 5301677, Idle2: 5067380
2026-09-03 19:29:09 [INFO] CPU Usage calculated successfully: 0%
2026-09-03 19:29:09 [INFO] RAM Usage calculated successfully: 6%
2026-09-03 19:29:09 [INFO] Disk Usage calculated successfully: 1%
2026-09-03 19:29:10 [INFO] Analysis complete. System Status: OK
2026-09-03 19:29:13 [INFO] Snapshot 1 taken. Total1: 5304497, Idle1: 5070124
2026-09-03 19:29:14 [INFO] Snapshot 2 taken. Total2: 5305326, Idle2: 5070951
2026-09-03 19:29:14 [INFO] CPU Usage calculated successfully: 0%
2026-09-03 19:29:14 [INFO] RAM Usage calculated successfully: 6%
2026-09-03 19:29:14 [INFO] Disk Usage calculated successfully: 1%
2026-09-03 19:29:14 [INFO] Analysis complete. System Status: OK
2026-09-03 19:29:15 [INFO] Snapshot 1 taken. Total1: 5308226, Idle1: 5073767
2026-09-03 19:29:16 [INFO] Snapshot 2 taken. Total2: 5309063, Idle2: 5074598
2026-09-03 19:29:16 [INFO] CPU Usage calculated successfully: 0%
2026-09-03 19:29:17 [INFO] RAM Usage calculated successfully: 6%
2026-09-03 19:29:17 [INFO] Disk Usage calculated successfully: 1%
2026-09-03 19:29:17 [INFO] Analysis complete. System Status: OK
2026-09-03 19:29:20 [INFO] Snapshot 1 taken. Total1: 5311921, Idle1: 5077381
2026-09-03 19:29:21 [INFO] Snapshot 2 taken. Total2: 5312751, Idle2: 5078206
2026-09-03 19:29:21 [INFO] CPU Usage calculated successfully: 0%
2026-09-03 19:29:21 [INFO] RAM Usage calculated successfully: 6%
2026-09-03 19:29:21 [INFO] Disk Usage calculated successfully: 1%
2026-09-03 19:29:22 [INFO] Analysis complete. System Status: OK
2026-09-03 19:29:25 [INFO] Snapshot 1 taken. Total1: 5315609, Idle1: 5080982
2026-09-03 19:29:26 [INFO] Snapshot 2 taken. Total2: 5316439, Idle2: 5081806
2026-09-03 19:29:26 [INFO] CPU Usage calculated successfully: 0%
2026-09-03 19:29:26 [INFO] RAM Usage calculated successfully: 6%
2026-09-03 19:29:26 [INFO] Disk Usage calculated successfully: 1%
2026-09-03 19:29:26 [INFO] Analysis complete. System Status: OK
2026-09-03 19:29:29 [INFO] Snapshot 1 taken. Total1: 5319319, Idle1: 5084604
2026-09-03 19:29:30 [INFO] Snapshot 2 taken. Total2: 5320147, Idle2: 5085426
2026-09-03 19:29:30 [INFO] CPU Usage calculated successfully: 0%
2026-09-03 19:29:30 [INFO] RAM Usage calculated successfully: 6%
2026-09-03 19:29:31 [INFO] Disk Usage calculated successfully: 1%
2026-09-03 19:29:31 [INFO] Analysis complete. System Status: OK
2026-09-03 19:29:34 [INFO] Snapshot 1 taken. Total1: 5323032, Idle1: 5088228
2026-09-03 19:29:35 [INFO] Snapshot 2 taken. Total2: 5323866, Idle2: 5089056
2026-09-03 19:29:35 [INFO] CPU Usage calculated successfully: 0%
2026-09-03 19:29:35 [INFO] RAM Usage calculated successfully: 6%
2026-09-03 19:29:35 [INFO] Disk Usage calculated successfully: 1%
2026-09-03 19:29:35 [INFO] Analysis complete. System Status: OK
2026-09-03 19:29:39 [INFO] Snapshot 1 taken. Total1: 5326741, Idle1: 5091850
2026-09-03 19:29:40 [INFO] Snapshot 2 taken. Total2: 5327567, Idle2: 5092668
2026-09-03 19:29:40 [INFO] CPU Usage calculated successfully: 0%
2026-09-03 19:29:40 [INFO] RAM Usage calculated successfully: 6%
2026-09-03 19:29:40 [INFO] Disk Usage calculated successfully: 1%
2026-09-03 19:29:40 [INFO] Analysis complete. System Status: OK
2026-09-03 19:29:43 [INFO] Snapshot 1 taken. Total1: 5330168, Idle1: 5095237
2026-09-03 19:29:44 [INFO] Snapshot 2 taken. Total2: 5331009, Idle2: 5096073
2026-09-03 19:29:44 [INFO] CPU Usage calculated successfully: 0%
2026-09-03 19:29:44 [INFO] RAM Usage calculated successfully: 6%
2026-09-03 19:29:44 [INFO] Disk Usage calculated successfully: 1%
2026-09-03 19:29:44 [INFO] Analysis complete. System Status: OK
2026-09-03 19:29:46 [INFO] Snapshot 1 taken. Total1: 5333834, Idle1: 5098818
2026-09-03 19:29:47 [INFO] Snapshot 2 taken. Total2: 5334674, Idle2: 5099654
2026-09-03 19:29:47 [INFO] CPU Usage calculated successfully: 0%
2026-09-03 19:29:47 [INFO] RAM Usage calculated successfully: 6%
2026-09-03 19:29:47 [INFO] Disk Usage calculated successfully: 1%
2026-09-03 19:29:47 [INFO] Analysis complete. System Status: OK
2026-09-03 19:29:50 [INFO] Snapshot 1 taken. Total1: 5337520, Idle1: 5102426
2026-09-03 19:29:51 [INFO] Snapshot 2 taken. Total2: 5338352, Idle2: 5103252
2026-09-03 19:29:51 [INFO] CPU Usage calculated successfully: 0%
2026-09-03 19:29:51 [INFO] RAM Usage calculated successfully: 6%
2026-09-03 19:29:51 [INFO] Disk Usage calculated successfully: 1%
2026-09-03 19:29:52 [INFO] Analysis complete. System Status: OK
2026-09-03 19:29:55 [INFO] Snapshot 1 taken. Total1: 5341224, Idle1: 5106047
2026-09-03 19:29:56 [INFO] Snapshot 2 taken. Total2: 5342055, Idle2: 5106871
2026-09-03 19:29:56 [INFO] CPU Usage calculated successfully: 0%
2026-09-03 19:29:56 [INFO] RAM Usage calculated successfully: 6%
2026-09-03 19:29:56 [INFO] Disk Usage calculated successfully: 1%
2026-09-03 19:29:56 [INFO] Analysis complete. System Status: OK
2026-09-03 19:29:59 [INFO] Snapshot 1 taken. Total1: 5344930, Idle1: 5109671
2026-09-03 19:30:00 [INFO] Snapshot 2 taken. Total2: 5345765, Idle2: 5110501
2026-09-03 19:30:01 [INFO] CPU Usage calculated successfully: 0%
2026-09-03 19:30:01 [INFO] RAM Usage calculated successfully: 6%
2026-09-03 19:30:01 [INFO] Disk Usage calculated successfully: 1%
2026-09-03 19:30:01 [INFO] Analysis complete. System Status: OK
2026-09-03 19:30:04 [INFO] Snapshot 1 taken. Total1: 5348663, Idle1: 5113321
2026-09-03 19:30:05 [INFO] Snapshot 2 taken. Total2: 5349513, Idle2: 5114166
2026-09-03 19:30:05 [INFO] CPU Usage calculated successfully: 0%
2026-09-03 19:30:05 [INFO] RAM Usage calculated successfully: 6%
2026-09-03 19:30:05 [INFO] Disk Usage calculated successfully: 1%
2026-09-03 19:30:06 [INFO] Analysis complete. System Status: OK
2026-09-03 19:30:09 [INFO] Snapshot 1 taken. Total1: 5352378, Idle1: 5116946
2026-09-03 19:30:10 [INFO] Snapshot 2 taken. Total2: 5353207, Idle2: 5117770
2026-09-03 19:30:10 [INFO] CPU Usage calculated successfully: 0%
2026-09-03 19:30:10 [INFO] RAM Usage calculated successfully: 6%
2026-09-03 19:30:10 [INFO] Disk Usage calculated successfully: 1%
2026-09-03 19:30:10 [INFO] Analysis complete. System Status: OK
2026-09-03 19:30:13 [INFO] Snapshot 1 taken. Total1: 5356060, Idle1: 5120547
2026-09-03 19:30:14 [INFO] Snapshot 2 taken. Total2: 5356891, Idle2: 5121373
2026-09-03 19:30:14 [INFO] CPU Usage calculated successfully: 0%
2026-09-03 19:30:15 [INFO] RAM Usage calculated successfully: 6%
2026-09-03 19:30:15 [INFO] Disk Usage calculated successfully: 1%
2026-09-03 19:30:15 [INFO] Analysis complete. System Status: OK
2026-09-03 19:30:16 [INFO] Snapshot 1 taken. Total1: 5359734, Idle1: 5124135
2026-09-03 19:30:17 [INFO] Snapshot 2 taken. Total2: 5360591, Idle2: 5124987
2026-09-03 19:30:17 [INFO] CPU Usage calculated successfully: 0%
2026-09-03 19:30:17 [INFO] RAM Usage calculated successfully: 6%
2026-09-03 19:30:17 [INFO] Disk Usage calculated successfully: 1%
2026-09-03 19:30:18 [INFO] Analysis complete. System Status: OK
2026-09-03 19:30:21 [INFO] Snapshot 1 taken. Total1: 5363441, Idle1: 5127765
2026-09-03 19:30:22 [INFO] Snapshot 2 taken. Total2: 5364269, Idle2: 5128588
2026-09-03 19:30:22 [INFO] CPU Usage calculated successfully: 0%
2026-09-03 19:30:22 [INFO] RAM Usage calculated successfully: 6%
2026-09-03 19:30:22 [INFO] Disk Usage calculated successfully: 1%
2026-09-03 19:30:22 [INFO] Analysis complete. System Status: OK
2026-09-03 19:30:25 [INFO] Snapshot 1 taken. Total1: 5367090, Idle1: 5131336
2026-09-03 19:30:26 [INFO] Snapshot 2 taken. Total2: 5367929, Idle2: 5132172
2026-09-03 19:30:26 [INFO] CPU Usage calculated successfully: 0%
2026-09-03 19:30:26 [INFO] RAM Usage calculated successfully: 6%
2026-09-03 19:30:26 [INFO] Disk Usage calculated successfully: 1%
2026-09-03 19:30:27 [INFO] Analysis complete. System Status: OK
2026-09-03 19:30:30 [INFO] Snapshot 1 taken. Total1: 5370784, Idle1: 5134948
2026-09-03 19:30:31 [INFO] Snapshot 2 taken. Total2: 5371615, Idle2: 5135773
2026-09-03 19:30:31 [INFO] CPU Usage calculated successfully: 0%
2026-09-03 19:30:31 [INFO] RAM Usage calculated successfully: 6%
2026-09-03 19:30:31 [INFO] Disk Usage calculated successfully: 1%
2026-09-03 19:30:31 [INFO] Analysis complete. System Status: OK
2026-09-03 19:30:35 [INFO] Snapshot 1 taken. Total1: 5374495, Idle1: 5138571
2026-09-03 19:30:36 [INFO] Snapshot 2 taken. Total2: 5375332, Idle2: 5139403
2026-09-03 19:30:36 [INFO] CPU Usage calculated successfully: 0%
2026-09-03 19:30:36 [INFO] RAM Usage calculated successfully: 6%
2026-09-03 19:30:36 [INFO] Disk Usage calculated successfully: 1%
2026-09-03 19:30:36 [INFO] Analysis complete. System Status: OK
2026-09-03 19:30:39 [INFO] Snapshot 1 taken. Total1: 5378176, Idle1: 5142173
2026-09-03 19:30:40 [INFO] Snapshot 2 taken. Total2: 5378999, Idle2: 5142992
2026-09-03 19:30:40 [INFO] CPU Usage calculated successfully: 0%
2026-09-03 19:30:40 [INFO] RAM Usage calculated successfully: 6%
2026-09-03 19:30:40 [INFO] Disk Usage calculated successfully: 1%
2026-09-03 19:30:41 [INFO] Analysis complete. System Status: OK
2026-09-03 19:30:44 [INFO] Snapshot 1 taken. Total1: 5381854, Idle1: 5145771
2026-09-03 19:30:45 [INFO] Snapshot 2 taken. Total2: 5382685, Idle2: 5146595
2026-09-03 19:30:45 [INFO] CPU Usage calculated successfully: 0%
2026-09-03 19:30:45 [INFO] RAM Usage calculated successfully: 6%
2026-09-03 19:30:45 [INFO] Disk Usage calculated successfully: 1%
2026-09-03 19:30:45 [INFO] Analysis complete. System Status: OK
2026-09-03 19:30:46 [INFO] Snapshot 1 taken. Total1: 5385536, Idle1: 5149368
2026-09-03 19:30:47 [INFO] Snapshot 2 taken. Total2: 5386370, Idle2: 5150197
2026-09-03 19:30:47 [INFO] CPU Usage calculated successfully: 0%
2026-09-03 19:30:48 [INFO] RAM Usage calculated successfully: 6%
2026-09-03 19:30:48 [INFO] Disk Usage calculated successfully: 1%
2026-09-03 19:30:48 [INFO] Analysis complete. System Status: OK
2026-09-03 19:30:51 [INFO] Snapshot 1 taken. Total1: 5389231, Idle1: 5152982
2026-09-03 19:30:52 [INFO] Snapshot 2 taken. Total2: 5390099, Idle2: 5153845
2026-09-03 19:30:52 [INFO] CPU Usage calculated successfully: 0%
2026-09-03 19:30:52 [INFO] RAM Usage calculated successfully: 6%
2026-09-03 19:30:52 [INFO] Disk Usage calculated successfully: 1%
2026-09-03 19:30:53 [INFO] Analysis complete. System Status: OK
2026-09-03 19:30:56 [INFO] Snapshot 1 taken. Total1: 5392947, Idle1: 5156616
2026-09-03 19:30:57 [INFO] Snapshot 2 taken. Total2: 5393789, Idle2: 5157454
2026-09-03 19:30:57 [INFO] CPU Usage calculated successfully: 0%
2026-09-03 19:30:57 [INFO] RAM Usage calculated successfully: 6%
2026-09-03 19:30:57 [INFO] Disk Usage calculated successfully: 1%
2026-09-03 19:30:57 [INFO] Analysis complete. System Status: OK
2026-09-03 19:31:00 [INFO] Snapshot 1 taken. Total1: 5396642, Idle1: 5160228
2026-09-03 19:31:01 [INFO] Snapshot 2 taken. Total2: 5397474, Idle2: 5161055
2026-09-03 19:31:01 [INFO] CPU Usage calculated successfully: 0%
2026-09-03 19:31:02 [INFO] RAM Usage calculated successfully: 6%
2026-09-03 19:31:02 [INFO] Disk Usage calculated successfully: 1%
2026-09-03 19:31:02 [INFO] Analysis complete. System Status: OK
2026-09-03 19:31:05 [INFO] Snapshot 1 taken. Total1: 5400335, Idle1: 5163833
2026-09-03 19:31:06 [INFO] Snapshot 2 taken. Total2: 5401191, Idle2: 5164682
2026-09-03 19:31:06 [INFO] CPU Usage calculated successfully: 0%
2026-09-03 19:31:06 [INFO] RAM Usage calculated successfully: 6%
2026-09-03 19:31:06 [INFO] Disk Usage calculated successfully: 1%
2026-09-03 19:31:06 [INFO] Analysis complete. System Status: OK
2026-09-03 19:31:10 [INFO] Snapshot 1 taken. Total1: 5404038, Idle1: 5167450
2026-09-03 19:31:11 [INFO] Snapshot 2 taken. Total2: 5404874, Idle2: 5168281
2026-09-03 19:31:11 [INFO] CPU Usage calculated successfully: 0%
2026-09-03 19:31:11 [INFO] RAM Usage calculated successfully: 6%
2026-09-03 19:31:11 [INFO] Disk Usage calculated successfully: 1%
2026-09-03 19:31:11 [INFO] Analysis complete. System Status: OK
2026-09-03 19:31:14 [INFO] Snapshot 1 taken. Total1: 5407723, Idle1: 5171053
2026-09-03 19:31:15 [INFO] Snapshot 2 taken. Total2: 5408555, Idle2: 5171879
2026-09-03 19:31:15 [INFO] CPU Usage calculated successfully: 0%
2026-09-03 19:31:15 [INFO] RAM Usage calculated successfully: 6%
2026-09-03 19:31:15 [INFO] Disk Usage calculated successfully: 1%
2026-09-03 19:31:16 [INFO] Analysis complete. System Status: OK
2026-09-03 19:31:17 [INFO] Snapshot 1 taken. Total1: 5411423, Idle1: 5174667
2026-09-03 19:31:18 [INFO] Snapshot 2 taken. Total2: 5412266, Idle2: 5175506
2026-09-03 19:31:18 [INFO] CPU Usage calculated successfully: 0%
2026-09-03 19:31:18 [INFO] RAM Usage calculated successfully: 6%
2026-09-03 19:31:18 [INFO] Disk Usage calculated successfully: 1%
2026-09-03 19:31:18 [INFO] Analysis complete. System Status: OK
2026-09-03 19:31:22 [INFO] Snapshot 1 taken. Total1: 5415125, Idle1: 5178284
2026-09-03 19:31:23 [INFO] Snapshot 2 taken. Total2: 5415958, Idle2: 5179113
2026-09-03 19:31:23 [INFO] CPU Usage calculated successfully: 0%
2026-09-03 19:31:23 [INFO] RAM Usage calculated successfully: 6%
2026-09-03 19:31:23 [INFO] Disk Usage calculated successfully: 1%
2026-09-03 19:31:23 [INFO] Analysis complete. System Status: OK
2026-09-03 19:31:26 [INFO] Snapshot 1 taken. Total1: 5418803, Idle1: 5181881
2026-09-03 19:31:27 [INFO] Snapshot 2 taken. Total2: 5419641, Idle2: 5182713
2026-09-03 19:31:27 [INFO] CPU Usage calculated successfully: 0%
2026-09-03 19:31:27 [INFO] RAM Usage calculated successfully: 6%
2026-09-03 19:31:27 [INFO] Disk Usage calculated successfully: 1%
2026-09-03 19:31:28 [INFO] Analysis complete. System Status: OK
2026-09-03 19:31:31 [INFO] Snapshot 1 taken. Total1: 5422543, Idle1: 5185532
2026-09-03 19:31:32 [INFO] Snapshot 2 taken. Total2: 5423369, Idle2: 5186354
2026-09-03 19:31:32 [INFO] CPU Usage calculated successfully: 0%
2026-09-03 19:31:32 [INFO] RAM Usage calculated successfully: 6%
2026-09-03 19:31:32 [INFO] Disk Usage calculated successfully: 1%
2026-09-03 19:31:32 [INFO] Analysis complete. System Status: OK
2026-09-03 19:31:35 [INFO] Snapshot 1 taken. Total1: 5426256, Idle1: 5189161
2026-09-03 19:31:37 [INFO] Snapshot 2 taken. Total2: 5427087, Idle2: 5189985
2026-09-03 19:31:37 [INFO] CPU Usage calculated successfully: 0%
2026-09-03 19:31:37 [INFO] RAM Usage calculated successfully: 6%
2026-09-03 19:31:37 [INFO] Disk Usage calculated successfully: 1%
2026-09-03 19:31:37 [INFO] Analysis complete. System Status: OK
2026-09-03 19:31:40 [INFO] Snapshot 1 taken. Total1: 5429938, Idle1: 5192756
2026-09-03 19:31:41 [INFO] Snapshot 2 taken. Total2: 5430763, Idle2: 5193578
2026-09-03 19:31:41 [INFO] CPU Usage calculated successfully: 0%
2026-09-03 19:31:41 [INFO] RAM Usage calculated successfully: 6%
2026-09-03 19:31:41 [INFO] Disk Usage calculated successfully: 1%
2026-09-03 19:31:42 [INFO] Analysis complete. System Status: OK
2026-09-03 19:31:45 [INFO] Snapshot 1 taken. Total1: 5433618, Idle1: 5196354
2026-09-03 19:31:46 [INFO] Snapshot 2 taken. Total2: 5434446, Idle2: 5197177
2026-09-03 19:31:46 [INFO] CPU Usage calculated successfully: 0%
2026-09-03 19:31:46 [INFO] RAM Usage calculated successfully: 6%
2026-09-03 19:31:46 [INFO] Disk Usage calculated successfully: 1%
2026-09-03 19:31:46 [INFO] Analysis complete. System Status: OK
2026-09-03 19:31:47 [INFO] Snapshot 1 taken. Total1: 5437313, Idle1: 5199966
2026-09-03 19:31:48 [INFO] Snapshot 2 taken. Total2: 5438141, Idle2: 5200789
2026-09-03 19:31:48 [INFO] CPU Usage calculated successfully: 0%
2026-09-03 19:31:49 [INFO] RAM Usage calculated successfully: 6%
2026-09-03 19:31:49 [INFO] Disk Usage calculated successfully: 1%
2026-09-03 19:31:49 [INFO] Analysis complete. System Status: OK
2026-09-03 19:31:52 [INFO] Snapshot 1 taken. Total1: 5440984, Idle1: 5203554
2026-09-03 19:31:53 [INFO] Snapshot 2 taken. Total2: 5441815, Idle2: 5204379
2026-09-03 19:31:53 [INFO] CPU Usage calculated successfully: 0%
2026-09-03 19:31:53 [INFO] RAM Usage calculated successfully: 6%
2026-09-03 19:31:53 [INFO] Disk Usage calculated successfully: 1%
2026-09-03 19:31:53 [INFO] Analysis complete. System Status: OK
2026-09-03 19:31:57 [INFO] Snapshot 1 taken. Total1: 5444679, Idle1: 5207164
2026-09-03 19:31:58 [INFO] Snapshot 2 taken. Total2: 5445506, Idle2: 5207985
2026-09-03 19:31:58 [INFO] CPU Usage calculated successfully: 0%
2026-09-03 19:31:58 [INFO] RAM Usage calculated successfully: 6%
2026-09-03 19:31:58 [INFO] Disk Usage calculated successfully: 1%
2026-09-03 19:31:58 [INFO] Analysis complete. System Status: OK
2026-09-03 19:32:01 [INFO] Snapshot 1 taken. Total1: 5448363, Idle1: 5210770
2026-09-03 19:32:02 [INFO] Snapshot 2 taken. Total2: 5449194, Idle2: 5211594
2026-09-03 19:32:02 [INFO] CPU Usage calculated successfully: 0%
2026-09-03 19:32:02 [INFO] RAM Usage calculated successfully: 6%
2026-09-03 19:32:02 [INFO] Disk Usage calculated successfully: 1%
2026-09-03 19:32:03 [INFO] Analysis complete. System Status: OK
2026-09-03 19:32:06 [INFO] Snapshot 1 taken. Total1: 5452051, Idle1: 5214373
2026-09-03 19:32:07 [INFO] Snapshot 2 taken. Total2: 5452880, Idle2: 5215197
2026-09-03 19:32:07 [INFO] CPU Usage calculated successfully: 0%
2026-09-03 19:32:07 [INFO] RAM Usage calculated successfully: 6%
2026-09-03 19:32:07 [INFO] Disk Usage calculated successfully: 1%
2026-09-03 19:32:07 [INFO] Analysis complete. System Status: OK
2026-09-03 19:32:10 [INFO] Snapshot 1 taken. Total1: 5455741, Idle1: 5217980
2026-09-03 19:32:11 [INFO] Snapshot 2 taken. Total2: 5456568, Idle2: 5218801
2026-09-03 19:32:12 [INFO] CPU Usage calculated successfully: 0%
2026-09-03 19:32:12 [INFO] RAM Usage calculated successfully: 6%
2026-09-03 19:32:12 [INFO] Disk Usage calculated successfully: 1%
2026-09-03 19:32:12 [INFO] Analysis complete. System Status: OK
2026-09-03 19:32:15 [INFO] Snapshot 1 taken. Total1: 5459413, Idle1: 5221572
2026-09-03 19:32:16 [INFO] Snapshot 2 taken. Total2: 5460267, Idle2: 5222421
2026-09-03 19:32:16 [INFO] CPU Usage calculated successfully: 0%
2026-09-03 19:32:16 [INFO] RAM Usage calculated successfully: 6%
2026-09-03 19:32:16 [INFO] Disk Usage calculated successfully: 1%
2026-09-03 19:32:17 [INFO] Analysis complete. System Status: OK
2026-09-03 19:32:20 [INFO] Snapshot 1 taken. Total1: 5463119, Idle1: 5225194
2026-09-03 19:32:21 [INFO] Snapshot 2 taken. Total2: 5463959, Idle2: 5226028
2026-09-03 19:32:21 [INFO] CPU Usage calculated successfully: 0%
2026-09-03 19:32:21 [INFO] RAM Usage calculated successfully: 6%
2026-09-03 19:32:21 [INFO] Disk Usage calculated successfully: 1%
2026-09-03 19:32:21 [INFO] Analysis complete. System Status: OK
2026-09-03 19:32:24 [INFO] Snapshot 1 taken. Total1: 5466826, Idle1: 5228818
2026-09-03 19:32:25 [INFO] Snapshot 2 taken. Total2: 5467652, Idle2: 5229640
2026-09-03 19:32:25 [INFO] CPU Usage calculated successfully: 0%
2026-09-03 19:32:26 [INFO] RAM Usage calculated successfully: 6%
2026-09-03 19:32:26 [INFO] Disk Usage calculated successfully: 1%
2026-09-03 19:32:26 [INFO] Analysis complete. System Status: OK
2026-09-03 19:32:29 [INFO] Snapshot 1 taken. Total1: 5470508, Idle1: 5232417
2026-09-03 19:32:30 [INFO] Snapshot 2 taken. Total2: 5471338, Idle2: 5233242
2026-09-03 19:32:30 [INFO] CPU Usage calculated successfully: 0%
2026-09-03 19:32:30 [INFO] RAM Usage calculated successfully: 6%
2026-09-03 19:32:30 [INFO] Disk Usage calculated successfully: 1%
2026-09-03 19:32:30 [INFO] Analysis complete. System Status: OK
2026-09-03 19:32:31 [INFO] Snapshot 1 taken. Total1: 5474192, Idle1: 5236016
2026-09-03 19:32:32 [INFO] Snapshot 2 taken. Total2: 5475021, Idle2: 5236840
2026-09-03 19:32:32 [INFO] CPU Usage calculated successfully: 0%
2026-09-03 19:32:32 [INFO] RAM Usage calculated successfully: 6%
2026-09-03 19:32:32 [INFO] Disk Usage calculated successfully: 1%
2026-09-03 19:32:32 [INFO] Analysis complete. System Status: OK
2026-09-03 19:32:35 [INFO] Snapshot 1 taken. Total1: 5477880, Idle1: 5239623
2026-09-03 19:32:36 [INFO] Snapshot 2 taken. Total2: 5478707, Idle2: 5240445
2026-09-03 19:32:36 [INFO] CPU Usage calculated successfully: 0%
2026-09-03 19:32:37 [INFO] RAM Usage calculated successfully: 6%
2026-09-03 19:32:37 [INFO] Disk Usage calculated successfully: 1%
2026-09-03 19:32:37 [INFO] Analysis complete. System Status: OK
2026-09-03 19:32:40 [INFO] Snapshot 1 taken. Total1: 5481549, Idle1: 5243210
2026-09-03 19:32:41 [INFO] Snapshot 2 taken. Total2: 5482378, Idle2: 5244034
2026-09-03 19:32:41 [INFO] CPU Usage calculated successfully: 0%
2026-09-03 19:32:41 [INFO] RAM Usage calculated successfully: 6%
2026-09-03 19:32:41 [INFO] Disk Usage calculated successfully: 1%
2026-09-03 19:32:42 [INFO] Analysis complete. System Status: OK
2026-09-03 19:32:45 [INFO] Snapshot 1 taken. Total1: 5485233, Idle1: 5246810
2026-09-03 19:32:46 [INFO] Snapshot 2 taken. Total2: 5486063, Idle2: 5247636
2026-09-03 19:32:46 [INFO] CPU Usage calculated successfully: 0%
2026-09-03 19:32:46 [INFO] RAM Usage calculated successfully: 6%
2026-09-03 19:32:46 [INFO] Disk Usage calculated successfully: 1%
2026-09-03 19:32:46 [INFO] Analysis complete. System Status: OK
2026-09-03 19:32:49 [INFO] Snapshot 1 taken. Total1: 5488936, Idle1: 5250435
2026-09-03 19:32:50 [INFO] Snapshot 2 taken. Total2: 5489800, Idle2: 5251294
2026-09-03 19:32:50 [INFO] CPU Usage calculated successfully: 0%
2026-09-03 19:32:50 [INFO] RAM Usage calculated successfully: 6%
2026-09-03 19:32:51 [INFO] Disk Usage calculated successfully: 1%
2026-09-03 19:32:51 [INFO] Analysis complete. System Status: OK
2026-09-03 19:32:54 [INFO] Snapshot 1 taken. Total1: 5492647, Idle1: 5254065
2026-09-03 19:32:55 [INFO] Snapshot 2 taken. Total2: 5493477, Idle2: 5254890
2026-09-03 19:32:55 [INFO] CPU Usage calculated successfully: 0%
2026-09-03 19:32:55 [INFO] RAM Usage calculated successfully: 6%
2026-09-03 19:32:55 [INFO] Disk Usage calculated successfully: 1%
2026-09-03 19:32:55 [INFO] Analysis complete. System Status: OK
2026-09-03 19:32:59 [INFO] Snapshot 1 taken. Total1: 5496345, Idle1: 5257678
2026-09-03 19:33:00 [INFO] Snapshot 2 taken. Total2: 5497174, Idle2: 5258501
2026-09-03 19:33:00 [INFO] CPU Usage calculated successfully: 0%
2026-09-03 19:33:00 [INFO] RAM Usage calculated successfully: 6%
2026-09-03 19:33:00 [INFO] Disk Usage calculated successfully: 1%
2026-09-03 19:33:00 [INFO] Analysis complete. System Status: OK
2026-09-03 19:33:01 [INFO] Snapshot 1 taken. Total1: 5500016, Idle1: 5261264
2026-09-03 19:33:02 [INFO] Snapshot 2 taken. Total2: 5500866, Idle2: 5262110
2026-09-03 19:33:02 [INFO] CPU Usage calculated successfully: 0%
2026-09-03 19:33:02 [INFO] RAM Usage calculated successfully: 6%
2026-09-03 19:33:02 [INFO] Disk Usage calculated successfully: 1%
2026-09-03 19:33:03 [INFO] Analysis complete. System Status: OK
2026-09-03 19:33:06 [INFO] Snapshot 1 taken. Total1: 5503712, Idle1: 5264881
2026-09-03 19:33:07 [INFO] Snapshot 2 taken. Total2: 5504543, Idle2: 5265707
2026-09-03 19:33:07 [INFO] CPU Usage calculated successfully: 0%
2026-09-03 19:33:07 [INFO] RAM Usage calculated successfully: 6%
2026-09-03 19:33:07 [INFO] Disk Usage calculated successfully: 1%
2026-09-03 19:33:07 [INFO] Analysis complete. System Status: OK
2026-09-03 19:33:10 [INFO] Snapshot 1 taken. Total1: 5507399, Idle1: 5268488
2026-09-03 19:33:12 [INFO] Snapshot 2 taken. Total2: 5508228, Idle2: 5269311
2026-09-03 19:33:12 [INFO] CPU Usage calculated successfully: 0%
2026-09-03 19:33:12 [INFO] RAM Usage calculated successfully: 6%
2026-09-03 19:33:12 [INFO] Disk Usage calculated successfully: 1%
2026-09-03 19:33:12 [INFO] Analysis complete. System Status: OK
2026-09-03 19:33:15 [INFO] Snapshot 1 taken. Total1: 5511142, Idle1: 5272146
2026-09-03 19:33:16 [INFO] Snapshot 2 taken. Total2: 5512000, Idle2: 5272999
2026-09-03 19:33:16 [INFO] CPU Usage calculated successfully: 0%
2026-09-03 19:33:16 [INFO] RAM Usage calculated successfully: 6%
2026-09-03 19:33:16 [INFO] Disk Usage calculated successfully: 1%
2026-09-03 19:33:17 [INFO] Analysis complete. System Status: OK
2026-09-03 19:33:20 [INFO] Snapshot 1 taken. Total1: 5514864, Idle1: 5275785
2026-09-03 19:33:21 [INFO] Snapshot 2 taken. Total2: 5515692, Idle2: 5276608
2026-09-03 19:33:21 [INFO] CPU Usage calculated successfully: 0%
2026-09-03 19:33:21 [INFO] RAM Usage calculated successfully: 6%
2026-09-03 19:33:21 [INFO] Disk Usage calculated successfully: 1%
2026-09-03 19:33:21 [INFO] Analysis complete. System Status: OK
2026-09-03 19:33:24 [INFO] Snapshot 1 taken. Total1: 5518555, Idle1: 5279393
2026-09-03 19:33:26 [INFO] Snapshot 2 taken. Total2: 5519385, Idle2: 5280218
2026-09-03 19:33:26 [INFO] CPU Usage calculated successfully: 0%
2026-09-03 19:33:26 [INFO] RAM Usage calculated successfully: 6%
2026-09-03 19:33:26 [INFO] Disk Usage calculated successfully: 1%
2026-09-03 19:33:26 [INFO] Analysis complete. System Status: OK
2026-09-03 19:33:29 [INFO] Snapshot 1 taken. Total1: 5522228, Idle1: 5282981
2026-09-03 19:33:30 [INFO] Snapshot 2 taken. Total2: 5523056, Idle2: 5283804
2026-09-03 19:33:30 [INFO] CPU Usage calculated successfully: 0%
2026-09-03 19:33:30 [INFO] RAM Usage calculated successfully: 6%
2026-09-03 19:33:30 [INFO] Disk Usage calculated successfully: 1%
2026-09-03 19:33:31 [INFO] Analysis complete. System Status: OK
2026-09-03 19:33:34 [INFO] Snapshot 1 taken. Total1: 5525896, Idle1: 5286563
2026-09-03 19:33:35 [INFO] Snapshot 2 taken. Total2: 5526724, Idle2: 5287386
2026-09-03 19:33:35 [INFO] CPU Usage calculated successfully: 0%
2026-09-03 19:33:35 [INFO] RAM Usage calculated successfully: 6%
2026-09-03 19:33:35 [INFO] Disk Usage calculated successfully: 1%
2026-09-03 19:33:35 [INFO] Analysis complete. System Status: OK
2026-09-03 19:33:38 [INFO] Snapshot 1 taken. Total1: 5529565, Idle1: 5290151
2026-09-03 19:33:39 [INFO] Snapshot 2 taken. Total2: 5530395, Idle2: 5290975
2026-09-03 19:33:39 [INFO] CPU Usage calculated successfully: 0%
2026-09-03 19:33:39 [INFO] RAM Usage calculated successfully: 6%
2026-09-03 19:33:40 [INFO] Disk Usage calculated successfully: 1%
2026-09-03 19:33:40 [INFO] Analysis complete. System Status: OK
2026-09-03 19:33:43 [INFO] Snapshot 1 taken. Total1: 5533245, Idle1: 5293749
2026-09-03 19:33:44 [INFO] Snapshot 2 taken. Total2: 5534073, Idle2: 5294572
2026-09-03 19:33:44 [INFO] CPU Usage calculated successfully: 0%
2026-09-03 19:33:44 [INFO] RAM Usage calculated successfully: 6%
2026-09-03 19:33:44 [INFO] Disk Usage calculated successfully: 1%
2026-09-03 19:33:44 [INFO] Analysis complete. System Status: OK
2026-09-03 19:33:47 [INFO] Snapshot 1 taken. Total1: 5536914, Idle1: 5297335
2026-09-03 19:33:46 [INFO] Snapshot 2 taken. Total2: 5537756, Idle2: 5298170
2026-09-03 19:33:46 [INFO] CPU Usage calculated successfully: 0%
2026-09-03 19:33:46 [INFO] RAM Usage calculated successfully: 6%
2026-09-03 19:33:46 [INFO] Disk Usage calculated successfully: 1%
2026-09-03 19:33:46 [INFO] Analysis complete. System Status: OK
2026-09-03 19:33:49 [INFO] Snapshot 1 taken. Total1: 5540615, Idle1: 5300953
2026-09-03 19:33:50 [INFO] Snapshot 2 taken. Total2: 5541447, Idle2: 5301780
2026-09-03 19:33:51 [INFO] CPU Usage calculated successfully: 0%
2026-09-03 19:33:51 [INFO] RAM Usage calculated successfully: 6%
2026-09-03 19:33:51 [INFO] Disk Usage calculated successfully: 1%
2026-09-03 19:33:51 [INFO] Analysis complete. System Status: OK
2026-09-03 19:33:54 [INFO] Snapshot 1 taken. Total1: 5544297, Idle1: 5304556
2026-09-03 19:33:55 [INFO] Snapshot 2 taken. Total2: 5545126, Idle2: 5305380
2026-09-03 19:33:55 [INFO] CPU Usage calculated successfully: 0%
2026-09-03 19:33:55 [INFO] RAM Usage calculated successfully: 6%
2026-09-03 19:33:55 [INFO] Disk Usage calculated successfully: 1%
2026-09-03 19:33:56 [INFO] Analysis complete. System Status: OK
2026-09-03 19:33:59 [INFO] Snapshot 1 taken. Total1: 5547972, Idle1: 5308146
2026-09-03 19:34:00 [INFO] Snapshot 2 taken. Total2: 5548822, Idle2: 5308992
2026-09-03 19:34:00 [INFO] CPU Usage calculated successfully: 0%
2026-09-03 19:34:00 [INFO] RAM Usage calculated successfully: 6%
2026-09-03 19:34:00 [INFO] Disk Usage calculated successfully: 1%
2026-09-03 19:34:00 [INFO] Analysis complete. System Status: OK
2026-09-03 19:34:03 [INFO] Snapshot 1 taken. Total1: 5551703, Idle1: 5311796
2026-09-03 19:34:04 [INFO] Snapshot 2 taken. Total2: 5552532, Idle2: 5312620
2026-09-03 19:34:04 [INFO] CPU Usage calculated successfully: 0%
2026-09-03 19:34:05 [INFO] RAM Usage calculated successfully: 6%
2026-09-03 19:34:05 [INFO] Disk Usage calculated successfully: 1%
2026-09-03 19:34:05 [INFO] Analysis complete. System Status: OK
2026-09-03 19:34:08 [INFO] Snapshot 1 taken. Total1: 5555383, Idle1: 5315396
2026-09-03 19:34:09 [INFO] Snapshot 2 taken. Total2: 5556213, Idle2: 5316219
2026-09-03 19:34:09 [INFO] CPU Usage calculated successfully: 0%
2026-09-03 19:34:09 [INFO] RAM Usage calculated successfully: 6%
2026-09-03 19:34:09 [INFO] Disk Usage calculated successfully: 1%
2026-09-03 19:34:09 [INFO] Analysis complete. System Status: OK
2026-09-03 19:34:13 [INFO] Snapshot 1 taken. Total1: 5559070, Idle1: 5318994
2026-09-03 19:34:14 [INFO] Snapshot 2 taken. Total2: 5559907, Idle2: 5319826
2026-09-03 19:34:14 [INFO] CPU Usage calculated successfully: 0%
2026-09-03 19:34:14 [INFO] RAM Usage calculated successfully: 6%
2026-09-03 19:34:14 [INFO] Disk Usage calculated successfully: 1%
2026-09-03 19:34:14 [INFO] Analysis complete. System Status: OK
2026-09-03 19:34:17 [INFO] Snapshot 1 taken. Total1: 5562805, Idle1: 5322643
2026-09-03 19:34:16 [INFO] Snapshot 2 taken. Total2: 5563632, Idle2: 5323463
2026-09-03 19:34:16 [INFO] CPU Usage calculated successfully: 0%
2026-09-03 19:34:17 [INFO] RAM Usage calculated successfully: 6%
2026-09-03 19:34:17 [INFO] Disk Usage calculated successfully: 1%
2026-09-03 19:34:17 [INFO] Analysis complete. System Status: OK
2026-09-03 19:34:20 [INFO] Snapshot 1 taken. Total1: 5566474, Idle1: 5326224
2026-09-03 19:34:21 [INFO] Snapshot 2 taken. Total2: 5567302, Idle2: 5327047
2026-09-03 19:34:21 [INFO] CPU Usage calculated successfully: 0%
2026-09-03 19:34:21 [INFO] RAM Usage calculated successfully: 6%
2026-09-03 19:34:21 [INFO] Disk Usage calculated successfully: 1%
2026-09-03 19:34:21 [INFO] Analysis complete. System Status: OK
2026-09-03 19:34:25 [INFO] Snapshot 1 taken. Total1: 5570144, Idle1: 5329812
2026-09-03 19:34:26 [INFO] Snapshot 2 taken. Total2: 5570973, Idle2: 5330636
2026-09-03 19:34:26 [INFO] CPU Usage calculated successfully: 0%
2026-09-03 19:34:26 [INFO] RAM Usage calculated successfully: 6%
2026-09-03 19:34:26 [INFO] Disk Usage calculated successfully: 1%
2026-09-03 19:34:26 [INFO] Analysis complete. System Status: OK
2026-09-03 19:34:29 [INFO] Snapshot 1 taken. Total1: 5573817, Idle1: 5333406
2026-09-03 19:34:30 [INFO] Snapshot 2 taken. Total2: 5574644, Idle2: 5334227
2026-09-03 19:34:30 [INFO] CPU Usage calculated successfully: 0%
2026-09-03 19:34:30 [INFO] RAM Usage calculated successfully: 6%
2026-09-03 19:34:30 [INFO] Disk Usage calculated successfully: 1%
2026-09-03 19:34:31 [INFO] Analysis complete. System Status: OK
2026-09-03 19:34:34 [INFO] Snapshot 1 taken. Total1: 5577518, Idle1: 5337018
2026-09-03 19:34:35 [INFO] Snapshot 2 taken. Total2: 5578393, Idle2: 5337887
2026-09-03 19:34:35 [INFO] CPU Usage calculated successfully: 0%
2026-09-03 19:34:35 [INFO] RAM Usage calculated successfully: 6%
2026-09-03 19:34:35 [INFO] Disk Usage calculated successfully: 1%
2026-09-03 19:34:35 [INFO] Analysis complete. System Status: OK
2026-09-03 19:34:39 [INFO] Snapshot 1 taken. Total1: 5581254, Idle1: 5340664
2026-09-03 19:34:40 [INFO] Snapshot 2 taken. Total2: 5582084, Idle2: 5341489
2026-09-03 19:34:40 [INFO] CPU Usage calculated successfully: 0%
2026-09-03 19:34:40 [INFO] RAM Usage calculated successfully: 6%
2026-09-03 19:34:40 [INFO] Disk Usage calculated successfully: 1%
2026-09-03 19:34:40 [INFO] Analysis complete. System Status: OK
2026-09-03 19:34:43 [INFO] Snapshot 1 taken. Total1: 5584943, Idle1: 5344266
2026-09-03 19:34:44 [INFO] Snapshot 2 taken. Total2: 5585770, Idle2: 5345086
2026-09-03 19:34:44 [INFO] CPU Usage calculated successfully: 0%
2026-09-03 19:34:44 [INFO] RAM Usage calculated successfully: 6%
2026-09-03 19:34:44 [INFO] Disk Usage calculated successfully: 1%
2026-09-03 19:34:45 [INFO] Analysis complete. System Status: OK
2026-09-03 19:34:48 [INFO] Snapshot 1 taken. Total1: 5588640, Idle1: 5347876
2026-09-03 19:34:49 [INFO] Snapshot 2 taken. Total2: 5589471, Idle2: 5348701
2026-09-03 19:34:49 [INFO] CPU Usage calculated successfully: 0%
2026-09-03 19:34:49 [INFO] RAM Usage calculated successfully: 6%
2026-09-03 19:34:49 [INFO] Disk Usage calculated successfully: 1%
2026-09-03 19:34:49 [INFO] Analysis complete. System Status: OK
2026-09-03 19:34:52 [INFO] Snapshot 1 taken. Total1: 5592312, Idle1: 5351466
2026-09-03 19:34:53 [INFO] Snapshot 2 taken. Total2: 5593163, Idle2: 5352311
2026-09-03 19:34:53 [INFO] CPU Usage calculated successfully: 0%
2026-09-03 19:34:54 [INFO] RAM Usage calculated successfully: 6%
2026-09-03 19:34:54 [INFO] Disk Usage calculated successfully: 1%
2026-09-03 19:34:54 [INFO] Analysis complete. System Status: OK
2026-09-03 19:34:57 [INFO] Snapshot 1 taken. Total1: 5596025, Idle1: 5355093
2026-09-03 19:34:58 [INFO] Snapshot 2 taken. Total2: 5596851, Idle2: 5355914
2026-09-03 19:34:58 [INFO] CPU Usage calculated successfully: 0%
2026-09-03 19:34:58 [INFO] RAM Usage calculated successfully: 6%
2026-09-03 19:34:58 [INFO] Disk Usage calculated successfully: 1%
2026-09-03 19:34:58 [INFO] Analysis complete. System Status: OK
2026-09-03 19:35:02 [INFO] Snapshot 1 taken. Total1: 5599677, Idle1: 5358663
2026-09-03 19:35:03 [INFO] Snapshot 2 taken. Total2: 5600504, Idle2: 5359485
2026-09-03 19:35:03 [INFO] CPU Usage calculated successfully: 0%
2026-09-03 19:35:03 [INFO] RAM Usage calculated successfully: 6%
2026-09-03 19:35:03 [INFO] Disk Usage calculated successfully: 1%
2026-09-03 19:35:03 [INFO] Analysis complete. System Status: OK
2026-09-03 19:35:03 [INFO] Snapshot 1 taken. Total1: 5603333, Idle1: 5362240
2026-09-03 19:35:04 [INFO] Snapshot 2 taken. Total2: 5604159, Idle2: 5363062
2026-09-03 19:35:04 [INFO] CPU Usage calculated successfully: 0%
2026-09-03 19:35:05 [INFO] RAM Usage calculated successfully: 6%
2026-09-03 19:35:05 [INFO] Disk Usage calculated successfully: 1%
2026-09-03 19:35:05 [INFO] Analysis complete. System Status: OK
2026-09-03 19:35:08 [INFO] Snapshot 1 taken. Total1: 5606970, Idle1: 5365799
2026-09-03 19:35:09 [INFO] Snapshot 2 taken. Total2: 5607797, Idle2: 5366622
2026-09-03 19:35:09 [INFO] CPU Usage calculated successfully: 0%
2026-09-03 19:35:09 [INFO] RAM Usage calculated successfully: 6%
2026-09-03 19:35:09 [INFO] Disk Usage calculated successfully: 1%
2026-09-03 19:35:09 [INFO] Analysis complete. System Status: OK
2026-09-03 19:35:13 [INFO] Snapshot 1 taken. Total1: 5610643, Idle1: 5369392
2026-09-03 19:35:14 [INFO] Snapshot 2 taken. Total2: 5611472, Idle2: 5370215
2026-09-03 19:35:14 [INFO] CPU Usage calculated successfully: 0%
2026-09-03 19:35:14 [INFO] RAM Usage calculated successfully: 6%
2026-09-03 19:35:14 [INFO] Disk Usage calculated successfully: 1%
2026-09-03 19:35:14 [INFO] Analysis complete. System Status: OK
2026-09-03 19:35:17 [INFO] Snapshot 1 taken. Total1: 5614365, Idle1: 5373024
2026-09-03 19:35:18 [INFO] Snapshot 2 taken. Total2: 5615215, Idle2: 5373869
2026-09-03 19:35:18 [INFO] CPU Usage calculated successfully: 0%
2026-09-03 19:35:18 [INFO] RAM Usage calculated successfully: 6%
2026-09-03 19:35:18 [INFO] Disk Usage calculated successfully: 1%
2026-09-03 19:35:19 [INFO] Analysis complete. System Status: OK
2026-09-03 19:35:22 [INFO] Snapshot 1 taken. Total1: 5618070, Idle1: 5376648
2026-09-03 19:35:23 [INFO] Snapshot 2 taken. Total2: 5618898, Idle2: 5377470
2026-09-03 19:35:23 [INFO] CPU Usage calculated successfully: 0%
2026-09-03 19:35:23 [INFO] RAM Usage calculated successfully: 6%
2026-09-03 19:35:23 [INFO] Disk Usage calculated successfully: 1%
2026-09-03 19:35:23 [INFO] Analysis complete. System Status: OK
2026-09-03 19:35:26 [INFO] Snapshot 1 taken. Total1: 5621745, Idle1: 5380240
2026-09-03 19:35:27 [INFO] Snapshot 2 taken. Total2: 5622573, Idle2: 5381062
2026-09-03 19:35:28 [INFO] CPU Usage calculated successfully: 0%
2026-09-03 19:35:28 [INFO] RAM Usage calculated successfully: 6%
2026-09-03 19:35:28 [INFO] Disk Usage calculated successfully: 1%
2026-09-03 19:35:28 [INFO] Analysis complete. System Status: OK
2026-09-03 19:35:31 [INFO] Snapshot 1 taken. Total1: 5625434, Idle1: 5383846
2026-09-03 19:35:32 [INFO] Snapshot 2 taken. Total2: 5626262, Idle2: 5384669
2026-09-03 19:35:32 [INFO] CPU Usage calculated successfully: 0%
2026-09-03 19:35:32 [INFO] RAM Usage calculated successfully: 6%
2026-09-03 19:35:32 [INFO] Disk Usage calculated successfully: 1%
2026-09-03 19:35:33 [INFO] Analysis complete. System Status: OK
2026-09-03 19:35:36 [INFO] Snapshot 1 taken. Total1: 5629146, Idle1: 5387477
2026-09-03 19:35:37 [INFO] Snapshot 2 taken. Total2: 5630018, Idle2: 5388344
2026-09-03 19:35:37 [INFO] CPU Usage calculated successfully: 0%
2026-09-03 19:35:37 [INFO] RAM Usage calculated successfully: 6%
2026-09-03 19:35:37 [INFO] Disk Usage calculated successfully: 1%
2026-09-03 19:35:37 [INFO] Analysis complete. System Status: OK
2026-09-03 19:35:40 [INFO] Snapshot 1 taken. Total1: 5632864, Idle1: 5391111
2026-09-03 19:35:41 [INFO] Snapshot 2 taken. Total2: 5633694, Idle2: 5391937
2026-09-03 19:35:41 [INFO] CPU Usage calculated successfully: 0%
2026-09-03 19:35:42 [INFO] RAM Usage calculated successfully: 6%
2026-09-03 19:35:42 [INFO] Disk Usage calculated successfully: 1%
2026-09-03 19:35:42 [INFO] Analysis complete. System Status: OK
2026-09-03 19:35:45 [INFO] Snapshot 1 taken. Total1: 5636582, Idle1: 5394749
2026-09-03 19:35:46 [INFO] Snapshot 2 taken. Total2: 5637412, Idle2: 5395573
2026-09-03 19:35:46 [INFO] CPU Usage calculated successfully: 0%
2026-09-03 19:35:46 [INFO] RAM Usage calculated successfully: 6%
2026-09-03 19:35:46 [INFO] Disk Usage calculated successfully: 1%
2026-09-03 19:35:46 [INFO] Analysis complete. System Status: OK
2026-09-03 19:35:50 [INFO] Snapshot 1 taken. Total1: 5640176, Idle1: 5398270
2026-09-03 19:35:51 [INFO] Snapshot 2 taken. Total2: 5641005, Idle2: 5399093
2026-09-03 19:35:51 [INFO] CPU Usage calculated successfully: 0%
2026-09-03 19:35:51 [INFO] RAM Usage calculated successfully: 6%
2026-09-03 19:35:51 [INFO] Disk Usage calculated successfully: 1%
2026-09-03 19:35:51 [INFO] Analysis complete. System Status: OK
2026-09-03 19:35:54 [INFO] Snapshot 1 taken. Total1: 5643854, Idle1: 5401862
2026-09-03 19:35:55 [INFO] Snapshot 2 taken. Total2: 5644697, Idle2: 5402701
2026-09-03 19:35:55 [INFO] CPU Usage calculated successfully: 0%
2026-09-03 19:35:55 [INFO] RAM Usage calculated successfully: 6%
2026-09-03 19:35:55 [INFO] Disk Usage calculated successfully: 1%
2026-09-03 19:35:56 [INFO] Analysis complete. System Status: OK
2026-09-03 19:35:59 [INFO] Snapshot 1 taken. Total1: 5647546, Idle1: 5405472
2026-09-03 19:36:00 [INFO] Snapshot 2 taken. Total2: 5648401, Idle2: 5406322
2026-09-03 19:36:00 [INFO] CPU Usage calculated successfully: 0%
2026-09-03 19:36:00 [INFO] RAM Usage calculated successfully: 6%
2026-09-03 19:36:00 [INFO] Disk Usage calculated successfully: 1%
2026-09-03 19:36:00 [INFO] Analysis complete. System Status: OK
2026-09-03 19:36:03 [INFO] Snapshot 1 taken. Total1: 5651235, Idle1: 5409080
2026-09-03 19:36:04 [INFO] Snapshot 2 taken. Total2: 5652061, Idle2: 5409900
2026-09-03 19:36:04 [INFO] CPU Usage calculated successfully: 0%
2026-09-03 19:36:05 [INFO] RAM Usage calculated successfully: 6%
2026-09-03 19:36:05 [INFO] Disk Usage calculated successfully: 1%
2026-09-03 19:36:05 [INFO] Analysis complete. System Status: OK
2026-09-03 19:36:08 [INFO] Snapshot 1 taken. Total1: 5654864, Idle1: 5412630
2026-09-03 19:36:09 [INFO] Snapshot 2 taken. Total2: 5655688, Idle2: 5413449
2026-09-03 19:36:09 [INFO] CPU Usage calculated successfully: 0%
2026-09-03 19:36:09 [INFO] RAM Usage calculated successfully: 6%
2026-09-03 19:36:09 [INFO] Disk Usage calculated successfully: 1%
2026-09-03 19:36:09 [INFO] Analysis complete. System Status: OK
2026-09-03 19:36:10 [INFO] Snapshot 1 taken. Total1: 5658494, Idle1: 5416181
2026-09-03 19:36:11 [INFO] Snapshot 2 taken. Total2: 5659318, Idle2: 5417000
2026-09-03 19:36:11 [INFO] CPU Usage calculated successfully: 0%
2026-09-03 19:36:11 [INFO] RAM Usage calculated successfully: 6%
2026-09-03 19:36:11 [INFO] Disk Usage calculated successfully: 1%
2026-09-03 19:36:11 [INFO] Analysis complete. System Status: OK
2026-09-03 19:36:14 [INFO] Snapshot 1 taken. Total1: 5662075, Idle1: 5419693
2026-09-03 19:36:15 [INFO] Snapshot 2 taken. Total2: 5662900, Idle2: 5420513
2026-09-03 19:36:15 [INFO] CPU Usage calculated successfully: 0%
2026-09-03 19:36:15 [INFO] RAM Usage calculated successfully: 6%
2026-09-03 19:36:15 [INFO] Disk Usage calculated successfully: 1%
2026-09-03 19:36:16 [INFO] Analysis complete. System Status: OK
2026-09-03 19:36:19 [INFO] Snapshot 1 taken. Total1: 5665689, Idle1: 5423234
2026-09-03 19:36:20 [INFO] Snapshot 2 taken. Total2: 5666512, Idle2: 5424052
2026-09-03 19:36:20 [INFO] CPU Usage calculated successfully: 0%
2026-09-03 19:36:20 [INFO] RAM Usage calculated successfully: 6%
2026-09-03 19:36:20 [INFO] Disk Usage calculated successfully: 1%
2026-09-03 19:36:20 [INFO] Analysis complete. System Status: OK
2026-09-03 19:36:23 [INFO] Snapshot 1 taken. Total1: 5669303, Idle1: 5426772
2026-09-03 19:36:24 [INFO] Snapshot 2 taken. Total2: 5670128, Idle2: 5427592
2026-09-03 19:36:24 [INFO] CPU Usage calculated successfully: 0%
2026-09-03 19:36:24 [INFO] RAM Usage calculated successfully: 6%
2026-09-03 19:36:25 [INFO] Disk Usage calculated successfully: 1%
2026-09-03 19:36:25 [INFO] Analysis complete. System Status: OK
2026-09-03 19:36:28 [INFO] Snapshot 1 taken. Total1: 5672923, Idle1: 5430315
2026-09-03 19:36:29 [INFO] Snapshot 2 taken. Total2: 5673749, Idle2: 5431135
2026-09-03 19:36:29 [INFO] CPU Usage calculated successfully: 0%
2026-09-03 19:36:29 [INFO] RAM Usage calculated successfully: 6%
2026-09-03 19:36:29 [INFO] Disk Usage calculated successfully: 1%
2026-09-03 19:36:29 [INFO] Analysis complete. System Status: OK
2026-09-03 19:36:32 [INFO] Snapshot 1 taken. Total1: 5676570, Idle1: 5433884
2026-09-03 19:36:33 [INFO] Snapshot 2 taken. Total2: 5677397, Idle2: 5434706
2026-09-03 19:36:33 [INFO] CPU Usage calculated successfully: 0%
2026-09-03 19:36:34 [INFO] RAM Usage calculated successfully: 6%
2026-09-03 19:36:34 [INFO] Disk Usage calculated successfully: 1%
2026-09-03 19:36:34 [INFO] Analysis complete. System Status: OK
2026-09-03 19:36:37 [INFO] Snapshot 1 taken. Total1: 5680258, Idle1: 5437496
2026-09-03 19:36:38 [INFO] Snapshot 2 taken. Total2: 5681095, Idle2: 5438327
2026-09-03 19:36:38 [INFO] CPU Usage calculated successfully: 0%
2026-09-03 19:36:38 [INFO] RAM Usage calculated successfully: 6%
2026-09-03 19:36:38 [INFO] Disk Usage calculated successfully: 1%
2026-09-03 19:36:39 [INFO] Analysis complete. System Status: OK
2026-09-03 19:36:43 [INFO] Snapshot 1 taken. Total1: 5683951, Idle1: 5441101
2026-09-03 19:36:44 [INFO] Snapshot 2 taken. Total2: 5684786, Idle2: 5441931
2026-09-03 19:36:44 [INFO] CPU Usage calculated successfully: 0%
2026-09-03 19:36:44 [INFO] RAM Usage calculated successfully: 6%
2026-09-03 19:36:44 [INFO] Disk Usage calculated successfully: 1%
2026-09-03 19:36:44 [INFO] Analysis complete. System Status: OK
2026-09-03 19:36:47 [INFO] Snapshot 1 taken. Total1: 5687650, Idle1: 5444714
2026-09-03 19:36:48 [INFO] Snapshot 2 taken. Total2: 5688480, Idle2: 5445539
2026-09-03 19:36:48 [INFO] CPU Usage calculated successfully: 0%
2026-09-03 19:36:49 [INFO] RAM Usage calculated successfully: 6%
2026-09-03 19:36:49 [INFO] Disk Usage calculated successfully: 1%
2026-09-03 19:36:49 [INFO] Analysis complete. System Status: OK
2026-09-03 19:36:52 [INFO] Snapshot 1 taken. Total1: 5691349, Idle1: 5448325
2026-09-03 19:36:53 [INFO] Snapshot 2 taken. Total2: 5692196, Idle2: 5449168
2026-09-03 19:36:53 [INFO] CPU Usage calculated successfully: 0%
2026-09-03 19:36:53 [INFO] RAM Usage calculated successfully: 6%
2026-09-03 19:36:53 [INFO] Disk Usage calculated successfully: 1%
2026-09-03 19:36:54 [INFO] Analysis complete. System Status: OK
2026-09-03 19:36:57 [INFO] Snapshot 1 taken. Total1: 5695100, Idle1: 5451993
2026-09-03 19:36:58 [INFO] Snapshot 2 taken. Total2: 5695934, Idle2: 5452820
2026-09-03 19:36:58 [INFO] CPU Usage calculated successfully: 0%
2026-09-03 19:36:58 [INFO] RAM Usage calculated successfully: 6%
2026-09-03 19:36:58 [INFO] Disk Usage calculated successfully: 1%
2026-09-03 19:36:58 [INFO] Analysis complete. System Status: OK
2026-09-03 19:37:01 [INFO] Snapshot 1 taken. Total1: 5698772, Idle1: 5455583
2026-09-03 19:37:02 [INFO] Snapshot 2 taken. Total2: 5699588, Idle2: 5456396
2026-09-03 19:37:02 [INFO] CPU Usage calculated successfully: 0%
2026-09-03 19:37:03 [INFO] RAM Usage calculated successfully: 6%
2026-09-03 19:37:03 [INFO] Disk Usage calculated successfully: 1%
2026-09-03 19:37:03 [INFO] Analysis complete. System Status: OK
2026-09-03 19:37:06 [INFO] Snapshot 1 taken. Total1: 5702405, Idle1: 5459141
2026-09-03 19:37:07 [INFO] Snapshot 2 taken. Total2: 5703230, Idle2: 5459961
2026-09-03 19:37:07 [INFO] CPU Usage calculated successfully: 0%
2026-09-03 19:37:07 [INFO] RAM Usage calculated successfully: 6%
2026-09-03 19:37:07 [INFO] Disk Usage calculated successfully: 1%
2026-09-03 19:37:07 [INFO] Analysis complete. System Status: OK
2026-09-03 19:37:10 [INFO] Snapshot 1 taken. Total1: 5706044, Idle1: 5462703
2026-09-03 19:37:12 [INFO] Snapshot 2 taken. Total2: 5706869, Idle2: 5463524
2026-09-03 19:37:12 [INFO] CPU Usage calculated successfully: 0%
2026-09-03 19:37:12 [INFO] RAM Usage calculated successfully: 6%
2026-09-03 19:37:12 [INFO] Disk Usage calculated successfully: 1%
2026-09-03 19:37:12 [INFO] Analysis complete. System Status: OK
2026-09-03 19:37:14 [INFO] Snapshot 1 taken. Total1: 5709655, Idle1: 5466240
2026-09-03 19:37:15 [INFO] Snapshot 2 taken. Total2: 5710480, Idle2: 5467059
2026-09-03 19:37:15 [INFO] CPU Usage calculated successfully: 0%
2026-09-03 19:37:15 [INFO] RAM Usage calculated successfully: 6%
2026-09-03 19:37:15 [INFO] Disk Usage calculated successfully: 1%
2026-09-03 19:37:15 [INFO] Analysis complete. System Status: OK
2026-09-03 19:37:18 [INFO] Snapshot 1 taken. Total1: 5713295, Idle1: 5469802
2026-09-03 19:37:20 [INFO] Snapshot 2 taken. Total2: 5714124, Idle2: 5470626
2026-09-03 19:37:20 [INFO] CPU Usage calculated successfully: 0%
2026-09-03 19:37:20 [INFO] RAM Usage calculated successfully: 6%
2026-09-03 19:37:20 [INFO] Disk Usage calculated successfully: 1%
2026-09-03 19:37:20 [INFO] Analysis complete. System Status: OK
2026-09-03 19:37:23 [INFO] Snapshot 1 taken. Total1: 5716954, Idle1: 5473381
2026-09-03 19:37:24 [INFO] Snapshot 2 taken. Total2: 5717779, Idle2: 5474201
2026-09-03 19:37:24 [INFO] CPU Usage calculated successfully: 0%
2026-09-03 19:37:24 [INFO] RAM Usage calculated successfully: 6%
2026-09-03 19:37:24 [INFO] Disk Usage calculated successfully: 1%
2026-09-03 19:37:25 [INFO] Analysis complete. System Status: OK
2026-09-03 19:37:28 [INFO] Snapshot 1 taken. Total1: 5720614, Idle1: 5476959
2026-09-03 19:37:29 [INFO] Snapshot 2 taken. Total2: 5721451, Idle2: 5477791
2026-09-03 19:37:29 [INFO] CPU Usage calculated successfully: 0%
2026-09-03 19:37:29 [INFO] RAM Usage calculated successfully: 6%
2026-09-03 19:37:29 [INFO] Disk Usage calculated successfully: 1%
2026-09-03 19:37:29 [INFO] Analysis complete. System Status: OK
2026-09-03 19:37:32 [INFO] Snapshot 1 taken. Total1: 5724333, Idle1: 5480591
2026-09-03 19:37:33 [INFO] Snapshot 2 taken. Total2: 5725162, Idle2: 5481415
2026-09-03 19:37:33 [INFO] CPU Usage calculated successfully: 0%
2026-09-03 19:37:33 [INFO] RAM Usage calculated successfully: 6%
2026-09-03 19:37:34 [INFO] Disk Usage calculated successfully: 1%
2026-09-03 19:37:34 [INFO] Analysis complete. System Status: OK
2026-09-03 19:37:37 [INFO] Snapshot 1 taken. Total1: 5728010, Idle1: 5484186
2026-09-03 19:37:38 [INFO] Snapshot 2 taken. Total2: 5728845, Idle2: 5485016
2026-09-03 19:37:38 [INFO] CPU Usage calculated successfully: 0%
2026-09-03 19:37:38 [INFO] RAM Usage calculated successfully: 6%
2026-09-03 19:37:38 [INFO] Disk Usage calculated successfully: 1%
2026-09-03 19:37:38 [INFO] Analysis complete. System Status: OK
2026-09-03 19:37:42 [INFO] Snapshot 1 taken. Total1: 5731715, Idle1: 5487805
2026-09-03 19:37:43 [INFO] Snapshot 2 taken. Total2: 5732546, Idle2: 5488630
2026-09-03 19:37:43 [INFO] CPU Usage calculated successfully: 0%
2026-09-03 19:37:43 [INFO] RAM Usage calculated successfully: 6%
2026-09-03 19:37:43 [INFO] Disk Usage calculated successfully: 1%
2026-09-03 19:37:43 [INFO] Analysis complete. System Status: OK
2026-09-03 19:37:45 [INFO] Snapshot 1 taken. Total1: 5735400, Idle1: 5491406
2026-09-03 19:37:46 [INFO] Snapshot 2 taken. Total2: 5736230, Idle2: 5492229
2026-09-03 19:37:46 [INFO] CPU Usage calculated successfully: 0%
2026-09-03 19:37:46 [INFO] RAM Usage calculated successfully: 6%
2026-09-03 19:37:46 [INFO] Disk Usage calculated successfully: 1%
2026-09-03 19:37:46 [INFO] Analysis complete. System Status: OK
2026-09-03 19:37:49 [INFO] Snapshot 1 taken. Total1: 5739070, Idle1: 5494993
2026-09-03 19:37:50 [INFO] Snapshot 2 taken. Total2: 5739897, Idle2: 5495815
2026-09-03 19:37:50 [INFO] CPU Usage calculated successfully: 0%
2026-09-03 19:37:50 [INFO] RAM Usage calculated successfully: 6%
2026-09-03 19:37:51 [INFO] Disk Usage calculated successfully: 1%
2026-09-03 19:37:51 [INFO] Analysis complete. System Status: OK
2026-09-03 19:37:54 [INFO] Snapshot 1 taken. Total1: 5742747, Idle1: 5498588
2026-09-03 19:37:55 [INFO] Snapshot 2 taken. Total2: 5743579, Idle2: 5499413
2026-09-03 19:37:55 [INFO] CPU Usage calculated successfully: 0%
2026-09-03 19:37:55 [INFO] RAM Usage calculated successfully: 6%
2026-09-03 19:37:55 [INFO] Disk Usage calculated successfully: 1%
2026-09-03 19:37:55 [INFO] Analysis complete. System Status: OK
2026-09-03 19:37:59 [INFO] Snapshot 1 taken. Total1: 5746431, Idle1: 5502186
2026-09-03 19:38:00 [INFO] Snapshot 2 taken. Total2: 5747270, Idle2: 5503020
2026-09-03 19:38:00 [INFO] CPU Usage calculated successfully: 0%
2026-09-03 19:38:00 [INFO] RAM Usage calculated successfully: 6%
2026-09-03 19:38:00 [INFO] Disk Usage calculated successfully: 1%
2026-09-03 19:38:00 [INFO] Analysis complete. System Status: OK
2026-09-03 19:38:03 [INFO] Snapshot 1 taken. Total1: 5750163, Idle1: 5505833
2026-09-03 19:38:04 [INFO] Snapshot 2 taken. Total2: 5751046, Idle2: 5506711
2026-09-03 19:38:04 [INFO] CPU Usage calculated successfully: 0%
2026-09-03 19:38:04 [INFO] RAM Usage calculated successfully: 6%
2026-09-03 19:38:05 [INFO] Disk Usage calculated successfully: 1%
2026-09-03 19:38:05 [INFO] Analysis complete. System Status: OK
2026-09-03 19:38:08 [INFO] Snapshot 1 taken. Total1: 5753957, Idle1: 5509546
2026-09-03 19:38:09 [INFO] Snapshot 2 taken. Total2: 5754802, Idle2: 5510384
2026-09-03 19:38:09 [INFO] CPU Usage calculated successfully: 0%
2026-09-03 19:38:09 [INFO] RAM Usage calculated successfully: 6%
2026-09-03 19:38:09 [INFO] Disk Usage calculated successfully: 1%
2026-09-03 19:38:09 [INFO] Analysis complete. System Status: OK
2026-09-03 19:38:12 [INFO] Snapshot 1 taken. Total1: 5757543, Idle1: 5513062
2026-09-03 19:38:14 [INFO] Snapshot 2 taken. Total2: 5758371, Idle2: 5513885
2026-09-03 19:38:14 [INFO] CPU Usage calculated successfully: 0%
2026-09-03 19:38:14 [INFO] RAM Usage calculated successfully: 6%
2026-09-03 19:38:14 [INFO] Disk Usage calculated successfully: 1%
2026-09-03 19:38:14 [INFO] Analysis complete. System Status: OK
2026-09-03 19:38:15 [INFO] Snapshot 1 taken. Total1: 5761203, Idle1: 5516641
2026-09-03 19:38:17 [INFO] Snapshot 2 taken. Total2: 5762031, Idle2: 5517464
2026-09-03 19:38:17 [INFO] CPU Usage calculated successfully: 0%
2026-09-03 19:38:17 [INFO] RAM Usage calculated successfully: 6%
2026-09-03 19:38:17 [INFO] Disk Usage calculated successfully: 1%
2026-09-03 19:38:17 [INFO] Analysis complete. System Status: OK
2026-09-03 19:38:20 [INFO] Snapshot 1 taken. Total1: 5764846, Idle1: 5520206
2026-09-03 19:38:21 [INFO] Snapshot 2 taken. Total2: 5765672, Idle2: 5521028
2026-09-03 19:38:21 [INFO] CPU Usage calculated successfully: 0%
2026-09-03 19:38:21 [INFO] RAM Usage calculated successfully: 6%
2026-09-03 19:38:21 [INFO] Disk Usage calculated successfully: 1%
2026-09-03 19:38:22 [INFO] Analysis complete. System Status: OK
2026-09-03 19:38:25 [INFO] Snapshot 1 taken. Total1: 5768525, Idle1: 5523810
2026-09-03 19:38:26 [INFO] Snapshot 2 taken. Total2: 5769344, Idle2: 5524626
2026-09-03 19:38:26 [INFO] CPU Usage calculated successfully: 0%
2026-09-03 19:38:26 [INFO] RAM Usage calculated successfully: 6%
2026-09-03 19:38:26 [INFO] Disk Usage calculated successfully: 1%
2026-09-03 19:38:26 [INFO] Analysis complete. System Status: OK
2026-09-03 19:38:29 [INFO] Snapshot 1 taken. Total1: 5772160, Idle1: 5527368
2026-09-03 19:38:30 [INFO] Snapshot 2 taken. Total2: 5772996, Idle2: 5528203
2026-09-03 19:38:30 [INFO] CPU Usage calculated successfully: 0%
2026-09-03 19:38:30 [INFO] RAM Usage calculated successfully: 6%
2026-09-03 19:38:30 [INFO] Disk Usage calculated successfully: 1%
2026-09-03 19:38:31 [INFO] Analysis complete. System Status: OK
2026-09-03 19:38:34 [INFO] Snapshot 1 taken. Total1: 5775791, Idle1: 5530934
2026-09-03 19:38:35 [INFO] Snapshot 2 taken. Total2: 5776619, Idle2: 5531756
2026-09-03 19:38:35 [INFO] CPU Usage calculated successfully: 0%
2026-09-03 19:38:35 [INFO] RAM Usage calculated successfully: 6%
2026-09-03 19:38:35 [INFO] Disk Usage calculated successfully: 1%
2026-09-03 19:38:35 [INFO] Analysis complete. System Status: OK
2026-09-03 19:38:38 [INFO] Snapshot 1 taken. Total1: 5779480, Idle1: 5534534
2026-09-03 19:38:39 [INFO] Snapshot 2 taken. Total2: 5780308, Idle2: 5535357
2026-09-03 19:38:39 [INFO] CPU Usage calculated successfully: 0%
2026-09-03 19:38:40 [INFO] RAM Usage calculated successfully: 6%
2026-09-03 19:38:40 [INFO] Disk Usage calculated successfully: 1%
2026-09-03 19:38:40 [INFO] Analysis complete. System Status: OK
2026-09-03 19:38:43 [INFO] Snapshot 1 taken. Total1: 5783137, Idle1: 5538111
2026-09-03 19:38:44 [INFO] Snapshot 2 taken. Total2: 5783982, Idle2: 5538951
2026-09-03 19:38:44 [INFO] CPU Usage calculated successfully: 0%
2026-09-03 19:38:44 [INFO] RAM Usage calculated successfully: 6%
2026-09-03 19:38:44 [INFO] Disk Usage calculated successfully: 1%
2026-09-03 19:38:44 [INFO] Analysis complete. System Status: OK
2026-09-03 19:38:46 [INFO] Snapshot 1 taken. Total1: 5786820, Idle1: 5541716
2026-09-03 19:38:47 [INFO] Snapshot 2 taken. Total2: 5787648, Idle2: 5542539
2026-09-03 19:38:47 [INFO] CPU Usage calculated successfully: 0%
2026-09-03 19:38:47 [INFO] RAM Usage calculated successfully: 6%
2026-09-03 19:38:47 [INFO] Disk Usage calculated successfully: 1%
2026-09-03 19:38:47 [INFO] Analysis complete. System Status: OK
2026-09-03 19:38:50 [INFO] Snapshot 1 taken. Total1: 5790488, Idle1: 5545301
2026-09-03 19:38:52 [INFO] Snapshot 2 taken. Total2: 5791312, Idle2: 5546120
2026-09-03 19:38:52 [INFO] CPU Usage calculated successfully: 0%
2026-09-03 19:38:52 [INFO] RAM Usage calculated successfully: 6%
2026-09-03 19:38:52 [INFO] Disk Usage calculated successfully: 1%
2026-09-03 19:38:52 [INFO] Analysis complete. System Status: OK
2026-09-03 19:38:55 [INFO] Snapshot 1 taken. Total1: 5794134, Idle1: 5548866
2026-09-03 19:38:56 [INFO] Snapshot 2 taken. Total2: 5794972, Idle2: 5549700
2026-09-03 19:38:56 [INFO] CPU Usage calculated successfully: 0%
2026-09-03 19:38:56 [INFO] RAM Usage calculated successfully: 6%
2026-09-03 19:38:56 [INFO] Disk Usage calculated successfully: 1%
2026-09-03 19:38:57 [INFO] Analysis complete. System Status: OK
2026-09-03 19:39:00 [INFO] Snapshot 1 taken. Total1: 5797828, Idle1: 5552474
2026-09-03 19:39:01 [INFO] Snapshot 2 taken. Total2: 5798665, Idle2: 5553305
2026-09-03 19:39:01 [INFO] CPU Usage calculated successfully: 0%
2026-09-03 19:39:01 [INFO] RAM Usage calculated successfully: 6%
2026-09-03 19:39:01 [INFO] Disk Usage calculated successfully: 1%
2026-09-03 19:39:01 [INFO] Analysis complete. System Status: OK
2026-09-03 19:39:04 [INFO] Snapshot 1 taken. Total1: 5801568, Idle1: 5556132
2026-09-03 19:39:05 [INFO] Snapshot 2 taken. Total2: 5802394, Idle2: 5556953
2026-09-03 19:39:05 [INFO] CPU Usage calculated successfully: 0%
2026-09-03 19:39:06 [INFO] RAM Usage calculated successfully: 6%
2026-09-03 19:39:06 [INFO] Disk Usage calculated successfully: 1%
2026-09-03 19:39:06 [INFO] Analysis complete. System Status: OK
2026-09-03 19:39:09 [INFO] Snapshot 1 taken. Total1: 5805259, Idle1: 5559732
2026-09-03 19:39:10 [INFO] Snapshot 2 taken. Total2: 5806150, Idle2: 5560617
2026-09-03 19:39:10 [INFO] CPU Usage calculated successfully: 0%
2026-09-03 19:39:10 [INFO] RAM Usage calculated successfully: 6%
2026-09-03 19:39:10 [INFO] Disk Usage calculated successfully: 1%
2026-09-03 19:39:11 [INFO] Analysis complete. System Status: OK
2026-09-03 19:39:14 [INFO] Snapshot 1 taken. Total1: 5809006, Idle1: 5563394
2026-09-03 19:39:15 [INFO] Snapshot 2 taken. Total2: 5809844, Idle2: 5564226
2026-09-03 19:39:15 [INFO] CPU Usage calculated successfully: 0%
2026-09-03 19:39:15 [INFO] RAM Usage calculated successfully: 6%
2026-09-03 19:39:15 [INFO] Disk Usage calculated successfully: 1%
2026-09-03 19:39:15 [INFO] Analysis complete. System Status: OK
2026-09-03 19:39:17 [INFO] Snapshot 1 taken. Total1: 5812695, Idle1: 5566996
2026-09-03 19:39:18 [INFO] Snapshot 2 taken. Total2: 5813542, Idle2: 5567837
2026-09-03 19:39:18 [INFO] CPU Usage calculated successfully: 0%
2026-09-03 19:39:18 [INFO] RAM Usage calculated successfully: 6%
2026-09-03 19:39:18 [INFO] Disk Usage calculated successfully: 1%
2026-09-03 19:39:18 [INFO] Analysis complete. System Status: OK
2026-09-03 19:39:21 [INFO] Snapshot 1 taken. Total1: 5816437, Idle1: 5570656
2026-09-03 19:39:22 [INFO] Snapshot 2 taken. Total2: 5817265, Idle2: 5571478
2026-09-03 19:39:22 [INFO] CPU Usage calculated successfully: 0%
2026-09-03 19:39:23 [INFO] RAM Usage calculated successfully: 6%
2026-09-03 19:39:23 [INFO] Disk Usage calculated successfully: 1%
2026-09-03 19:39:23 [INFO] Analysis complete. System Status: OK
2026-09-03 19:39:26 [INFO] Snapshot 1 taken. Total1: 5820119, Idle1: 5574256
2026-09-03 19:39:27 [INFO] Snapshot 2 taken. Total2: 5820990, Idle2: 5575122
2026-09-03 19:39:27 [INFO] CPU Usage calculated successfully: 0%
2026-09-03 19:39:27 [INFO] RAM Usage calculated successfully: 6%
2026-09-03 19:39:27 [INFO] Disk Usage calculated successfully: 1%
2026-09-03 19:39:28 [INFO] Analysis complete. System Status: OK
2026-09-03 19:39:31 [INFO] Snapshot 1 taken. Total1: 5823872, Idle1: 5577924
2026-09-03 19:39:32 [INFO] Snapshot 2 taken. Total2: 5824748, Idle2: 5578795
2026-09-03 19:39:32 [INFO] CPU Usage calculated successfully: 0%
2026-09-03 19:39:32 [INFO] RAM Usage calculated successfully: 6%
2026-09-03 19:39:32 [INFO] Disk Usage calculated successfully: 1%
2026-09-03 19:39:32 [INFO] Analysis complete. System Status: OK
2026-09-03 19:39:35 [INFO] Snapshot 1 taken. Total1: 5827606, Idle1: 5581573
2026-09-03 19:39:36 [INFO] Snapshot 2 taken. Total2: 5828439, Idle2: 5582401
2026-09-03 19:39:36 [INFO] CPU Usage calculated successfully: 0%
2026-09-03 19:39:37 [INFO] RAM Usage calculated successfully: 6%
2026-09-03 19:39:37 [INFO] Disk Usage calculated successfully: 1%
2026-09-03 19:39:37 [INFO] Analysis complete. System Status: OK
2026-09-03 19:39:40 [INFO] Snapshot 1 taken. Total1: 5831296, Idle1: 5585176
2026-09-03 19:39:41 [INFO] Snapshot 2 taken. Total2: 5832127, Idle2: 5586002
2026-09-03 19:39:41 [INFO] CPU Usage calculated successfully: 0%
2026-09-03 19:39:41 [INFO] RAM Usage calculated successfully: 6%
2026-09-03 19:39:41 [INFO] Disk Usage calculated successfully: 1%
2026-09-03 19:39:41 [INFO] Analysis complete. System Status: OK
2026-09-03 19:39:45 [INFO] Snapshot 1 taken. Total1: 5834927, Idle1: 5588732
2026-09-03 19:39:46 [INFO] Snapshot 2 taken. Total2: 5835738, Idle2: 5589541
2026-09-03 19:39:46 [INFO] CPU Usage calculated successfully: 0%
2026-09-03 19:39:46 [INFO] RAM Usage calculated successfully: 6%
2026-09-03 19:39:46 [INFO] Disk Usage calculated successfully: 1%
2026-09-03 19:39:46 [INFO] Analysis complete. System Status: OK
2026-09-03 19:39:47 [INFO] Snapshot 1 taken. Total1: 5838566, Idle1: 5592293
2026-09-03 19:39:48 [INFO] Snapshot 2 taken. Total2: 5839394, Idle2: 5593115
2026-09-03 19:39:48 [INFO] CPU Usage calculated successfully: 0%
2026-09-03 19:39:49 [INFO] RAM Usage calculated successfully: 6%
2026-09-03 19:39:49 [INFO] Disk Usage calculated successfully: 1%
2026-09-03 19:39:49 [INFO] Analysis complete. System Status: OK
2026-09-03 19:39:52 [INFO] Snapshot 1 taken. Total1: 5842218, Idle1: 5595865
2026-09-03 19:39:53 [INFO] Snapshot 2 taken. Total2: 5843043, Idle2: 5596686
2026-09-03 19:39:53 [INFO] CPU Usage calculated successfully: 0%
2026-09-03 19:39:53 [INFO] RAM Usage calculated successfully: 6%
2026-09-03 19:39:53 [INFO] Disk Usage calculated successfully: 1%
2026-09-03 19:39:53 [INFO] Analysis complete. System Status: OK
2026-09-03 19:39:57 [INFO] Snapshot 1 taken. Total1: 5845936, Idle1: 5599497
2026-09-03 19:39:58 [INFO] Snapshot 2 taken. Total2: 5846753, Idle2: 5600311
2026-09-03 19:39:58 [INFO] CPU Usage calculated successfully: 0%
2026-09-03 19:39:58 [INFO] RAM Usage calculated successfully: 6%
2026-09-03 19:39:58 [INFO] Disk Usage calculated successfully: 1%
2026-09-03 19:39:58 [INFO] Analysis complete. System Status: OK
2026-09-03 19:40:01 [INFO] Snapshot 1 taken. Total1: 5849600, Idle1: 5603078
2026-09-03 19:40:02 [INFO] Snapshot 2 taken. Total2: 5850452, Idle2: 5603918
2026-09-03 19:40:02 [INFO] CPU Usage calculated successfully: 1%
2026-09-03 19:40:02 [INFO] RAM Usage calculated successfully: 6%
2026-09-03 19:40:02 [INFO] Disk Usage calculated successfully: 1%
2026-09-03 19:40:02 [INFO] Analysis complete. System Status: OK
2026-09-03 19:40:06 [INFO] Snapshot 1 taken. Total1: 5853021, Idle1: 5606447
2026-09-03 19:40:07 [INFO] Snapshot 2 taken. Total2: 5853867, Idle2: 5607289
2026-09-03 19:40:07 [INFO] CPU Usage calculated successfully: 0%
2026-09-03 19:40:07 [INFO] RAM Usage calculated successfully: 6%
2026-09-03 19:40:07 [INFO] Disk Usage calculated successfully: 1%
2026-09-03 19:40:07 [INFO] Analysis complete. System Status: OK
2026-09-03 19:40:11 [INFO] Snapshot 1 taken. Total1: 5857294, Idle1: 5610654
2026-09-03 20:03:08 [INFO] Snapshot 2 taken. Total2: 5857999, Idle2: 5611314
2026-09-03 20:03:08 [INFO] CPU Usage calculated successfully: 6%
2026-09-03 20:03:08 [INFO] RAM Usage calculated successfully: 6%
2026-09-03 20:03:09 [INFO] Disk Usage calculated successfully: 1%
2026-09-03 20:03:09 [INFO] Analysis complete. System Status: OK
2026-09-03 20:03:13 [INFO] Snapshot 1 taken. Total1: 5861349, Idle1: 5614415
2026-09-03 20:03:14 [INFO] Snapshot 2 taken. Total2: 5862187, Idle2: 5615247
2026-09-03 20:03:14 [INFO] CPU Usage calculated successfully: 0%
2026-09-03 20:03:14 [INFO] RAM Usage calculated successfully: 6%
2026-09-03 20:03:14 [INFO] Disk Usage calculated successfully: 1%
2026-09-03 20:03:14 [INFO] Analysis complete. System Status: OK
2026-09-03 20:03:17 [INFO] Snapshot 1 taken. Total1: 5865021, Idle1: 5618001
2026-09-03 20:03:18 [INFO] Snapshot 2 taken. Total2: 5865839, Idle2: 5618816
2026-09-03 20:03:18 [INFO] CPU Usage calculated successfully: 0%
2026-09-03 20:03:18 [INFO] RAM Usage calculated successfully: 6%
2026-09-03 20:03:18 [INFO] Disk Usage calculated successfully: 1%
2026-09-03 20:03:19 [INFO] Analysis complete. System Status: OK
2026-09-03 20:03:22 [INFO] Snapshot 1 taken. Total1: 5868547, Idle1: 5621469
2026-09-03 20:03:23 [INFO] Snapshot 2 taken. Total2: 5869362, Idle2: 5622281
2026-09-03 20:03:23 [INFO] CPU Usage calculated successfully: 0%
2026-09-03 20:03:23 [INFO] RAM Usage calculated successfully: 6%
2026-09-03 20:03:23 [INFO] Disk Usage calculated successfully: 1%
2026-09-03 20:03:23 [INFO] Analysis complete. System Status: OK
2026-09-03 20:03:26 [INFO] Snapshot 1 taken. Total1: 5872023, Idle1: 5624896
2026-09-03 20:03:27 [INFO] Snapshot 2 taken. Total2: 5872840, Idle2: 5625710
2026-09-03 20:03:27 [INFO] CPU Usage calculated successfully: 0%
2026-09-03 20:03:27 [INFO] RAM Usage calculated successfully: 6%
2026-09-03 20:03:27 [INFO] Disk Usage calculated successfully: 1%
2026-09-03 20:03:27 [INFO] Analysis complete. System Status: OK
2026-09-03 20:03:30 [INFO] Snapshot 1 taken. Total1: 5875480, Idle1: 5628307
2026-09-03 20:03:31 [INFO] Snapshot 2 taken. Total2: 5876292, Idle2: 5629117
2026-09-03 20:03:31 [INFO] CPU Usage calculated successfully: 0%
2026-09-03 20:03:31 [INFO] RAM Usage calculated successfully: 6%
2026-09-03 20:03:31 [INFO] Disk Usage calculated successfully: 1%
2026-09-03 20:03:32 [INFO] Analysis complete. System Status: OK
2026-09-03 20:03:35 [INFO] Snapshot 1 taken. Total1: 5878909, Idle1: 5631694
2026-09-03 20:03:36 [INFO] Snapshot 2 taken. Total2: 5879722, Idle2: 5632504
2026-09-03 20:03:36 [INFO] CPU Usage calculated successfully: 0%
2026-09-03 20:03:36 [INFO] RAM Usage calculated successfully: 6%
2026-09-03 20:03:36 [INFO] Disk Usage calculated successfully: 1%
2026-09-03 20:03:36 [INFO] Analysis complete. System Status: OK
2026-09-03 20:03:39 [INFO] Snapshot 1 taken. Total1: 5882316, Idle1: 5635062
2026-09-03 20:03:40 [INFO] Snapshot 2 taken. Total2: 5883130, Idle2: 5635872
2026-09-03 20:03:40 [INFO] CPU Usage calculated successfully: 0%
2026-09-03 20:03:40 [INFO] RAM Usage calculated successfully: 6%
2026-09-03 20:03:40 [INFO] Disk Usage calculated successfully: 1%
2026-09-03 20:03:40 [INFO] Analysis complete. System Status: OK
2026-09-03 20:03:43 [INFO] Snapshot 1 taken. Total1: 5885695, Idle1: 5638407
2026-09-03 20:03:44 [INFO] Snapshot 2 taken. Total2: 5886504, Idle2: 5639215
2026-09-03 20:03:44 [INFO] CPU Usage calculated successfully: 0%
2026-09-03 20:03:44 [INFO] RAM Usage calculated successfully: 6%
2026-09-03 20:03:44 [INFO] Disk Usage calculated successfully: 1%
2026-09-03 20:03:44 [INFO] Analysis complete. System Status: OK
2026-09-03 20:03:47 [INFO] Snapshot 1 taken. Total1: 5889050, Idle1: 5641738
2026-09-03 20:03:48 [INFO] Snapshot 2 taken. Total2: 5889864, Idle2: 5642549
2026-09-03 20:03:48 [INFO] CPU Usage calculated successfully: 0%
2026-09-03 20:03:48 [INFO] RAM Usage calculated successfully: 6%
2026-09-03 20:03:48 [INFO] Disk Usage calculated successfully: 1%
2026-09-03 20:03:48 [INFO] Analysis complete. System Status: OK
2026-09-03 20:03:51 [INFO] Snapshot 1 taken. Total1: 5892405, Idle1: 5645066
2026-09-03 20:03:52 [INFO] Snapshot 2 taken. Total2: 5893215, Idle2: 5645874
2026-09-03 20:03:52 [INFO] CPU Usage calculated successfully: 0%
2026-09-03 20:03:53 [INFO] RAM Usage calculated successfully: 6%
2026-09-03 20:03:53 [INFO] Disk Usage calculated successfully: 1%
2026-09-03 20:03:53 [INFO] Analysis complete. System Status: OK
2026-09-03 20:03:56 [INFO] Snapshot 1 taken. Total1: 5895755, Idle1: 5648391
2026-09-03 20:03:57 [INFO] Snapshot 2 taken. Total2: 5896565, Idle2: 5649198
2026-09-03 20:03:57 [INFO] CPU Usage calculated successfully: 0%
2026-09-03 20:03:57 [INFO] RAM Usage calculated successfully: 6%
2026-09-03 20:03:57 [INFO] Disk Usage calculated successfully: 1%
2026-09-03 20:03:57 [INFO] Analysis complete. System Status: OK
2026-09-03 20:04:00 [INFO] Snapshot 1 taken. Total1: 5899109, Idle1: 5651717
2026-09-03 20:04:01 [INFO] Snapshot 2 taken. Total2: 5899918, Idle2: 5652523
2026-09-03 20:04:01 [INFO] CPU Usage calculated successfully: 0%
2026-09-03 20:04:01 [INFO] RAM Usage calculated successfully: 6%
2026-09-03 20:04:01 [INFO] Disk Usage calculated successfully: 1%
2026-09-03 20:04:01 [INFO] Analysis complete. System Status: OK
2026-09-03 20:04:04 [INFO] Snapshot 1 taken. Total1: 5902459, Idle1: 5655038
2026-09-03 20:04:05 [INFO] Snapshot 2 taken. Total2: 5903268, Idle2: 5655846
2026-09-03 20:04:05 [INFO] CPU Usage calculated successfully: 0%
2026-09-03 20:04:05 [INFO] RAM Usage calculated successfully: 6%
2026-09-03 20:04:05 [INFO] Disk Usage calculated successfully: 1%
2026-09-03 20:04:05 [INFO] Analysis complete. System Status: OK
2026-09-03 20:04:08 [INFO] Snapshot 1 taken. Total1: 5905826, Idle1: 5658374
2026-09-03 20:04:09 [INFO] Snapshot 2 taken. Total2: 5906636, Idle2: 5659183
2026-09-03 20:04:09 [INFO] CPU Usage calculated successfully: 0%
2026-09-03 20:04:09 [INFO] RAM Usage calculated successfully: 6%
2026-09-03 20:04:09 [INFO] Disk Usage calculated successfully: 1%
2026-09-03 20:04:09 [INFO] Analysis complete. System Status: OK
2026-09-03 20:04:12 [INFO] Snapshot 1 taken. Total1: 5909181, Idle1: 5661700
2026-09-03 20:04:13 [INFO] Snapshot 2 taken. Total2: 5909994, Idle2: 5662512
2026-09-03 20:04:13 [INFO] CPU Usage calculated successfully: 0%
2026-09-03 20:04:14 [INFO] RAM Usage calculated successfully: 6%
2026-09-03 20:04:14 [INFO] Disk Usage calculated successfully: 1%
2026-09-03 20:04:14 [INFO] Analysis complete. System Status: OK
2026-09-03 20:04:17 [INFO] Snapshot 1 taken. Total1: 5912538, Idle1: 5665032
2026-09-03 20:05:45 [INFO] Snapshot 1 taken. Total1: 5986118, Idle1: 5737527
2026-09-03 20:05:46 [INFO] Snapshot 2 taken. Total2: 5986958, Idle2: 5738364
2026-09-03 20:05:46 [INFO] CPU Usage calculated successfully: 0%
2026-09-03 20:05:46 [INFO] RAM Usage calculated successfully: 6%
2026-09-03 20:05:46 [INFO] Disk Usage calculated successfully: 1%
2026-09-03 20:05:47 [INFO] Analysis complete. System Status: OK
2026-09-03 20:05:50 [INFO] Snapshot 1 taken. Total1: 5989610, Idle1: 5740978
2026-09-03 20:05:51 [INFO] Snapshot 2 taken. Total2: 5990437, Idle2: 5741801
2026-09-03 20:05:51 [INFO] CPU Usage calculated successfully: 0%
2026-09-03 20:05:51 [INFO] RAM Usage calculated successfully: 6%
2026-09-03 20:05:51 [INFO] Disk Usage calculated successfully: 1%
2026-09-03 20:05:51 [INFO] Analysis complete. System Status: OK
2026-09-03 20:05:54 [INFO] Snapshot 1 taken. Total1: 5993104, Idle1: 5744431
2026-09-03 20:05:55 [INFO] Snapshot 2 taken. Total2: 5993918, Idle2: 5745242
2026-09-03 20:05:55 [INFO] CPU Usage calculated successfully: 0%
2026-09-03 20:05:55 [INFO] RAM Usage calculated successfully: 6%
2026-09-03 20:05:55 [INFO] Disk Usage calculated successfully: 1%
2026-09-03 20:05:55 [INFO] Analysis complete. System Status: OK
2026-09-03 20:05:58 [INFO] Snapshot 1 taken. Total1: 5996546, Idle1: 5747826
2026-09-03 20:05:59 [INFO] Snapshot 2 taken. Total2: 5997366, Idle2: 5748643
2026-09-03 20:05:59 [INFO] CPU Usage calculated successfully: 0%
2026-09-03 20:05:59 [INFO] RAM Usage calculated successfully: 6%
2026-09-03 20:06:00 [INFO] Disk Usage calculated successfully: 1%
2026-09-03 20:06:00 [INFO] Analysis complete. System Status: OK
2026-09-03 20:06:01 [INFO] Snapshot 1 taken. Total1: 6000083, Idle1: 5751302
2026-09-03 20:06:02 [INFO] Snapshot 2 taken. Total2: 6000905, Idle2: 5752120
2026-09-03 20:06:02 [INFO] CPU Usage calculated successfully: 0%
2026-09-03 20:06:02 [INFO] RAM Usage calculated successfully: 6%
2026-09-03 20:06:02 [INFO] Disk Usage calculated successfully: 1%
2026-09-03 20:06:03 [INFO] Analysis complete. System Status: OK
2026-09-03 20:06:06 [INFO] Snapshot 1 taken. Total1: 6003739, Idle1: 5754877
2026-09-03 20:06:07 [INFO] Snapshot 2 taken. Total2: 6004564, Idle2: 5755696
2026-09-03 20:06:07 [INFO] CPU Usage calculated successfully: 0%
2026-09-03 20:06:07 [INFO] RAM Usage calculated successfully: 6%
2026-09-03 20:06:07 [INFO] Disk Usage calculated successfully: 1%
2026-09-03 20:06:07 [INFO] Analysis complete. System Status: OK
2026-09-03 20:06:10 [INFO] Snapshot 1 taken. Total1: 6007250, Idle1: 5758337
2026-09-03 20:06:11 [INFO] Snapshot 2 taken. Total2: 6008087, Idle2: 5759168
2026-09-03 20:06:11 [INFO] CPU Usage calculated successfully: 0%
2026-09-03 20:06:11 [INFO] RAM Usage calculated successfully: 6%
2026-09-03 20:06:11 [INFO] Disk Usage calculated successfully: 1%
2026-09-03 20:06:11 [INFO] Analysis complete. System Status: OK
2026-09-03 20:06:14 [INFO] Snapshot 1 taken. Total1: 6010714, Idle1: 5761757
2026-09-03 20:06:16 [INFO] Snapshot 2 taken. Total2: 6011548, Idle2: 5762588
2026-09-03 20:06:16 [INFO] CPU Usage calculated successfully: 0%
2026-09-03 20:06:16 [INFO] RAM Usage calculated successfully: 6%
2026-09-03 20:06:16 [INFO] Disk Usage calculated successfully: 1%
2026-09-03 20:06:16 [INFO] Analysis complete. System Status: OK
2026-09-03 20:06:19 [INFO] Snapshot 1 taken. Total1: 6014446, Idle1: 5765401
2026-09-03 20:06:20 [INFO] Snapshot 2 taken. Total2: 6015280, Idle2: 5766229
2026-09-03 20:06:20 [INFO] CPU Usage calculated successfully: 0%
2026-09-03 20:06:20 [INFO] RAM Usage calculated successfully: 6%
2026-09-03 20:06:20 [INFO] Disk Usage calculated successfully: 1%
2026-09-03 20:06:21 [INFO] Analysis complete. System Status: OK
2026-09-03 20:06:24 [INFO] Snapshot 1 taken. Total1: 6018293, Idle1: 5769137
2026-09-03 20:06:25 [INFO] Snapshot 2 taken. Total2: 6019114, Idle2: 5769955
2026-09-03 20:06:25 [INFO] CPU Usage calculated successfully: 0%
2026-09-03 20:06:25 [INFO] RAM Usage calculated successfully: 6%
2026-09-03 20:06:25 [INFO] Disk Usage calculated successfully: 1%
2026-09-03 20:06:25 [INFO] Analysis complete. System Status: OK
2026-09-03 20:06:28 [INFO] Snapshot 1 taken. Total1: 6021788, Idle1: 5772581
2026-09-03 20:06:29 [INFO] Snapshot 2 taken. Total2: 6022620, Idle2: 5773407
2026-09-03 20:06:29 [INFO] CPU Usage calculated successfully: 0%
2026-09-03 20:06:29 [INFO] RAM Usage calculated successfully: 6%
2026-09-03 20:06:30 [INFO] Disk Usage calculated successfully: 1%
2026-09-03 20:06:30 [INFO] Analysis complete. System Status: OK
2026-09-03 20:06:33 [INFO] Snapshot 1 taken. Total1: 6025228, Idle1: 5775979
2026-09-03 20:06:31 [INFO] Snapshot 2 taken. Total2: 6026037, Idle2: 5776787
2026-09-03 20:06:31 [INFO] CPU Usage calculated successfully: 0%
2026-09-03 20:06:31 [INFO] RAM Usage calculated successfully: 6%
2026-09-03 20:06:31 [INFO] Disk Usage calculated successfully: 1%
2026-09-03 20:06:32 [INFO] Analysis complete. System Status: OK
2026-09-03 20:06:35 [INFO] Snapshot 1 taken. Total1: 6028634, Idle1: 5779350
2026-09-03 20:06:36 [INFO] Snapshot 2 taken. Total2: 6029464, Idle2: 5780175
2026-09-03 20:06:36 [INFO] CPU Usage calculated successfully: 0%
2026-09-03 20:06:36 [INFO] RAM Usage calculated successfully: 6%
2026-09-03 20:06:36 [INFO] Disk Usage calculated successfully: 1%
2026-09-03 20:06:36 [INFO] Analysis complete. System Status: OK
2026-09-03 20:06:39 [INFO] Snapshot 1 taken. Total1: 6032048, Idle1: 5782731
2026-09-03 20:06:40 [INFO] Snapshot 2 taken. Total2: 6032877, Idle2: 5783554
2026-09-03 20:06:40 [INFO] CPU Usage calculated successfully: 0%
2026-09-03 20:06:40 [INFO] RAM Usage calculated successfully: 6%
2026-09-03 20:06:40 [INFO] Disk Usage calculated successfully: 1%
2026-09-03 20:06:40 [INFO] Analysis complete. System Status: OK
2026-09-03 20:06:43 [INFO] Snapshot 1 taken. Total1: 6035453, Idle1: 5786100
2026-09-03 20:06:44 [INFO] Snapshot 2 taken. Total2: 6036275, Idle2: 5786919
2026-09-03 20:06:44 [INFO] CPU Usage calculated successfully: 0%
2026-09-03 20:06:44 [INFO] RAM Usage calculated successfully: 6%
2026-09-03 20:06:44 [INFO] Disk Usage calculated successfully: 1%
2026-09-03 20:06:45 [INFO] Analysis complete. System Status: OK
2026-09-03 20:06:48 [INFO] Snapshot 1 taken. Total1: 6039087, Idle1: 5789659
2026-09-03 20:06:49 [INFO] Snapshot 2 taken. Total2: 6039919, Idle2: 5790484
2026-09-03 20:06:49 [INFO] CPU Usage calculated successfully: 0%
2026-09-03 20:06:49 [INFO] RAM Usage calculated successfully: 6%
2026-09-03 20:06:49 [INFO] Disk Usage calculated successfully: 1%
2026-09-03 20:06:49 [INFO] Analysis complete. System Status: OK
2026-09-03 20:06:52 [INFO] Snapshot 1 taken. Total1: 6042738, Idle1: 5793233
2026-09-03 20:06:53 [INFO] Snapshot 2 taken. Total2: 6043553, Idle2: 5794046
2026-09-03 20:06:53 [INFO] CPU Usage calculated successfully: 0%
2026-09-03 20:06:53 [INFO] RAM Usage calculated successfully: 6%
2026-09-03 20:06:53 [INFO] Disk Usage calculated successfully: 1%
2026-09-03 20:06:53 [INFO] Analysis complete. System Status: OK
2026-09-03 20:06:57 [INFO] Snapshot 1 taken. Total1: 6046160, Idle1: 5796616
2026-09-03 20:06:58 [INFO] Snapshot 2 taken. Total2: 6047001, Idle2: 5797452
2026-09-03 20:06:58 [INFO] CPU Usage calculated successfully: 0%
2026-09-03 20:06:58 [INFO] RAM Usage calculated successfully: 6%
2026-09-03 20:06:58 [INFO] Disk Usage calculated successfully: 1%
2026-09-03 20:06:58 [INFO] Analysis complete. System Status: OK
2026-09-03 20:07:01 [INFO] Snapshot 1 taken. Total1: 6049818, Idle1: 5800194
2026-09-03 20:07:02 [INFO] Snapshot 2 taken. Total2: 6050659, Idle2: 5801030
2026-09-03 20:07:02 [INFO] CPU Usage calculated successfully: 0%
2026-09-03 20:07:02 [INFO] RAM Usage calculated successfully: 6%
2026-09-03 20:07:02 [INFO] Disk Usage calculated successfully: 1%
2026-09-03 20:07:02 [INFO] Analysis complete. System Status: OK
2026-09-03 20:07:04 [INFO] Snapshot 1 taken. Total1: 6053307, Idle1: 5803639
2026-09-03 20:07:05 [INFO] Snapshot 2 taken. Total2: 6054146, Idle2: 5804474
2026-09-03 20:07:06 [INFO] CPU Usage calculated successfully: 0%
2026-09-03 20:07:06 [INFO] RAM Usage calculated successfully: 6%
2026-09-03 20:07:06 [INFO] Disk Usage calculated successfully: 1%
2026-09-03 20:07:06 [INFO] Analysis complete. System Status: OK
2026-09-03 20:07:09 [INFO] Snapshot 1 taken. Total1: 6057084, Idle1: 5807325
2026-09-03 20:07:10 [INFO] Snapshot 2 taken. Total2: 6057924, Idle2: 5808160
2026-09-03 20:07:10 [INFO] CPU Usage calculated successfully: 0%
2026-09-03 20:07:10 [INFO] RAM Usage calculated successfully: 6%
2026-09-03 20:07:10 [INFO] Disk Usage calculated successfully: 1%
2026-09-03 20:07:10 [INFO] Analysis complete. System Status: OK
2026-09-03 20:07:13 [INFO] Snapshot 1 taken. Total1: 6060539, Idle1: 5810736
2026-09-03 20:07:15 [INFO] Snapshot 2 taken. Total2: 6061374, Idle2: 5811565
2026-09-03 20:07:15 [INFO] CPU Usage calculated successfully: 0%
2026-09-03 20:07:15 [INFO] RAM Usage calculated successfully: 6%
2026-09-03 20:07:15 [INFO] Disk Usage calculated successfully: 1%
2026-09-03 20:07:15 [INFO] Analysis complete. System Status: OK
2026-09-03 20:07:18 [INFO] Snapshot 1 taken. Total1: 6063982, Idle1: 5814140
2026-09-03 20:07:19 [INFO] Snapshot 2 taken. Total2: 6064794, Idle2: 5814950
2026-09-03 20:07:19 [INFO] CPU Usage calculated successfully: 0%
2026-09-03 20:07:19 [INFO] RAM Usage calculated successfully: 6%
2026-09-03 20:07:19 [INFO] Disk Usage calculated successfully: 1%
2026-09-03 20:07:19 [INFO] Analysis complete. System Status: OK
2026-09-03 20:07:22 [INFO] Snapshot 1 taken. Total1: 6067610, Idle1: 5817693
2026-09-03 20:07:23 [INFO] Snapshot 2 taken. Total2: 6068444, Idle2: 5818521
2026-09-03 20:07:23 [INFO] CPU Usage calculated successfully: 0%
2026-09-03 20:07:23 [INFO] RAM Usage calculated successfully: 6%
2026-09-03 20:07:24 [INFO] Disk Usage calculated successfully: 1%
2026-09-03 20:07:24 [INFO] Analysis complete. System Status: OK
2026-09-03 20:07:27 [INFO] Snapshot 1 taken. Total1: 6071172, Idle1: 5821193
2026-09-03 20:07:28 [INFO] Snapshot 2 taken. Total2: 6071998, Idle2: 5822015
2026-09-03 20:07:28 [INFO] CPU Usage calculated successfully: 0%
2026-09-03 20:07:28 [INFO] RAM Usage calculated successfully: 6%
2026-09-03 20:07:28 [INFO] Disk Usage calculated successfully: 1%
2026-09-03 20:07:28 [INFO] Analysis complete. System Status: OK
2026-09-03 20:07:31 [INFO] Snapshot 1 taken. Total1: 6074576, Idle1: 5824563
2026-09-03 20:07:32 [INFO] Snapshot 2 taken. Total2: 6075394, Idle2: 5825377
2026-09-03 20:07:32 [INFO] CPU Usage calculated successfully: 0%
2026-09-03 20:07:32 [INFO] RAM Usage calculated successfully: 6%
2026-09-03 20:07:32 [INFO] Disk Usage calculated successfully: 1%
2026-09-03 20:07:32 [INFO] Analysis complete. System Status: OK
2026-09-03 20:07:33 [INFO] Snapshot 1 taken. Total1: 6078109, Idle1: 5828036
2026-09-03 20:07:34 [INFO] Snapshot 2 taken. Total2: 6078937, Idle2: 5828860
2026-09-03 20:07:34 [INFO] CPU Usage calculated successfully: 0%
2026-09-03 20:07:34 [INFO] RAM Usage calculated successfully: 6%
2026-09-03 20:07:34 [INFO] Disk Usage calculated successfully: 1%
2026-09-03 20:07:35 [INFO] Analysis complete. System Status: OK
2026-09-03 20:07:38 [INFO] Snapshot 1 taken. Total1: 6081587, Idle1: 5831467
2026-09-03 20:07:39 [INFO] Snapshot 2 taken. Total2: 6082396, Idle2: 5832275
2026-09-03 20:07:39 [INFO] CPU Usage calculated successfully: 0%
2026-09-03 20:07:39 [INFO] RAM Usage calculated successfully: 6%
2026-09-03 20:07:39 [INFO] Disk Usage calculated successfully: 1%
2026-09-03 20:07:39 [INFO] Analysis complete. System Status: OK
2026-09-03 20:07:42 [INFO] Snapshot 1 taken. Total1: 6085082, Idle1: 5834918
2026-09-03 20:07:43 [INFO] Snapshot 2 taken. Total2: 6085902, Idle2: 5835735
2026-09-03 20:07:43 [INFO] CPU Usage calculated successfully: 0%
2026-09-03 20:07:43 [INFO] RAM Usage calculated successfully: 6%
2026-09-03 20:07:43 [INFO] Disk Usage calculated successfully: 1%
2026-09-03 20:07:43 [INFO] Analysis complete. System Status: OK
2026-09-03 20:07:46 [INFO] Snapshot 1 taken. Total1: 6088505, Idle1: 5838301
2026-09-03 20:07:47 [INFO] Snapshot 2 taken. Total2: 6089338, Idle2: 5839131
2026-09-03 20:07:47 [INFO] CPU Usage calculated successfully: 0%
2026-09-03 20:07:47 [INFO] RAM Usage calculated successfully: 6%
2026-09-03 20:07:47 [INFO] Disk Usage calculated successfully: 1%
2026-09-03 20:07:48 [INFO] Analysis complete. System Status: OK
2026-09-03 20:07:51 [INFO] Snapshot 1 taken. Total1: 6091982, Idle1: 5841724
2026-09-03 20:07:52 [INFO] Snapshot 2 taken. Total2: 6092809, Idle2: 5842540
2026-09-03 20:07:52 [INFO] CPU Usage calculated successfully: 1%
2026-09-03 20:07:52 [INFO] RAM Usage calculated successfully: 6%
2026-09-03 20:07:52 [INFO] Disk Usage calculated successfully: 1%
2026-09-03 20:07:52 [INFO] Analysis complete. System Status: OK
2026-09-03 20:07:55 [INFO] Snapshot 1 taken. Total1: 6095552, Idle1: 5845223
2026-09-03 20:07:56 [INFO] Snapshot 2 taken. Total2: 6096369, Idle2: 5846023
2026-09-03 20:07:56 [INFO] CPU Usage calculated successfully: 2%
2026-09-03 20:07:56 [INFO] RAM Usage calculated successfully: 6%
2026-09-03 20:07:56 [INFO] Disk Usage calculated successfully: 1%
2026-09-03 20:07:56 [INFO] Analysis complete. System Status: OK
2026-09-03 20:07:59 [INFO] Snapshot 1 taken. Total1: 6099045, Idle1: 5848637
2026-09-03 20:08:01 [INFO] Snapshot 2 taken. Total2: 6099875, Idle2: 5849464
2026-09-03 20:08:01 [INFO] CPU Usage calculated successfully: 0%
2026-09-03 20:08:01 [INFO] RAM Usage calculated successfully: 6%
2026-09-03 20:08:01 [INFO] Disk Usage calculated successfully: 1%
2026-09-03 20:08:01 [INFO] Analysis complete. System Status: OK
2026-09-03 20:08:04 [INFO] Snapshot 1 taken. Total1: 6102573, Idle1: 5852111
2026-09-03 20:08:05 [INFO] Snapshot 2 taken. Total2: 6103389, Idle2: 5852923
2026-09-03 20:08:05 [INFO] CPU Usage calculated successfully: 0%
2026-09-03 20:08:05 [INFO] RAM Usage calculated successfully: 6%
2026-09-03 20:08:05 [INFO] Disk Usage calculated successfully: 1%
2026-09-03 20:08:05 [INFO] Analysis complete. System Status: OK
2026-09-03 20:08:08 [INFO] Snapshot 1 taken. Total1: 6106157, Idle1: 5855627
2026-09-03 20:08:09 [INFO] Snapshot 2 taken. Total2: 6106976, Idle2: 5856443
2026-09-03 20:08:09 [INFO] CPU Usage calculated successfully: 0%
2026-09-03 20:08:09 [INFO] RAM Usage calculated successfully: 6%
2026-09-03 20:08:10 [INFO] Disk Usage calculated successfully: 1%
2026-09-03 20:08:10 [INFO] Analysis complete. System Status: OK
2026-09-03 20:08:13 [INFO] Snapshot 1 taken. Total1: 6109571, Idle1: 5859007
2026-09-03 20:08:14 [INFO] Snapshot 2 taken. Total2: 6110401, Idle2: 5859833
2026-09-03 20:08:14 [INFO] CPU Usage calculated successfully: 0%
2026-09-03 20:08:14 [INFO] RAM Usage calculated successfully: 6%
2026-09-03 20:08:14 [INFO] Disk Usage calculated successfully: 1%
2026-09-03 20:08:14 [INFO] Analysis complete. System Status: OK
2026-09-03 20:08:17 [INFO] Snapshot 1 taken. Total1: 6113275, Idle1: 5862627
2026-09-03 20:08:18 [INFO] Snapshot 2 taken. Total2: 6114104, Idle2: 5863451
2026-09-03 20:08:18 [INFO] CPU Usage calculated successfully: 0%
2026-09-03 20:08:18 [INFO] RAM Usage calculated successfully: 6%
2026-09-03 20:08:18 [INFO] Disk Usage calculated successfully: 1%
2026-09-03 20:08:19 [INFO] Analysis complete. System Status: OK
2026-09-03 20:08:20 [INFO] Snapshot 1 taken. Total1: 6116711, Idle1: 5866018
2026-09-03 20:08:21 [INFO] Snapshot 2 taken. Total2: 6117521, Idle2: 5866827
2026-09-03 20:08:21 [INFO] CPU Usage calculated successfully: 0%
2026-09-03 20:08:21 [INFO] RAM Usage calculated successfully: 6%
2026-09-03 20:08:21 [INFO] Disk Usage calculated successfully: 1%
2026-09-03 20:08:21 [INFO] Analysis complete. System Status: OK
2026-09-03 20:08:24 [INFO] Snapshot 1 taken. Total1: 6120145, Idle1: 5869412
2026-09-03 20:08:25 [INFO] Snapshot 2 taken. Total2: 6120958, Idle2: 5870222
2026-09-03 20:08:25 [INFO] CPU Usage calculated successfully: 0%
2026-09-03 20:08:25 [INFO] RAM Usage calculated successfully: 6%
2026-09-03 20:08:25 [INFO] Disk Usage calculated successfully: 1%
2026-09-03 20:08:25 [INFO] Analysis complete. System Status: OK
2026-09-03 20:08:28 [INFO] Snapshot 1 taken. Total1: 6123612, Idle1: 5872840
2026-09-03 20:08:29 [INFO] Snapshot 2 taken. Total2: 6124445, Idle2: 5873670
2026-09-03 20:08:29 [INFO] CPU Usage calculated successfully: 0%
2026-09-03 20:08:29 [INFO] RAM Usage calculated successfully: 6%
2026-09-03 20:08:30 [INFO] Disk Usage calculated successfully: 1%
2026-09-03 20:08:30 [INFO] Analysis complete. System Status: OK
2026-09-03 20:08:33 [INFO] Snapshot 1 taken. Total1: 6127167, Idle1: 5876341
2026-09-03 20:08:34 [INFO] Snapshot 2 taken. Total2: 6127989, Idle2: 5877161
2026-09-03 20:08:34 [INFO] CPU Usage calculated successfully: 0%
2026-09-03 20:08:34 [INFO] RAM Usage calculated successfully: 6%
2026-09-03 20:08:34 [INFO] Disk Usage calculated successfully: 1%
2026-09-03 20:08:34 [INFO] Analysis complete. System Status: OK
2026-09-03 20:08:37 [INFO] Snapshot 1 taken. Total1: 6130822, Idle1: 5879920
2026-09-03 20:08:38 [INFO] Snapshot 2 taken. Total2: 6131653, Idle2: 5880746
2026-09-03 20:08:38 [INFO] CPU Usage calculated successfully: 0%
2026-09-03 20:08:38 [INFO] RAM Usage calculated successfully: 6%
2026-09-03 20:08:39 [INFO] Disk Usage calculated successfully: 1%
2026-09-03 20:08:39 [INFO] Analysis complete. System Status: OK
2026-09-03 20:08:42 [INFO] Snapshot 1 taken. Total1: 6134394, Idle1: 5883430
2026-09-03 20:08:43 [INFO] Snapshot 2 taken. Total2: 6135233, Idle2: 5884266
2026-09-03 20:08:43 [INFO] CPU Usage calculated successfully: 0%
2026-09-03 20:08:43 [INFO] RAM Usage calculated successfully: 6%
2026-09-03 20:08:43 [INFO] Disk Usage calculated successfully: 1%
2026-09-03 20:08:43 [INFO] Analysis complete. System Status: OK
2026-09-03 20:08:46 [INFO] Snapshot 1 taken. Total1: 6138034, Idle1: 5887008
2026-09-03 20:08:47 [INFO] Snapshot 2 taken. Total2: 6138870, Idle2: 5887837
2026-09-03 20:08:47 [INFO] CPU Usage calculated successfully: 0%
2026-09-03 20:08:48 [INFO] RAM Usage calculated successfully: 6%
2026-09-03 20:08:48 [INFO] Disk Usage calculated successfully: 1%
2026-09-03 20:08:48 [INFO] Analysis complete. System Status: OK
2026-09-03 20:08:49 [INFO] Snapshot 1 taken. Total1: 6141734, Idle1: 5890622
2026-09-03 20:08:50 [INFO] Snapshot 2 taken. Total2: 6142573, Idle2: 5891454
2026-09-03 20:08:50 [INFO] CPU Usage calculated successfully: 0%
2026-09-03 20:08:51 [INFO] RAM Usage calculated successfully: 6%
2026-09-03 20:08:51 [INFO] Disk Usage calculated successfully: 1%
2026-09-03 20:08:51 [INFO] Analysis complete. System Status: OK
2026-09-03 20:08:54 [INFO] Snapshot 1 taken. Total1: 6145344, Idle1: 5894166
2026-09-03 20:08:55 [INFO] Snapshot 2 taken. Total2: 6146175, Idle2: 5894993
2026-09-03 20:08:55 [INFO] CPU Usage calculated successfully: 0%
2026-09-03 20:08:55 [INFO] RAM Usage calculated successfully: 6%
2026-09-03 20:08:55 [INFO] Disk Usage calculated successfully: 1%
2026-09-03 20:08:55 [INFO] Analysis complete. System Status: OK
2026-09-03 20:08:58 [INFO] Snapshot 1 taken. Total1: 6148939, Idle1: 5897693
2026-09-03 20:08:59 [INFO] Snapshot 2 taken. Total2: 6149755, Idle2: 5898508
2026-09-03 20:08:59 [INFO] CPU Usage calculated successfully: 0%
2026-09-03 20:08:59 [INFO] RAM Usage calculated successfully: 6%
2026-09-03 20:08:59 [INFO] Disk Usage calculated successfully: 1%
2026-09-03 20:09:00 [INFO] Analysis complete. System Status: OK
2026-09-03 20:09:03 [INFO] Snapshot 1 taken. Total1: 6152380, Idle1: 5901098
2026-09-03 20:09:04 [INFO] Snapshot 2 taken. Total2: 6153220, Idle2: 5901932
2026-09-03 20:09:04 [INFO] CPU Usage calculated successfully: 0%
2026-09-03 20:09:04 [INFO] RAM Usage calculated successfully: 6%
2026-09-03 20:09:04 [INFO] Disk Usage calculated successfully: 1%
2026-09-03 20:09:04 [INFO] Analysis complete. System Status: OK
2026-09-03 20:09:07 [INFO] Snapshot 1 taken. Total1: 6156199, Idle1: 5904811
2026-09-03 20:09:09 [INFO] Snapshot 2 taken. Total2: 6157032, Idle2: 5905638
2026-09-03 20:09:09 [INFO] CPU Usage calculated successfully: 0%
2026-09-03 20:09:09 [INFO] RAM Usage calculated successfully: 6%
2026-09-03 20:09:09 [INFO] Disk Usage calculated successfully: 1%
2026-09-03 20:09:09 [INFO] Analysis complete. System Status: OK
2026-09-03 20:09:12 [INFO] Snapshot 1 taken. Total1: 6159741, Idle1: 5908292
2026-09-03 20:09:13 [INFO] Snapshot 2 taken. Total2: 6160565, Idle2: 5909113
2026-09-03 20:09:13 [INFO] CPU Usage calculated successfully: 0%
2026-09-03 20:09:13 [INFO] RAM Usage calculated successfully: 6%
2026-09-03 20:09:13 [INFO] Disk Usage calculated successfully: 1%
2026-09-03 20:09:13 [INFO] Analysis complete. System Status: OK
2026-09-03 20:09:16 [INFO] Snapshot 1 taken. Total1: 6163299, Idle1: 5911788
2026-09-03 20:09:17 [INFO] Snapshot 2 taken. Total2: 6164127, Idle2: 5912608
2026-09-03 20:09:17 [INFO] CPU Usage calculated successfully: 0%
2026-09-03 20:09:18 [INFO] RAM Usage calculated successfully: 6%
2026-09-03 20:09:18 [INFO] Disk Usage calculated successfully: 1%
2026-09-03 20:09:18 [INFO] Analysis complete. System Status: OK
2026-09-03 20:09:19 [INFO] Snapshot 1 taken. Total1: 6167080, Idle1: 5915462
2026-09-03 20:09:20 [INFO] Snapshot 2 taken. Total2: 6167909, Idle2: 5916287
2026-09-03 20:09:20 [INFO] CPU Usage calculated successfully: 0%
2026-09-03 20:09:20 [INFO] RAM Usage calculated successfully: 6%
2026-09-03 20:09:21 [INFO] Disk Usage calculated successfully: 1%
2026-09-03 20:09:21 [INFO] Analysis complete. System Status: OK
2026-09-03 20:09:24 [INFO] Snapshot 1 taken. Total1: 6170637, Idle1: 5918957
2026-09-03 20:09:25 [INFO] Snapshot 2 taken. Total2: 6171465, Idle2: 5919778
2026-09-03 20:09:25 [INFO] CPU Usage calculated successfully: 0%
2026-09-03 20:09:25 [INFO] RAM Usage calculated successfully: 6%
2026-09-03 20:09:25 [INFO] Disk Usage calculated successfully: 1%
2026-09-03 20:09:25 [INFO] Analysis complete. System Status: OK
2026-09-03 20:09:28 [INFO] Snapshot 1 taken. Total1: 6174314, Idle1: 5922551
2026-09-03 20:09:29 [INFO] Snapshot 2 taken. Total2: 6175151, Idle2: 5923383
2026-09-03 20:09:30 [INFO] CPU Usage calculated successfully: 0%
2026-09-03 20:09:30 [INFO] RAM Usage calculated successfully: 6%
2026-09-03 20:09:30 [INFO] Disk Usage calculated successfully: 1%
2026-09-03 20:09:30 [INFO] Analysis complete. System Status: OK
2026-09-03 20:09:33 [INFO] Snapshot 1 taken. Total1: 6178016, Idle1: 5926166
2026-09-03 20:09:34 [INFO] Snapshot 2 taken. Total2: 6178866, Idle2: 5927009
2026-09-03 20:09:34 [INFO] CPU Usage calculated successfully: 0%
2026-09-03 20:09:34 [INFO] RAM Usage calculated successfully: 6%
2026-09-03 20:09:34 [INFO] Disk Usage calculated successfully: 1%
2026-09-03 20:09:34 [INFO] Analysis complete. System Status: OK
2026-09-03 20:09:38 [INFO] Snapshot 1 taken. Total1: 6181584, Idle1: 5929672
2026-09-03 20:09:39 [INFO] Snapshot 2 taken. Total2: 6182457, Idle2: 5930539
2026-09-03 20:09:39 [INFO] CPU Usage calculated successfully: 0%
2026-09-03 20:09:39 [INFO] RAM Usage calculated successfully: 6%
2026-09-03 20:09:39 [INFO] Disk Usage calculated successfully: 1%
2026-09-03 20:09:39 [INFO] Analysis complete. System Status: OK
2026-09-03 20:09:42 [INFO] Snapshot 1 taken. Total1: 6185123, Idle1: 5933156
2026-09-03 20:09:43 [INFO] Snapshot 2 taken. Total2: 6185953, Idle2: 5933983
2026-09-03 20:09:43 [INFO] CPU Usage calculated successfully: 0%
2026-09-03 20:09:43 [INFO] RAM Usage calculated successfully: 6%
2026-09-03 20:09:43 [INFO] Disk Usage calculated successfully: 1%
2026-09-03 20:09:43 [INFO] Analysis complete. System Status: OK
2026-09-03 20:09:46 [INFO] Snapshot 1 taken. Total1: 6188694, Idle1: 5936663
2026-09-03 20:09:47 [INFO] Snapshot 2 taken. Total2: 6189532, Idle2: 5937494
2026-09-03 20:09:48 [INFO] CPU Usage calculated successfully: 0%
2026-09-03 20:09:48 [INFO] RAM Usage calculated successfully: 6%
2026-09-03 20:09:48 [INFO] Disk Usage calculated successfully: 1%
2026-09-03 20:09:48 [INFO] Analysis complete. System Status: OK
2026-09-03 20:09:49 [INFO] Snapshot 1 taken. Total1: 6192398, Idle1: 5940278
2026-09-03 20:09:51 [INFO] Snapshot 2 taken. Total2: 6193240, Idle2: 5941112
2026-09-03 20:09:51 [INFO] CPU Usage calculated successfully: 0%
2026-09-03 20:09:51 [INFO] RAM Usage calculated successfully: 6%
2026-09-03 20:09:51 [INFO] Disk Usage calculated successfully: 1%
2026-09-03 20:09:51 [INFO] Analysis complete. System Status: OK
2026-09-03 20:09:54 [INFO] Snapshot 1 taken. Total1: 6195912, Idle1: 5943736
2026-09-03 20:09:55 [INFO] Snapshot 2 taken. Total2: 6196739, Idle2: 5944556
2026-09-03 20:09:55 [INFO] CPU Usage calculated successfully: 0%
2026-09-03 20:09:55 [INFO] RAM Usage calculated successfully: 6%
2026-09-03 20:09:55 [INFO] Disk Usage calculated successfully: 1%
2026-09-03 20:09:55 [INFO] Analysis complete. System Status: OK
2026-09-03 20:09:58 [INFO] Snapshot 1 taken. Total1: 6199292, Idle1: 5947086
2026-09-03 20:09:59 [INFO] Snapshot 2 taken. Total2: 6200113, Idle2: 5947904
2026-09-03 20:09:59 [INFO] CPU Usage calculated successfully: 0%
2026-09-03 20:09:59 [INFO] RAM Usage calculated successfully: 6%
2026-09-03 20:09:59 [INFO] Disk Usage calculated successfully: 1%
2026-09-03 20:10:00 [INFO] Analysis complete. System Status: OK
2026-09-03 20:10:03 [INFO] Snapshot 1 taken. Total1: 6203020, Idle1: 5950720
2026-09-03 20:10:04 [INFO] Snapshot 2 taken. Total2: 6203889, Idle2: 5951585
2026-09-03 20:10:04 [INFO] CPU Usage calculated successfully: 0%
2026-09-03 20:10:04 [INFO] RAM Usage calculated successfully: 6%
2026-09-03 20:10:04 [INFO] Disk Usage calculated successfully: 1%
2026-09-03 20:10:04 [INFO] Analysis complete. System Status: OK
2026-09-03 20:10:07 [INFO] Snapshot 1 taken. Total1: 6206486, Idle1: 5954152
2026-09-03 20:10:08 [INFO] Snapshot 2 taken. Total2: 6207333, Idle2: 5954993
2026-09-03 20:10:08 [INFO] CPU Usage calculated successfully: 0%
2026-09-03 20:10:08 [INFO] RAM Usage calculated successfully: 6%
2026-09-03 20:10:08 [INFO] Disk Usage calculated successfully: 1%
2026-09-03 20:10:09 [INFO] Analysis complete. System Status: OK
2026-09-03 20:10:12 [INFO] Snapshot 1 taken. Total1: 6210204, Idle1: 5957786
2026-09-03 20:10:13 [INFO] Snapshot 2 taken. Total2: 6211018, Idle2: 5958597
2026-09-03 20:10:13 [INFO] CPU Usage calculated successfully: 0%
2026-09-03 20:10:13 [INFO] RAM Usage calculated successfully: 6%
2026-09-03 20:10:13 [INFO] Disk Usage calculated successfully: 1%
2026-09-03 20:10:13 [INFO] Analysis complete. System Status: OK
2026-09-03 20:10:16 [INFO] Snapshot 1 taken. Total1: 6213739, Idle1: 5961264
2026-09-03 20:10:17 [INFO] Snapshot 2 taken. Total2: 6214564, Idle2: 5962085
2026-09-03 20:10:17 [INFO] CPU Usage calculated successfully: 0%
2026-09-03 20:10:17 [INFO] RAM Usage calculated successfully: 6%
2026-09-03 20:10:17 [INFO] Disk Usage calculated successfully: 1%
2026-09-03 20:10:18 [INFO] Analysis complete. System Status: OK
2026-09-03 20:10:21 [INFO] Snapshot 1 taken. Total1: 6217279, Idle1: 5964746
2026-09-03 20:10:20 [INFO] Snapshot 2 taken. Total2: 6218095, Idle2: 5965558
2026-09-03 20:10:20 [INFO] CPU Usage calculated successfully: 0%
2026-09-03 20:10:20 [INFO] RAM Usage calculated successfully: 6%
2026-09-03 20:10:20 [INFO] Disk Usage calculated successfully: 1%
2026-09-03 20:10:20 [INFO] Analysis complete. System Status: OK
2026-09-03 20:10:23 [INFO] Snapshot 1 taken. Total1: 6220826, Idle1: 5968230
2026-09-03 20:10:25 [INFO] Snapshot 2 taken. Total2: 6221656, Idle2: 5969054
2026-09-03 20:10:25 [INFO] CPU Usage calculated successfully: 0%
2026-09-03 20:10:25 [INFO] RAM Usage calculated successfully: 6%
2026-09-03 20:10:25 [INFO] Disk Usage calculated successfully: 1%
2026-09-03 20:10:25 [INFO] Analysis complete. System Status: OK
2026-09-03 20:10:28 [INFO] Snapshot 1 taken. Total1: 6224434, Idle1: 5971766
2026-09-03 20:10:29 [INFO] Snapshot 2 taken. Total2: 6225265, Idle2: 5972592
2026-09-03 20:10:29 [INFO] CPU Usage calculated successfully: 0%
2026-09-03 20:10:29 [INFO] RAM Usage calculated successfully: 6%
2026-09-03 20:10:29 [INFO] Disk Usage calculated successfully: 1%
2026-09-03 20:10:29 [INFO] Analysis complete. System Status: OK
2026-09-03 20:10:32 [INFO] Snapshot 1 taken. Total1: 6227859, Idle1: 5975153
2026-09-03 20:10:33 [INFO] Snapshot 2 taken. Total2: 6228691, Idle2: 5975980
2026-09-03 20:10:33 [INFO] CPU Usage calculated successfully: 0%
2026-09-03 20:10:33 [INFO] RAM Usage calculated successfully: 6%
2026-09-03 20:10:33 [INFO] Disk Usage calculated successfully: 1%
2026-09-03 20:10:34 [INFO] Analysis complete. System Status: OK
2026-09-03 20:10:37 [INFO] Snapshot 1 taken. Total1: 6231448, Idle1: 5978674
2026-09-03 20:10:38 [INFO] Snapshot 2 taken. Total2: 6232273, Idle2: 5979494
2026-09-03 20:10:38 [INFO] CPU Usage calculated successfully: 0%
2026-09-03 20:10:38 [INFO] RAM Usage calculated successfully: 6%
2026-09-03 20:10:38 [INFO] Disk Usage calculated successfully: 1%
2026-09-03 20:10:38 [INFO] Analysis complete. System Status: OK
2026-09-03 20:10:41 [INFO] Snapshot 1 taken. Total1: 6234847, Idle1: 5982038
2026-09-03 20:10:42 [INFO] Snapshot 2 taken. Total2: 6235668, Idle2: 5982855
2026-09-03 20:10:42 [INFO] CPU Usage calculated successfully: 0%
2026-09-03 20:10:42 [INFO] RAM Usage calculated successfully: 6%
2026-09-03 20:10:42 [INFO] Disk Usage calculated successfully: 1%
2026-09-03 20:10:42 [INFO] Analysis complete. System Status: OK
2026-09-03 20:10:45 [INFO] Snapshot 1 taken. Total1: 6238249, Idle1: 5985407
2026-09-03 20:10:46 [INFO] Snapshot 2 taken. Total2: 6239064, Idle2: 5986219
2026-09-03 20:10:46 [INFO] CPU Usage calculated successfully: 0%
2026-09-03 20:10:46 [INFO] RAM Usage calculated successfully: 6%
2026-09-03 20:10:47 [INFO] Disk Usage calculated successfully: 1%
2026-09-03 20:10:47 [INFO] Analysis complete. System Status: OK
2026-09-03 20:10:50 [INFO] Snapshot 1 taken. Total1: 6241998, Idle1: 5989059
2026-09-03 20:10:51 [INFO] Snapshot 2 taken. Total2: 6242838, Idle2: 5989894
2026-09-03 20:10:51 [INFO] CPU Usage calculated successfully: 0%
2026-09-03 20:10:51 [INFO] RAM Usage calculated successfully: 6%
2026-09-03 20:10:51 [INFO] Disk Usage calculated successfully: 1%
2026-09-03 20:10:51 [INFO] Analysis complete. System Status: OK
